"Molecule ChEMBL ID";"Molecule Name";"Molecule Max Phase";"Molecular Weight";"#RO5 Violations";"AlogP";"Compound Key";"Smiles";"Standard Type";"Standard Relation";"Standard Value";"Standard Units";"pChEMBL Value";"Data Validity Comment";"Comment";"Uo Units";"Ligand Efficiency BEI";"Ligand Efficiency LE";"Ligand Efficiency LLE";"Ligand Efficiency SEI";"Potential Duplicate";"Assay ChEMBL ID";"Assay Description";"Assay Type";"BAO Format ID";"BAO Label";"Assay Organism";"Assay Tissue ChEMBL ID";"Assay Tissue Name";"Assay Cell Type";"Assay Subcellular Fraction";"Assay Parameters";"Assay Variant Accession";"Assay Variant Mutation";"Target ChEMBL ID";"Target Name";"Target Organism";"Target Type";"Document ChEMBL ID";"Source ID";"Source Description";"Document Journal";"Document Year";"Cell ChEMBL ID";"Properties";"Action Type";"Standard Text Value"
"CHEMBL1236677";"";"None";"504.38";"2";"6.08";"VNI";"O=C(N[C@@H](Cn1ccnc1)c1ccc(Cl)cc1Cl)c1ccc(-c2nnc(-c3ccccc3)o2)cc1";"Kd";"'='";"2.0";"nM";"8.70";"";"";"UO_0000065";"17.25";"0.34";"2.62";"10.13";"0";"CHEMBL4261101";"Binding affinity to Leishmania infantum CYP51 expressed in Escherichia coli";"B";"BAO_0000019";"assay format";"Leishmania infantum";"None";"None";"None";"None";"";"";"";"CHEMBL4295531";"Putative lanosterol 14-alpha-demethylase";"Leishmania infantum";"SINGLE PROTEIN";"CHEMBL4257584";"1";"Scientific Literature";"J Med Chem";"2018";"None";"";"";""
"CHEMBL3629567";"";"None";"547.57";"2";"6.72";"VFV";"O=C(N[C@@H](Cn1ccnc1)c1ccc(-c2ccc(F)cc2)cc1F)c1ccc(-c2nnc(-c3ccccc3)o2)cc1";"Kd";"'='";"8.4";"nM";"8.08";"";"";"UO_0000065";"14.75";"0.27";"1.36";"9.41";"0";"CHEMBL4261101";"Binding affinity to Leishmania infantum CYP51 expressed in Escherichia coli";"B";"BAO_0000019";"assay format";"Leishmania infantum";"None";"None";"None";"None";"";"";"";"CHEMBL4295531";"Putative lanosterol 14-alpha-demethylase";"Leishmania infantum";"SINGLE PROTEIN";"CHEMBL4257584";"1";"Scientific Literature";"J Med Chem";"2018";"None";"";"";""
"CHEMBL4290914";"";"None";"565.01";"2";"6.63";"1";"O=C(N[C@@H](Cn1ccnc1)c1cnc(-c2ccc(F)cc2)cc1Cl)c1ccc(-c2nnc(-c3ccccc3)o2)cc1";"Inhibition";"";"";"%";"";"";"Active";"UO_0000187";"";"";"";"";"0";"CHEMBL4261099";"Inhibition of Leishmania infantum CYP51 expressed in Escherichia coli using [3-3H]-obtusifoliol as substrate after 60 mins by LC-MS analysis";"B";"BAO_0000019";"assay format";"Leishmania infantum";"None";"None";"None";"None";"";"";"";"CHEMBL4295531";"Putative lanosterol 14-alpha-demethylase";"Leishmania infantum";"SINGLE PROTEIN";"CHEMBL4257584";"1";"Scientific Literature";"J Med Chem";"2018";"None";"";"";""
"CHEMBL4276822";"";"None";"565.56";"2";"6.86";"7";"O=C(N[C@@H](Cn1ccnc1)c1c(F)cc(-c2ccc(F)cc2)cc1F)c1ccc(-c2nnc(-c3ccccc3)o2)cc1";"Kd";"'='";"24.0";"nM";"7.62";"";"";"UO_0000065";"13.47";"0.25";"0.76";"8.88";"0";"CHEMBL4261101";"Binding affinity to Leishmania infantum CYP51 expressed in Escherichia coli";"B";"BAO_0000019";"assay format";"Leishmania infantum";"None";"None";"None";"None";"";"";"";"CHEMBL4295531";"Putative lanosterol 14-alpha-demethylase";"Leishmania infantum";"SINGLE PROTEIN";"CHEMBL4257584";"1";"Scientific Literature";"J Med Chem";"2018";"None";"";"";""
"CHEMBL4129161";"";"None";"540.36";"2";"6.36";"9";"O=C(N[C@@H](Cn1ccnc1)c1ccc(Cl)cc1Cl)c1ccc(-c2nnc(-c3ccc(F)c(F)c3)o2)cc1";"Inhibition";"";"";"%";"";"";"Active";"UO_0000187";"";"";"";"";"0";"CHEMBL4261099";"Inhibition of Leishmania infantum CYP51 expressed in Escherichia coli using [3-3H]-obtusifoliol as substrate after 60 mins by LC-MS analysis";"B";"BAO_0000019";"assay format";"Leishmania infantum";"None";"None";"None";"None";"";"";"";"CHEMBL4295531";"Putative lanosterol 14-alpha-demethylase";"Leishmania infantum";"SINGLE PROTEIN";"CHEMBL4257584";"1";"Scientific Literature";"J Med Chem";"2018";"None";"";"";""
"CHEMBL4128885";"";"None";"620.39";"2";"7.16";"8";"O=C(N[C@@H](Cn1ccnc1)c1ccc(Cl)cc1Cl)c1ccc(-c2nnc(-c3ccc(OCC(F)(F)F)cc3F)o2)cc1";"Inhibition";"";"";"%";"";"";"Active";"UO_0000187";"";"";"";"";"0";"CHEMBL4261099";"Inhibition of Leishmania infantum CYP51 expressed in Escherichia coli using [3-3H]-obtusifoliol as substrate after 60 mins by LC-MS analysis";"B";"BAO_0000019";"assay format";"Leishmania infantum";"None";"None";"None";"None";"";"";"";"CHEMBL4295531";"Putative lanosterol 14-alpha-demethylase";"Leishmania infantum";"SINGLE PROTEIN";"CHEMBL4257584";"1";"Scientific Literature";"J Med Chem";"2018";"None";"";"";""
"CHEMBL4281347";"";"None";"624.12";"2";"6.50";"6";"CS(=O)(=O)c1ccc(-c2ccc([C@H](Cn3ccnc3)NC(=O)c3ccc(-c4nnc(-c5ccccc5)o4)cc3)c(Cl)c2)cc1";"Inhibition";"";"";"%";"";"";"Not Active";"UO_0000187";"";"";"";"";"0";"CHEMBL4261099";"Inhibition of Leishmania infantum CYP51 expressed in Escherichia coli using [3-3H]-obtusifoliol as substrate after 60 mins by LC-MS analysis";"B";"BAO_0000019";"assay format";"Leishmania infantum";"None";"None";"None";"None";"";"";"";"CHEMBL4295531";"Putative lanosterol 14-alpha-demethylase";"Leishmania infantum";"SINGLE PROTEIN";"CHEMBL4257584";"1";"Scientific Literature";"J Med Chem";"2018";"None";"";"";""
"CHEMBL4276822";"";"None";"565.56";"2";"6.86";"7";"O=C(N[C@@H](Cn1ccnc1)c1c(F)cc(-c2ccc(F)cc2)cc1F)c1ccc(-c2nnc(-c3ccccc3)o2)cc1";"Inhibition";"";"";"%";"";"";"Active";"UO_0000187";"";"";"";"";"0";"CHEMBL4261099";"Inhibition of Leishmania infantum CYP51 expressed in Escherichia coli using [3-3H]-obtusifoliol as substrate after 60 mins by LC-MS analysis";"B";"BAO_0000019";"assay format";"Leishmania infantum";"None";"None";"None";"None";"";"";"";"CHEMBL4295531";"Putative lanosterol 14-alpha-demethylase";"Leishmania infantum";"SINGLE PROTEIN";"CHEMBL4257584";"1";"Scientific Literature";"J Med Chem";"2018";"None";"";"";""
"CHEMBL4129161";"";"None";"540.36";"2";"6.36";"9";"O=C(N[C@@H](Cn1ccnc1)c1ccc(Cl)cc1Cl)c1ccc(-c2nnc(-c3ccc(F)c(F)c3)o2)cc1";"Kd";"'='";"1.7";"nM";"8.77";"";"";"UO_0000065";"16.23";"0.32";"2.41";"10.22";"0";"CHEMBL4261101";"Binding affinity to Leishmania infantum CYP51 expressed in Escherichia coli";"B";"BAO_0000019";"assay format";"Leishmania infantum";"None";"None";"None";"None";"";"";"";"CHEMBL4295531";"Putative lanosterol 14-alpha-demethylase";"Leishmania infantum";"SINGLE PROTEIN";"CHEMBL4257584";"1";"Scientific Literature";"J Med Chem";"2018";"None";"";"";""
