"Molecule ChEMBL ID";"Molecule Name";"Molecule Max Phase";"Molecular Weight";"#RO5 Violations";"AlogP";"Compound Key";"Smiles";"Standard Type";"Standard Relation";"Standard Value";"Standard Units";"pChEMBL Value";"Data Validity Comment";"Comment";"Uo Units";"Ligand Efficiency BEI";"Ligand Efficiency LE";"Ligand Efficiency LLE";"Ligand Efficiency SEI";"Potential Duplicate";"Assay ChEMBL ID";"Assay Description";"Assay Type";"BAO Format ID";"BAO Label";"Assay Organism";"Assay Tissue ChEMBL ID";"Assay Tissue Name";"Assay Cell Type";"Assay Subcellular Fraction";"Assay Parameters";"Assay Variant Accession";"Assay Variant Mutation";"Target ChEMBL ID";"Target Name";"Target Organism";"Target Type";"Document ChEMBL ID";"Source ID";"Source Description";"Document Journal";"Document Year";"Cell ChEMBL ID";"Properties";"Action Type";"Standard Text Value"
"CHEMBL501162";"";"None";"800.68";"2";"2.62";"4";"CC(=O)OC[C@H]1O[C@@H](Oc2c(-c3ccc(OC(C)=O)c(OC(C)=O)c3)oc3cc(OC(C)=O)cc(OC(C)=O)c3c2=O)[C@H](OC(C)=O)[C@@H](OC(C)=O)[C@H]1OC(C)=O";"Activity";"'='";"55.0";"%";"";"";"";"UO_0000187";"";"";"";"";"0";"CHEMBL1056452";"Antileishmanial activity against Leishmania peruviana infected in BALB/c mouse J774.2 cells assessed as decrease in parasite infection rate measured on day 10 relative to control";"F";"BAO_0000218";"organism-based format";"Leishmania peruviana";"None";"None";"J774.2";"None";"";"";"";"CHEMBL613215";"Leishmania peruviana";"Leishmania peruviana";"ORGANISM";"CHEMBL1153034";"1";"Scientific Literature";"J Nat Prod";"2009";"CHEMBL3307942";"";"";""
"CHEMBL19074";"PENTAACETYLQUERCETIN";"None";"512.42";"2";"3.09";"2a";"CC(=O)Oc1cc(OC(C)=O)c2c(=O)c(OC(C)=O)c(-c3ccc(OC(C)=O)c(OC(C)=O)c3)oc2c1";"Activity";"";"";"";"";"";"Active";"";"";"";"";"";"0";"CHEMBL1056462";"Antileishmanial activity against intracellular Leishmania peruviana amastigotes after 72 hrs by Giemsa staining";"F";"BAO_0000218";"organism-based format";"Leishmania peruviana";"None";"None";"None";"None";"";"";"";"CHEMBL613215";"Leishmania peruviana";"Leishmania peruviana";"ORGANISM";"CHEMBL1153034";"1";"Scientific Literature";"J Nat Prod";"2009";"None";"";"";""
"CHEMBL540456";"";"None";"726.64";"2";"3.11";"3a";"CC(=O)C[C@H]1O[C@@H](Oc2c(-c3ccc(OC(C)=O)cc3)oc3cc(OC(C)=O)cc(OC(C)=O)c3c2=O)[C@H](OC(C)=O)[C@@H](OC(C)=O)[C@H]1OC(C)=O";"Inhibition";"'='";"30.0";"%";"";"";"";"UO_0000187";"";"";"";"";"0";"CHEMBL1056457";"Inhibition of succinate catabolite excretion in Leishmania peruviana promastigotes at IC25 after 96 hrs by NMR spectroscopy";"F";"BAO_0000218";"organism-based format";"Leishmania peruviana";"None";"None";"None";"None";"";"";"";"CHEMBL613215";"Leishmania peruviana";"Leishmania peruviana";"ORGANISM";"CHEMBL1153034";"1";"Scientific Literature";"J Nat Prod";"2009";"None";"";"";""
"CHEMBL501162";"";"None";"800.68";"2";"2.62";"4";"CC(=O)OC[C@H]1O[C@@H](Oc2c(-c3ccc(OC(C)=O)c(OC(C)=O)c3)oc3cc(OC(C)=O)cc(OC(C)=O)c3c2=O)[C@H](OC(C)=O)[C@@H](OC(C)=O)[C@H]1OC(C)=O";"Activity";"";"";"";"";"";"Active";"";"";"";"";"";"0";"CHEMBL1056464";"Increase in L-alanine catabolite excretion in Leishmania peruviana promastigotes at IC25 after 96 hrs by NMR spectroscopy";"F";"BAO_0000218";"organism-based format";"Leishmania peruviana";"None";"None";"None";"None";"";"";"";"CHEMBL613215";"Leishmania peruviana";"Leishmania peruviana";"ORGANISM";"CHEMBL1153034";"1";"Scientific Literature";"J Nat Prod";"2009";"None";"";"";""
"CHEMBL267345";"AMPHOTERICIN B";"4.0";"924.09";"3";"0.71";"Amphotericin B";"C[C@@H]1[C@H](O)[C@@H](C)/C=C/C=C/C=C/C=C/C=C/C=C/C=C/[C@H](O[C@@H]2O[C@H](C)[C@@H](O)[C@H](N)[C@@H]2O)C[C@@H]2O[C@](O)(C[C@@H](O)C[C@@H](O)[C@H](O)CC[C@@H](O)C[C@@H](O)CC(=O)O[C@H]1C)C[C@H](O)[C@H]2C(=O)O";"IC50";"'='";"100.0";"nM";"7.00";"";"";"UO_0000065";"";"";"";"";"0";"CHEMBL1104490";"Antileishmanial activity against Leishmania peruviana MHOM/PE/LCA08 promastigote infected BALB/c mouse macrophages after 48 hrs by Giemsa staining method";"F";"BAO_0000218";"organism-based format";"Leishmania peruviana";"None";"None";"None";"None";"";"";"";"CHEMBL613215";"Leishmania peruviana";"Leishmania peruviana";"ORGANISM";"CHEMBL1156236";"1";"Scientific Literature";"Bioorg Med Chem";"2010";"None";"";"";""
"CHEMBL1090595";"";"None";"342.86";"0";"4.67";"28";"Clc1ccc(/C=N/Nc2ncnc3sc4c(c23)CCCC4)cc1";"IC50";"'>'";"30000.0";"nM";"";"";"";"UO_0000065";"";"";"";"";"0";"CHEMBL1104490";"Antileishmanial activity against Leishmania peruviana MHOM/PE/LCA08 promastigote infected BALB/c mouse macrophages after 48 hrs by Giemsa staining method";"F";"BAO_0000218";"organism-based format";"Leishmania peruviana";"None";"None";"None";"None";"";"";"";"CHEMBL613215";"Leishmania peruviana";"Leishmania peruviana";"ORGANISM";"CHEMBL1156236";"1";"Scientific Literature";"Bioorg Med Chem";"2010";"None";"";"";""
"CHEMBL501162";"";"None";"800.68";"2";"2.62";"4";"CC(=O)OC[C@H]1O[C@@H](Oc2c(-c3ccc(OC(C)=O)c(OC(C)=O)c3)oc3cc(OC(C)=O)cc(OC(C)=O)c3c2=O)[C@H](OC(C)=O)[C@@H](OC(C)=O)[C@H]1OC(C)=O";"IC50";"'='";"7350.0";"nM";"5.13";"";"";"UO_0000065";"";"";"";"";"0";"CHEMBL1060760";"Antileishmanial activity against extracellular Leishmania peruviana promastigotes after 72 hrs";"F";"BAO_0000218";"organism-based format";"Leishmania peruviana";"None";"None";"None";"None";"";"";"";"CHEMBL613215";"Leishmania peruviana";"Leishmania peruviana";"ORGANISM";"CHEMBL1153034";"1";"Scientific Literature";"J Nat Prod";"2009";"None";"";"";""
"CHEMBL589850";"";"None";"260.25";"0";"2.60";"40";"COc1cc(O)cc(O)c1C(=O)/C=C/c1ccco1";"IC50";"'='";"34200.0";"nM";"4.47";"";"";"UO_0000065";"";"";"";"";"0";"CHEMBL1048715";"Antileishmanial activity against Leishmania peruviana MHOM/PE/LCA08 promastigotes infected in mouse macrophage by MTT assay";"F";"BAO_0000218";"organism-based format";"Leishmania peruviana";"None";"None";"None";"None";"";"";"";"CHEMBL613215";"Leishmania peruviana";"Leishmania peruviana";"ORGANISM";"CHEMBL1153187";"1";"Scientific Literature";"Bioorg Med Chem Lett";"2010";"None";"";"";""
"CHEMBL540456";"";"None";"726.64";"2";"3.11";"3a";"CC(=O)C[C@H]1O[C@@H](Oc2c(-c3ccc(OC(C)=O)cc3)oc3cc(OC(C)=O)cc(OC(C)=O)c3c2=O)[C@H](OC(C)=O)[C@@H](OC(C)=O)[C@H]1OC(C)=O";"Activity";"'='";"59.0";"%";"";"";"";"UO_0000187";"";"";"";"";"0";"CHEMBL1056452";"Antileishmanial activity against Leishmania peruviana infected in BALB/c mouse J774.2 cells assessed as decrease in parasite infection rate measured on day 10 relative to control";"F";"BAO_0000218";"organism-based format";"Leishmania peruviana";"None";"None";"J774.2";"None";"";"";"";"CHEMBL613215";"Leishmania peruviana";"Leishmania peruviana";"ORGANISM";"CHEMBL1153034";"1";"Scientific Literature";"J Nat Prod";"2009";"CHEMBL3307942";"";"";""
"CHEMBL594360";"";"None";"388.42";"0";"3.47";"43";"COCc1cc(O)c(C(=O)/C=C/c2cc(OC)c(OC)c(OC)c2)c(OC)c1";"IC50";"'='";"19300.0";"nM";"4.71";"";"";"UO_0000065";"";"";"";"";"0";"CHEMBL1048715";"Antileishmanial activity against Leishmania peruviana MHOM/PE/LCA08 promastigotes infected in mouse macrophage by MTT assay";"F";"BAO_0000218";"organism-based format";"Leishmania peruviana";"None";"None";"None";"None";"";"";"";"CHEMBL613215";"Leishmania peruviana";"Leishmania peruviana";"ORGANISM";"CHEMBL1153187";"1";"Scientific Literature";"Bioorg Med Chem Lett";"2010";"None";"";"";""
"CHEMBL494264";"";"None";"300.31";"0";"3.01";"26";"COc1ccc(/C=C/C(=O)c2c(O)cc(O)cc2OC)cc1";"IC50";"'='";"23000.0";"nM";"4.64";"";"";"UO_0000065";"";"";"";"";"0";"CHEMBL1048715";"Antileishmanial activity against Leishmania peruviana MHOM/PE/LCA08 promastigotes infected in mouse macrophage by MTT assay";"F";"BAO_0000218";"organism-based format";"Leishmania peruviana";"None";"None";"None";"None";"";"";"";"CHEMBL613215";"Leishmania peruviana";"Leishmania peruviana";"ORGANISM";"CHEMBL1153187";"1";"Scientific Literature";"Bioorg Med Chem Lett";"2010";"None";"";"";""
"CHEMBL267345";"AMPHOTERICIN B";"4.0";"924.09";"3";"0.71";"Amphotericin B";"C[C@@H]1[C@H](O)[C@@H](C)/C=C/C=C/C=C/C=C/C=C/C=C/C=C/[C@H](O[C@@H]2O[C@H](C)[C@@H](O)[C@H](N)[C@@H]2O)C[C@@H]2O[C@](O)(C[C@@H](O)C[C@@H](O)[C@H](O)CC[C@@H](O)C[C@@H](O)CC(=O)O[C@H]1C)C[C@H](O)[C@H]2C(=O)O";"IC50";"'='";"100.0";"nM";"7.00";"";"";"UO_0000065";"";"";"";"";"0";"CHEMBL1048715";"Antileishmanial activity against Leishmania peruviana MHOM/PE/LCA08 promastigotes infected in mouse macrophage by MTT assay";"F";"BAO_0000218";"organism-based format";"Leishmania peruviana";"None";"None";"None";"None";"";"";"";"CHEMBL613215";"Leishmania peruviana";"Leishmania peruviana";"ORGANISM";"CHEMBL1153187";"1";"Scientific Literature";"Bioorg Med Chem Lett";"2010";"None";"";"";""
"CHEMBL1093995";"";"None";"336.46";"0";"4.58";"6";"CCc1ccc(/C=N/Nc2ncnc3sc4c(c23)CCCC4)cc1";"IC50";"'='";"9500.0";"nM";"5.02";"";"";"UO_0000065";"";"";"";"";"0";"CHEMBL1104490";"Antileishmanial activity against Leishmania peruviana MHOM/PE/LCA08 promastigote infected BALB/c mouse macrophages after 48 hrs by Giemsa staining method";"F";"BAO_0000218";"organism-based format";"Leishmania peruviana";"None";"None";"None";"None";"";"";"";"CHEMBL613215";"Leishmania peruviana";"Leishmania peruviana";"ORGANISM";"CHEMBL1156236";"1";"Scientific Literature";"Bioorg Med Chem";"2010";"None";"";"";""
"CHEMBL1090250";"";"None";"309.40";"0";"3.41";"21";"C(=N/Nc1ncnc2sc3c(c12)CCCC3)\c1ccccn1";"IC50";"'='";"700.0";"nM";"6.16";"";"";"UO_0000065";"";"";"";"";"0";"CHEMBL1104490";"Antileishmanial activity against Leishmania peruviana MHOM/PE/LCA08 promastigote infected BALB/c mouse macrophages after 48 hrs by Giemsa staining method";"F";"BAO_0000218";"organism-based format";"Leishmania peruviana";"None";"None";"None";"None";"";"";"";"CHEMBL613215";"Leishmania peruviana";"Leishmania peruviana";"ORGANISM";"CHEMBL1156236";"1";"Scientific Literature";"Bioorg Med Chem";"2010";"None";"";"";""
"CHEMBL1090597";"";"None";"387.31";"0";"4.78";"30";"Brc1ccc(/C=N/Nc2ncnc3sc4c(c23)CCCC4)cc1";"IC50";"'>'";"2000.0";"nM";"";"";"";"UO_0000065";"";"";"";"";"0";"CHEMBL1104490";"Antileishmanial activity against Leishmania peruviana MHOM/PE/LCA08 promastigote infected BALB/c mouse macrophages after 48 hrs by Giemsa staining method";"F";"BAO_0000218";"organism-based format";"Leishmania peruviana";"None";"None";"None";"None";"";"";"";"CHEMBL613215";"Leishmania peruviana";"Leishmania peruviana";"ORGANISM";"CHEMBL1156236";"1";"Scientific Literature";"Bioorg Med Chem";"2010";"None";"";"";""
"CHEMBL589851";"";"None";"370.40";"0";"3.61";"42";"COCc1cc(COC)c(C(=O)/C=C/c2ccc3c(c2)OCO3)c(OC)c1";"IC50";"'='";"34800.0";"nM";"4.46";"";"";"UO_0000065";"";"";"";"";"0";"CHEMBL1048715";"Antileishmanial activity against Leishmania peruviana MHOM/PE/LCA08 promastigotes infected in mouse macrophage by MTT assay";"F";"BAO_0000218";"organism-based format";"Leishmania peruviana";"None";"None";"None";"None";"";"";"";"CHEMBL613215";"Leishmania peruviana";"Leishmania peruviana";"ORGANISM";"CHEMBL1153187";"1";"Scientific Literature";"Bioorg Med Chem Lett";"2010";"None";"";"";""
"CHEMBL601679";"";"None";"330.34";"0";"3.02";"31";"COc1ccc(/C=C/C(=O)c2c(O)cc(O)cc2OC)c(OC)c1";"IC50";"'='";"290200.0";"nM";"";"Outside typical range";"";"UO_0000065";"";"";"";"";"0";"CHEMBL1048715";"Antileishmanial activity against Leishmania peruviana MHOM/PE/LCA08 promastigotes infected in mouse macrophage by MTT assay";"F";"BAO_0000218";"organism-based format";"Leishmania peruviana";"None";"None";"None";"None";"";"";"";"CHEMBL613215";"Leishmania peruviana";"Leishmania peruviana";"ORGANISM";"CHEMBL1153187";"1";"Scientific Literature";"Bioorg Med Chem Lett";"2010";"None";"";"";""
"CHEMBL456975";"ESPINTANOL";"None";"210.27";"0";"2.84";"3a, espintanol";"COc1cc(C)c(O)c(OC)c1C(C)C";"IC90";"'='";"25.0";"ug";"";"";"";"UO_0000023";"";"";"";"";"0";"CHEMBL1016633";"Antileishmanial activity against Leishmania (Viannia) peruviana PERU after 48 hrs";"F";"BAO_0000218";"organism-based format";"Leishmania peruviana";"None";"None";"None";"None";"";"";"";"CHEMBL613215";"Leishmania peruviana";"Leishmania peruviana";"ORGANISM";"CHEMBL1158948";"1";"Scientific Literature";"J Nat Prod";"1991";"None";"";"";""
"CHEMBL19074";"PENTAACETYLQUERCETIN";"None";"512.42";"2";"3.09";"2a";"CC(=O)Oc1cc(OC(C)=O)c2c(=O)c(OC(C)=O)c(-c3ccc(OC(C)=O)c(OC(C)=O)c3)oc2c1";"Inhibition";"'='";"30.0";"%";"";"";"";"UO_0000187";"";"";"";"";"0";"CHEMBL1056457";"Inhibition of succinate catabolite excretion in Leishmania peruviana promastigotes at IC25 after 96 hrs by NMR spectroscopy";"F";"BAO_0000218";"organism-based format";"Leishmania peruviana";"None";"None";"None";"None";"";"";"";"CHEMBL613215";"Leishmania peruviana";"Leishmania peruviana";"ORGANISM";"CHEMBL1153034";"1";"Scientific Literature";"J Nat Prod";"2009";"None";"";"";""
"CHEMBL501162";"";"None";"800.68";"2";"2.62";"4";"CC(=O)OC[C@H]1O[C@@H](Oc2c(-c3ccc(OC(C)=O)c(OC(C)=O)c3)oc3cc(OC(C)=O)cc(OC(C)=O)c3c2=O)[C@H](OC(C)=O)[C@@H](OC(C)=O)[C@H]1OC(C)=O";"Inhibition";"'='";"30.0";"%";"";"";"";"UO_0000187";"";"";"";"";"0";"CHEMBL1056457";"Inhibition of succinate catabolite excretion in Leishmania peruviana promastigotes at IC25 after 96 hrs by NMR spectroscopy";"F";"BAO_0000218";"organism-based format";"Leishmania peruviana";"None";"None";"None";"None";"";"";"";"CHEMBL613215";"Leishmania peruviana";"Leishmania peruviana";"ORGANISM";"CHEMBL1153034";"1";"Scientific Literature";"J Nat Prod";"2009";"None";"";"";""
"CHEMBL19074";"PENTAACETYLQUERCETIN";"None";"512.42";"2";"3.09";"2a";"CC(=O)Oc1cc(OC(C)=O)c2c(=O)c(OC(C)=O)c(-c3ccc(OC(C)=O)c(OC(C)=O)c3)oc2c1";"Activity";"";"";"";"";"";"Active";"";"";"";"";"";"0";"CHEMBL1056466";"Effect on glycerol catabolite excretion in Leishmania peruviana promastigotes at IC25 after 96 hrs by NMR spectroscopy";"F";"BAO_0000218";"organism-based format";"Leishmania peruviana";"None";"None";"None";"None";"";"";"";"CHEMBL613215";"Leishmania peruviana";"Leishmania peruviana";"ORGANISM";"CHEMBL1153034";"1";"Scientific Literature";"J Nat Prod";"2009";"None";"";"";""
"CHEMBL501162";"";"None";"800.68";"2";"2.62";"4";"CC(=O)OC[C@H]1O[C@@H](Oc2c(-c3ccc(OC(C)=O)c(OC(C)=O)c3)oc3cc(OC(C)=O)cc(OC(C)=O)c3c2=O)[C@H](OC(C)=O)[C@@H](OC(C)=O)[C@H]1OC(C)=O";"Activity";"";"";"";"";"";"Active";"";"";"";"";"";"0";"CHEMBL1056466";"Effect on glycerol catabolite excretion in Leishmania peruviana promastigotes at IC25 after 96 hrs by NMR spectroscopy";"F";"BAO_0000218";"organism-based format";"Leishmania peruviana";"None";"None";"None";"None";"";"";"";"CHEMBL613215";"Leishmania peruviana";"Leishmania peruviana";"ORGANISM";"CHEMBL1153034";"1";"Scientific Literature";"J Nat Prod";"2009";"None";"";"";""
"CHEMBL540456";"";"None";"726.64";"2";"3.11";"3a";"CC(=O)C[C@H]1O[C@@H](Oc2c(-c3ccc(OC(C)=O)cc3)oc3cc(OC(C)=O)cc(OC(C)=O)c3c2=O)[C@H](OC(C)=O)[C@@H](OC(C)=O)[C@H]1OC(C)=O";"Activity";"";"";"";"";"";"Active";"";"";"";"";"";"0";"CHEMBL1056459";"Antileishmanial activity against Leishmania peruviana assessed as intense vacuolization in parasite at IC25 after 96 hrs by transmission electron microscopy";"F";"BAO_0000218";"organism-based format";"Leishmania peruviana";"None";"None";"None";"None";"";"";"";"CHEMBL613215";"Leishmania peruviana";"Leishmania peruviana";"ORGANISM";"CHEMBL1153034";"1";"Scientific Literature";"J Nat Prod";"2009";"None";"";"";""
"CHEMBL540456";"";"None";"726.64";"2";"3.11";"3a";"CC(=O)C[C@H]1O[C@@H](Oc2c(-c3ccc(OC(C)=O)cc3)oc3cc(OC(C)=O)cc(OC(C)=O)c3c2=O)[C@H](OC(C)=O)[C@@H](OC(C)=O)[C@H]1OC(C)=O";"Inhibition";"'='";"30.0";"%";"";"";"";"UO_0000187";"";"";"";"";"0";"CHEMBL1056456";"Inhibition of acetate catabolite excretion in Leishmania peruviana promastigotes at IC25 after 96 hrs by NMR spectroscopy";"F";"BAO_0000218";"organism-based format";"Leishmania peruviana";"None";"None";"None";"None";"";"";"";"CHEMBL613215";"Leishmania peruviana";"Leishmania peruviana";"ORGANISM";"CHEMBL1153034";"1";"Scientific Literature";"J Nat Prod";"2009";"None";"";"";""
"CHEMBL19074";"PENTAACETYLQUERCETIN";"None";"512.42";"2";"3.09";"2a";"CC(=O)Oc1cc(OC(C)=O)c2c(=O)c(OC(C)=O)c(-c3ccc(OC(C)=O)c(OC(C)=O)c3)oc2c1";"Activity";"";"";"";"";"";"Active";"";"";"";"";"";"0";"CHEMBL1056474";"Antileishmanial activity against Leishmania peruviana assessed as abundance of morphologically altered glycosomes at IC25 after 96 hrs by transmission electron microscopy";"F";"BAO_0000218";"organism-based format";"Leishmania peruviana";"None";"None";"None";"None";"";"";"";"CHEMBL613215";"Leishmania peruviana";"Leishmania peruviana";"ORGANISM";"CHEMBL1153034";"1";"Scientific Literature";"J Nat Prod";"2009";"None";"";"";""
"CHEMBL589848";"";"None";"461.31";"0";"4.89";"38";"C=CCOc1cc(/C=C/C(=O)c2c(O)cc(O)cc2OC)cc(OCC=C)c1Br";"IC50";"";"";"";"";"";"Not Determined";"";"";"";"";"";"0";"CHEMBL1048715";"Antileishmanial activity against Leishmania peruviana MHOM/PE/LCA08 promastigotes infected in mouse macrophage by MTT assay";"F";"BAO_0000218";"organism-based format";"Leishmania peruviana";"None";"None";"None";"None";"";"";"";"CHEMBL613215";"Leishmania peruviana";"Leishmania peruviana";"ORGANISM";"CHEMBL1153187";"1";"Scientific Literature";"Bioorg Med Chem Lett";"2010";"None";"";"";""
"CHEMBL492414";"";"None";"351.40";"0";"4.12";"21";"C=CCOc1cc(OC)c(C(=O)/C=C/c2ccccn2)c(OCC=C)c1";"IC50";"'='";"4000.0";"nM";"5.40";"";"";"UO_0000065";"";"";"";"";"0";"CHEMBL1048715";"Antileishmanial activity against Leishmania peruviana MHOM/PE/LCA08 promastigotes infected in mouse macrophage by MTT assay";"F";"BAO_0000218";"organism-based format";"Leishmania peruviana";"None";"None";"None";"None";"";"";"";"CHEMBL613215";"Leishmania peruviana";"Leishmania peruviana";"ORGANISM";"CHEMBL1153187";"1";"Scientific Literature";"Bioorg Med Chem Lett";"2010";"None";"";"";""
"CHEMBL239129";"MEGLUMINE ANTIMONATE";"3.0";"365.98";"None";"None";"glucatim";"";"IC50";"'='";"15330.0";"nM";"4.81";"";"";"UO_0000065";"";"";"";"";"0";"CHEMBL1060760";"Antileishmanial activity against extracellular Leishmania peruviana promastigotes after 72 hrs";"F";"BAO_0000218";"organism-based format";"Leishmania peruviana";"None";"None";"None";"None";"";"";"";"CHEMBL613215";"Leishmania peruviana";"Leishmania peruviana";"ORGANISM";"CHEMBL1153034";"1";"Scientific Literature";"J Nat Prod";"2009";"None";"";"";""
"CHEMBL501162";"";"None";"800.68";"2";"2.62";"4";"CC(=O)OC[C@H]1O[C@@H](Oc2c(-c3ccc(OC(C)=O)c(OC(C)=O)c3)oc3cc(OC(C)=O)cc(OC(C)=O)c3c2=O)[C@H](OC(C)=O)[C@@H](OC(C)=O)[C@H]1OC(C)=O";"Activity";"'='";"72.0";"%";"";"";"";"UO_0000187";"";"";"";"";"0";"CHEMBL1056454";"Antileishmanial activity against Leishmania peruviana in BALB/c mouse J774.2 cells assessed as reduction of morphological conversion to parasite amastigote number per cell measured on day 10 by Giemsa staining relative to control";"F";"BAO_0000218";"organism-based format";"Leishmania peruviana";"None";"None";"J774.2";"None";"";"";"";"CHEMBL613215";"Leishmania peruviana";"Leishmania peruviana";"ORGANISM";"CHEMBL1153034";"1";"Scientific Literature";"J Nat Prod";"2009";"CHEMBL3307942";"";"";""
"CHEMBL540456";"";"None";"726.64";"2";"3.11";"3a";"CC(=O)C[C@H]1O[C@@H](Oc2c(-c3ccc(OC(C)=O)cc3)oc3cc(OC(C)=O)cc(OC(C)=O)c3c2=O)[C@H](OC(C)=O)[C@@H](OC(C)=O)[C@H]1OC(C)=O";"Activity";"";"";"";"";"";"Active";"";"";"";"";"";"0";"CHEMBL1056465";"Effect on pyruvate catabolite excretion in Leishmania peruviana promastigotes at IC25 after 96 hrs by NMR spectroscopy";"F";"BAO_0000218";"organism-based format";"Leishmania peruviana";"None";"None";"None";"None";"";"";"";"CHEMBL613215";"Leishmania peruviana";"Leishmania peruviana";"ORGANISM";"CHEMBL1153034";"1";"Scientific Literature";"J Nat Prod";"2009";"None";"";"";""
"CHEMBL55";"PENTAMIDINE";"4.0";"340.43";"0";"2.88";"pentamidine";"N=C(N)c1ccc(OCCCCCOc2ccc(C(=N)N)cc2)cc1";"IC90";"'='";"5.0";"ug";"";"";"";"UO_0000023";"";"";"";"";"0";"CHEMBL1016633";"Antileishmanial activity against Leishmania (Viannia) peruviana PERU after 48 hrs";"F";"BAO_0000218";"organism-based format";"Leishmania peruviana";"None";"None";"None";"None";"";"";"";"CHEMBL613215";"Leishmania peruviana";"Leishmania peruviana";"ORGANISM";"CHEMBL1158948";"1";"Scientific Literature";"J Nat Prod";"1991";"None";"";"";""
"CHEMBL521680";"";"None";"314.29";"0";"2.73";"30";"COc1cc(O)cc(O)c1C(=O)/C=C/c1ccc2c(c1)OCO2";"IC50";"'='";"19700.0";"nM";"4.71";"";"";"UO_0000065";"";"";"";"";"0";"CHEMBL1048715";"Antileishmanial activity against Leishmania peruviana MHOM/PE/LCA08 promastigotes infected in mouse macrophage by MTT assay";"F";"BAO_0000218";"organism-based format";"Leishmania peruviana";"None";"None";"None";"None";"";"";"";"CHEMBL613215";"Leishmania peruviana";"Leishmania peruviana";"ORGANISM";"CHEMBL1153187";"1";"Scientific Literature";"Bioorg Med Chem Lett";"2010";"None";"";"";""
"CHEMBL19074";"PENTAACETYLQUERCETIN";"None";"512.42";"2";"3.09";"2a";"CC(=O)Oc1cc(OC(C)=O)c2c(=O)c(OC(C)=O)c(-c3ccc(OC(C)=O)c(OC(C)=O)c3)oc2c1";"Activity";"'='";"40.0";"%";"";"";"";"UO_0000187";"";"";"";"";"0";"CHEMBL1056452";"Antileishmanial activity against Leishmania peruviana infected in BALB/c mouse J774.2 cells assessed as decrease in parasite infection rate measured on day 10 relative to control";"F";"BAO_0000218";"organism-based format";"Leishmania peruviana";"None";"None";"J774.2";"None";"";"";"";"CHEMBL613215";"Leishmania peruviana";"Leishmania peruviana";"ORGANISM";"CHEMBL1153034";"1";"Scientific Literature";"J Nat Prod";"2009";"CHEMBL3307942";"";"";""
"CHEMBL540456";"";"None";"726.64";"2";"3.11";"3a";"CC(=O)C[C@H]1O[C@@H](Oc2c(-c3ccc(OC(C)=O)cc3)oc3cc(OC(C)=O)cc(OC(C)=O)c3c2=O)[C@H](OC(C)=O)[C@@H](OC(C)=O)[C@H]1OC(C)=O";"Activity";"";"";"";"";"";"Active";"";"";"";"";"";"0";"CHEMBL1056466";"Effect on glycerol catabolite excretion in Leishmania peruviana promastigotes at IC25 after 96 hrs by NMR spectroscopy";"F";"BAO_0000218";"organism-based format";"Leishmania peruviana";"None";"None";"None";"None";"";"";"";"CHEMBL613215";"Leishmania peruviana";"Leishmania peruviana";"ORGANISM";"CHEMBL1153034";"1";"Scientific Literature";"J Nat Prod";"2009";"None";"";"";""
"CHEMBL239129";"MEGLUMINE ANTIMONATE";"3.0";"365.98";"None";"None";"glucantime";"";"IC90";"'>'";"100.0";"ug";"";"";"";"UO_0000023";"";"";"";"";"0";"CHEMBL1016633";"Antileishmanial activity against Leishmania (Viannia) peruviana PERU after 48 hrs";"F";"BAO_0000218";"organism-based format";"Leishmania peruviana";"None";"None";"None";"None";"";"";"";"CHEMBL613215";"Leishmania peruviana";"Leishmania peruviana";"ORGANISM";"CHEMBL1158948";"1";"Scientific Literature";"J Nat Prod";"1991";"None";"";"";""
"CHEMBL501162";"";"None";"800.68";"2";"2.62";"4";"CC(=O)OC[C@H]1O[C@@H](Oc2c(-c3ccc(OC(C)=O)c(OC(C)=O)c3)oc3cc(OC(C)=O)cc(OC(C)=O)c3c2=O)[C@H](OC(C)=O)[C@@H](OC(C)=O)[C@H]1OC(C)=O";"Activity";"";"";"";"";"";"Active";"";"";"";"";"";"0";"CHEMBL1056465";"Effect on pyruvate catabolite excretion in Leishmania peruviana promastigotes at IC25 after 96 hrs by NMR spectroscopy";"F";"BAO_0000218";"organism-based format";"Leishmania peruviana";"None";"None";"None";"None";"";"";"";"CHEMBL613215";"Leishmania peruviana";"Leishmania peruviana";"ORGANISM";"CHEMBL1153034";"1";"Scientific Literature";"J Nat Prod";"2009";"None";"";"";""
"CHEMBL19074";"PENTAACETYLQUERCETIN";"None";"512.42";"2";"3.09";"2a";"CC(=O)Oc1cc(OC(C)=O)c2c(=O)c(OC(C)=O)c(-c3ccc(OC(C)=O)c(OC(C)=O)c3)oc2c1";"Activity";"";"";"";"";"";"Active";"";"";"";"";"";"0";"CHEMBL1056473";"Antileishmanial activity against Leishmania peruviana assessed as disruption of parasite cytoplasm at IC25 after 96 hrs by transmission electron microscopy";"F";"BAO_0000218";"organism-based format";"Leishmania peruviana";"None";"None";"None";"None";"";"";"";"CHEMBL613215";"Leishmania peruviana";"Leishmania peruviana";"ORGANISM";"CHEMBL1153034";"1";"Scientific Literature";"J Nat Prod";"2009";"None";"";"";""
"CHEMBL540456";"";"None";"726.64";"2";"3.11";"3a";"CC(=O)C[C@H]1O[C@@H](Oc2c(-c3ccc(OC(C)=O)cc3)oc3cc(OC(C)=O)cc(OC(C)=O)c3c2=O)[C@H](OC(C)=O)[C@@H](OC(C)=O)[C@H]1OC(C)=O";"IC50";"'='";"10530.0";"nM";"4.98";"";"";"UO_0000065";"";"";"";"";"0";"CHEMBL1060760";"Antileishmanial activity against extracellular Leishmania peruviana promastigotes after 72 hrs";"F";"BAO_0000218";"organism-based format";"Leishmania peruviana";"None";"None";"None";"None";"";"";"";"CHEMBL613215";"Leishmania peruviana";"Leishmania peruviana";"ORGANISM";"CHEMBL1153034";"1";"Scientific Literature";"J Nat Prod";"2009";"None";"";"";""
"CHEMBL50";"QUERCETIN";"3.0";"302.24";"0";"1.99";"SID26752086";"O=c1c(O)c(-c2ccc(O)c(O)c2)oc2cc(O)cc(O)c12";"IC50";"'='";"60040.0";"nM";"4.22";"";"";"UO_0000065";"";"";"";"";"0";"CHEMBL1060760";"Antileishmanial activity against extracellular Leishmania peruviana promastigotes after 72 hrs";"F";"BAO_0000218";"organism-based format";"Leishmania peruviana";"None";"None";"None";"None";"";"";"";"CHEMBL613215";"Leishmania peruviana";"Leishmania peruviana";"ORGANISM";"CHEMBL1153034";"1";"Scientific Literature";"J Nat Prod";"2009";"None";"";"";""
"CHEMBL540456";"";"None";"726.64";"2";"3.11";"3a";"CC(=O)C[C@H]1O[C@@H](Oc2c(-c3ccc(OC(C)=O)cc3)oc3cc(OC(C)=O)cc(OC(C)=O)c3c2=O)[C@H](OC(C)=O)[C@@H](OC(C)=O)[C@H]1OC(C)=O";"Activity";"";"";"";"";"";"Active";"";"";"";"";"";"0";"CHEMBL1056462";"Antileishmanial activity against intracellular Leishmania peruviana amastigotes after 72 hrs by Giemsa staining";"F";"BAO_0000218";"organism-based format";"Leishmania peruviana";"None";"None";"None";"None";"";"";"";"CHEMBL613215";"Leishmania peruviana";"Leishmania peruviana";"ORGANISM";"CHEMBL1153034";"1";"Scientific Literature";"J Nat Prod";"2009";"None";"";"";""
"CHEMBL559041";"";"None";"506.42";"3";"0.03";"5";"CC(=O)OC[C@H]1O[C@@H](Oc2c(-c3ccc(O)c(O)c3)oc3cc(O)cc(O)c3c2=O)[C@H](O)[C@@H](O)[C@H]1O";"IC50";"'='";"86950.0";"nM";"4.06";"";"";"UO_0000065";"";"";"";"";"0";"CHEMBL1060760";"Antileishmanial activity against extracellular Leishmania peruviana promastigotes after 72 hrs";"F";"BAO_0000218";"organism-based format";"Leishmania peruviana";"None";"None";"None";"None";"";"";"";"CHEMBL613215";"Leishmania peruviana";"Leishmania peruviana";"ORGANISM";"CHEMBL1153034";"1";"Scientific Literature";"J Nat Prod";"2009";"None";"";"";""
"CHEMBL19074";"PENTAACETYLQUERCETIN";"None";"512.42";"2";"3.09";"2a";"CC(=O)Oc1cc(OC(C)=O)c2c(=O)c(OC(C)=O)c(-c3ccc(OC(C)=O)c(OC(C)=O)c3)oc2c1";"Inhibition";"'='";"30.0";"%";"";"";"";"UO_0000187";"";"";"";"";"0";"CHEMBL1056456";"Inhibition of acetate catabolite excretion in Leishmania peruviana promastigotes at IC25 after 96 hrs by NMR spectroscopy";"F";"BAO_0000218";"organism-based format";"Leishmania peruviana";"None";"None";"None";"None";"";"";"";"CHEMBL613215";"Leishmania peruviana";"Leishmania peruviana";"ORGANISM";"CHEMBL1153034";"1";"Scientific Literature";"J Nat Prod";"2009";"None";"";"";""
"CHEMBL19074";"PENTAACETYLQUERCETIN";"None";"512.42";"2";"3.09";"2a";"CC(=O)Oc1cc(OC(C)=O)c2c(=O)c(OC(C)=O)c(-c3ccc(OC(C)=O)c(OC(C)=O)c3)oc2c1";"Activity";"";"";"";"";"";"Active";"";"";"";"";"";"0";"CHEMBL1056464";"Increase in L-alanine catabolite excretion in Leishmania peruviana promastigotes at IC25 after 96 hrs by NMR spectroscopy";"F";"BAO_0000218";"organism-based format";"Leishmania peruviana";"None";"None";"None";"None";"";"";"";"CHEMBL613215";"Leishmania peruviana";"Leishmania peruviana";"ORGANISM";"CHEMBL1153034";"1";"Scientific Literature";"J Nat Prod";"2009";"None";"";"";""
"CHEMBL601471";"";"None";"356.42";"0";"3.89";"41";"COCc1cc(COC)c(C(=O)/C=C/c2ccc(OC)cc2)c(OC)c1";"IC50";"'='";"110800.0";"nM";"";"Outside typical range";"";"UO_0000065";"";"";"";"";"0";"CHEMBL1048715";"Antileishmanial activity against Leishmania peruviana MHOM/PE/LCA08 promastigotes infected in mouse macrophage by MTT assay";"F";"BAO_0000218";"organism-based format";"Leishmania peruviana";"None";"None";"None";"None";"";"";"";"CHEMBL613215";"Leishmania peruviana";"Leishmania peruviana";"ORGANISM";"CHEMBL1153187";"1";"Scientific Literature";"Bioorg Med Chem Lett";"2010";"None";"";"";""
"CHEMBL19074";"PENTAACETYLQUERCETIN";"None";"512.42";"2";"3.09";"2a";"CC(=O)Oc1cc(OC(C)=O)c2c(=O)c(OC(C)=O)c(-c3ccc(OC(C)=O)c(OC(C)=O)c3)oc2c1";"IC50";"'='";"11180.0";"nM";"4.95";"";"";"UO_0000065";"";"";"";"";"0";"CHEMBL1060760";"Antileishmanial activity against extracellular Leishmania peruviana promastigotes after 72 hrs";"F";"BAO_0000218";"organism-based format";"Leishmania peruviana";"None";"None";"None";"None";"";"";"";"CHEMBL613215";"Leishmania peruviana";"Leishmania peruviana";"ORGANISM";"CHEMBL1153034";"1";"Scientific Literature";"J Nat Prod";"2009";"None";"";"";""
"CHEMBL540456";"";"None";"726.64";"2";"3.11";"3a";"CC(=O)C[C@H]1O[C@@H](Oc2c(-c3ccc(OC(C)=O)cc3)oc3cc(OC(C)=O)cc(OC(C)=O)c3c2=O)[C@H](OC(C)=O)[C@@H](OC(C)=O)[C@H]1OC(C)=O";"Activity";"'='";"72.0";"%";"";"";"";"UO_0000187";"";"";"";"";"0";"CHEMBL1056454";"Antileishmanial activity against Leishmania peruviana in BALB/c mouse J774.2 cells assessed as reduction of morphological conversion to parasite amastigote number per cell measured on day 10 by Giemsa staining relative to control";"F";"BAO_0000218";"organism-based format";"Leishmania peruviana";"None";"None";"J774.2";"None";"";"";"";"CHEMBL613215";"Leishmania peruviana";"Leishmania peruviana";"ORGANISM";"CHEMBL1153034";"1";"Scientific Literature";"J Nat Prod";"2009";"CHEMBL3307942";"";"";""
"CHEMBL19074";"PENTAACETYLQUERCETIN";"None";"512.42";"2";"3.09";"2a";"CC(=O)Oc1cc(OC(C)=O)c2c(=O)c(OC(C)=O)c(-c3ccc(OC(C)=O)c(OC(C)=O)c3)oc2c1";"Activity";"";"";"";"";"";"Active";"";"";"";"";"";"0";"CHEMBL1056458";"Antileishmanial activity against Leishmania peruviana assessed as induction of death of parasite with distortion of parasite body at IC25 after 96 hrs by transmission electron microscopy";"F";"BAO_0000218";"organism-based format";"Leishmania peruviana";"None";"None";"None";"None";"";"";"";"CHEMBL613215";"Leishmania peruviana";"Leishmania peruviana";"ORGANISM";"CHEMBL1153034";"1";"Scientific Literature";"J Nat Prod";"2009";"None";"";"";""
"CHEMBL540456";"";"None";"726.64";"2";"3.11";"3a";"CC(=O)C[C@H]1O[C@@H](Oc2c(-c3ccc(OC(C)=O)cc3)oc3cc(OC(C)=O)cc(OC(C)=O)c3c2=O)[C@H](OC(C)=O)[C@@H](OC(C)=O)[C@H]1OC(C)=O";"Activity";"";"";"";"";"";"Active";"";"";"";"";"";"0";"CHEMBL1056474";"Antileishmanial activity against Leishmania peruviana assessed as abundance of morphologically altered glycosomes at IC25 after 96 hrs by transmission electron microscopy";"F";"BAO_0000218";"organism-based format";"Leishmania peruviana";"None";"None";"None";"None";"";"";"";"CHEMBL613215";"Leishmania peruviana";"Leishmania peruviana";"ORGANISM";"CHEMBL1153034";"1";"Scientific Literature";"J Nat Prod";"2009";"None";"";"";""
"CHEMBL19074";"PENTAACETYLQUERCETIN";"None";"512.42";"2";"3.09";"2a";"CC(=O)Oc1cc(OC(C)=O)c2c(=O)c(OC(C)=O)c(-c3ccc(OC(C)=O)c(OC(C)=O)c3)oc2c1";"Activity";"'='";"72.0";"%";"";"";"";"UO_0000187";"";"";"";"";"0";"CHEMBL1056454";"Antileishmanial activity against Leishmania peruviana in BALB/c mouse J774.2 cells assessed as reduction of morphological conversion to parasite amastigote number per cell measured on day 10 by Giemsa staining relative to control";"F";"BAO_0000218";"organism-based format";"Leishmania peruviana";"None";"None";"J774.2";"None";"";"";"";"CHEMBL613215";"Leishmania peruviana";"Leishmania peruviana";"ORGANISM";"CHEMBL1153034";"1";"Scientific Literature";"J Nat Prod";"2009";"CHEMBL3307942";"";"";""
"CHEMBL19074";"PENTAACETYLQUERCETIN";"None";"512.42";"2";"3.09";"2a";"CC(=O)Oc1cc(OC(C)=O)c2c(=O)c(OC(C)=O)c(-c3ccc(OC(C)=O)c(OC(C)=O)c3)oc2c1";"Activity";"";"";"";"";"";"Active";"";"";"";"";"";"0";"CHEMBL1056465";"Effect on pyruvate catabolite excretion in Leishmania peruviana promastigotes at IC25 after 96 hrs by NMR spectroscopy";"F";"BAO_0000218";"organism-based format";"Leishmania peruviana";"None";"None";"None";"None";"";"";"";"CHEMBL613215";"Leishmania peruviana";"Leishmania peruviana";"ORGANISM";"CHEMBL1153034";"1";"Scientific Literature";"J Nat Prod";"2009";"None";"";"";""
"CHEMBL150";"KAEMPFEROL";"None";"286.24";"0";"2.28";"1";"O=c1c(O)c(-c2ccc(O)cc2)oc2cc(O)cc(O)c12";"IC50";"'='";"71290.0";"nM";"4.15";"";"";"UO_0000065";"";"";"";"";"0";"CHEMBL1060760";"Antileishmanial activity against extracellular Leishmania peruviana promastigotes after 72 hrs";"F";"BAO_0000218";"organism-based format";"Leishmania peruviana";"None";"None";"None";"None";"";"";"";"CHEMBL613215";"Leishmania peruviana";"Leishmania peruviana";"ORGANISM";"CHEMBL1153034";"1";"Scientific Literature";"J Nat Prod";"2009";"None";"";"";""
"CHEMBL501162";"";"None";"800.68";"2";"2.62";"4";"CC(=O)OC[C@H]1O[C@@H](Oc2c(-c3ccc(OC(C)=O)c(OC(C)=O)c3)oc3cc(OC(C)=O)cc(OC(C)=O)c3c2=O)[C@H](OC(C)=O)[C@@H](OC(C)=O)[C@H]1OC(C)=O";"Activity";"";"";"";"";"";"Active";"";"";"";"";"";"0";"CHEMBL1056462";"Antileishmanial activity against intracellular Leishmania peruviana amastigotes after 72 hrs by Giemsa staining";"F";"BAO_0000218";"organism-based format";"Leishmania peruviana";"None";"None";"None";"None";"";"";"";"CHEMBL613215";"Leishmania peruviana";"Leishmania peruviana";"ORGANISM";"CHEMBL1153034";"1";"Scientific Literature";"J Nat Prod";"2009";"None";"";"";""
"CHEMBL458917";"KAEMPFEROL TETRAACETATE";"None";"454.39";"0";"3.16";"1a";"CC(=O)Oc1ccc(-c2oc3cc(OC(C)=O)cc(OC(C)=O)c3c(=O)c2OC(C)=O)cc1";"IC50";"'='";"53320.0";"nM";"4.27";"";"";"UO_0000065";"";"";"";"";"0";"CHEMBL1060760";"Antileishmanial activity against extracellular Leishmania peruviana promastigotes after 72 hrs";"F";"BAO_0000218";"organism-based format";"Leishmania peruviana";"None";"None";"None";"None";"";"";"";"CHEMBL613215";"Leishmania peruviana";"Leishmania peruviana";"ORGANISM";"CHEMBL1153034";"1";"Scientific Literature";"J Nat Prod";"2009";"None";"";"";""
"CHEMBL453290";"TRIFOLIN";"None";"448.38";"2";"-0.24";"10";"O=c1c(O[C@@H]2O[C@H](CO)[C@H](O)[C@H](O)[C@H]2O)c(-c2ccc(O)cc2)oc2cc(O)cc(O)c12";"IC50";"'='";"53340.0";"nM";"4.27";"";"";"UO_0000065";"";"";"";"";"0";"CHEMBL1060760";"Antileishmanial activity against extracellular Leishmania peruviana promastigotes after 72 hrs";"F";"BAO_0000218";"organism-based format";"Leishmania peruviana";"None";"None";"None";"None";"";"";"";"CHEMBL613215";"Leishmania peruviana";"Leishmania peruviana";"ORGANISM";"CHEMBL1153034";"1";"Scientific Literature";"J Nat Prod";"2009";"None";"";"";""
"CHEMBL501162";"";"None";"800.68";"2";"2.62";"4";"CC(=O)OC[C@H]1O[C@@H](Oc2c(-c3ccc(OC(C)=O)c(OC(C)=O)c3)oc3cc(OC(C)=O)cc(OC(C)=O)c3c2=O)[C@H](OC(C)=O)[C@@H](OC(C)=O)[C@H]1OC(C)=O";"Inhibition";"'='";"67.0";"%";"";"";"";"UO_0000187";"";"";"";"";"0";"CHEMBL1056456";"Inhibition of acetate catabolite excretion in Leishmania peruviana promastigotes at IC25 after 96 hrs by NMR spectroscopy";"F";"BAO_0000218";"organism-based format";"Leishmania peruviana";"None";"None";"None";"None";"";"";"";"CHEMBL613215";"Leishmania peruviana";"Leishmania peruviana";"ORGANISM";"CHEMBL1153034";"1";"Scientific Literature";"J Nat Prod";"2009";"None";"";"";""
"CHEMBL540456";"";"None";"726.64";"2";"3.11";"3a";"CC(=O)C[C@H]1O[C@@H](Oc2c(-c3ccc(OC(C)=O)cc3)oc3cc(OC(C)=O)cc(OC(C)=O)c3c2=O)[C@H](OC(C)=O)[C@@H](OC(C)=O)[C@H]1OC(C)=O";"Activity";"";"";"";"";"";"Active";"";"";"";"";"";"0";"CHEMBL1056464";"Increase in L-alanine catabolite excretion in Leishmania peruviana promastigotes at IC25 after 96 hrs by NMR spectroscopy";"F";"BAO_0000218";"organism-based format";"Leishmania peruviana";"None";"None";"None";"None";"";"";"";"CHEMBL613215";"Leishmania peruviana";"Leishmania peruviana";"ORGANISM";"CHEMBL1153034";"1";"Scientific Literature";"J Nat Prod";"2009";"None";"";"";""
"CHEMBL1090368";"";"None";"288.42";"0";"4.16";"36";"CCC(CC)=NNc1ncnc2sc3c(c12)CCCC3";"IC50";"'='";"7000.0";"nM";"5.16";"";"";"UO_0000065";"";"";"";"";"0";"CHEMBL1104490";"Antileishmanial activity against Leishmania peruviana MHOM/PE/LCA08 promastigote infected BALB/c mouse macrophages after 48 hrs by Giemsa staining method";"F";"BAO_0000218";"organism-based format";"Leishmania peruviana";"None";"None";"None";"None";"";"";"";"CHEMBL613215";"Leishmania peruviana";"Leishmania peruviana";"ORGANISM";"CHEMBL1156236";"1";"Scientific Literature";"Bioorg Med Chem";"2010";"None";"";"";""
