"Molecule ChEMBL ID";"Molecule Name";"Molecule Max Phase";"Molecular Weight";"#RO5 Violations";"AlogP";"Compound Key";"Smiles";"Standard Type";"Standard Relation";"Standard Value";"Standard Units";"pChEMBL Value";"Data Validity Comment";"Comment";"Uo Units";"Ligand Efficiency BEI";"Ligand Efficiency LE";"Ligand Efficiency LLE";"Ligand Efficiency SEI";"Potential Duplicate";"Assay ChEMBL ID";"Assay Description";"Assay Type";"BAO Format ID";"BAO Label";"Assay Organism";"Assay Tissue ChEMBL ID";"Assay Tissue Name";"Assay Cell Type";"Assay Subcellular Fraction";"Assay Parameters";"Assay Variant Accession";"Assay Variant Mutation";"Target ChEMBL ID";"Target Name";"Target Organism";"Target Type";"Document ChEMBL ID";"Source ID";"Source Description";"Document Journal";"Document Year";"Cell ChEMBL ID";"Properties";"Action Type";"Standard Text Value"
"CHEMBL508195";"";"None";"596.22";"2";"8.80";"figure 1,1";"CCC1=C(CC)/C2=C/c3[nH]c(c(C)c3CC)/C=C3/c4ccccc4/C(=C/C4=N/C(=C\C1=N2)C(CC)=C4C)C3(OC)OC.Cl";"Activity";"";"";"";"";"";"Active";"";"";"";"";"";"0";"CHEMBL992849";"Induction of mitochondrial singlet oxygen production in Leishmania tarentolae promastigotes at 2 uM by confocal fluorescence microscopy";"F";"BAO_0000218";"organism-based format";"Leishmania tarentolae";"None";"None";"None";"None";"";"";"";"CHEMBL612915";"Leishmania tarentolae";"Leishmania tarentolae";"ORGANISM";"CHEMBL1157502";"1";"Scientific Literature";"Bioorg Med Chem";"2008";"None";"";"";""
"CHEMBL2435443";"";"None";"291.44";"0";"4.25";"14e";"CCCCNC(C)c1cc2c(cc1OC)OC(C)(C)CC2";"IC50";"";"";"";"";"";"Not Determined";"";"";"";"";"";"0";"CHEMBL2438203";"Antiprotozoal activity against promastigote form of Leishmania tarentolae P10 assessed as parasite growth inhibition after 48 hrs by MTT assay";"F";"BAO_0000218";"organism-based format";"Leishmania tarentolae";"None";"None";"None";"None";"";"";"";"CHEMBL612915";"Leishmania tarentolae";"Leishmania tarentolae";"ORGANISM";"CHEMBL2434884";"1";"Scientific Literature";"J Med Chem";"2013";"None";"";"";""
"CHEMBL2435426";"";"None";"351.49";"1";"5.16";"12c";"COc1cc2c(cc1C(C)NCCCc1ccccc1)C=CC(C)(C)O2";"IC50";"'='";"220.0";"nM";"6.66";"";"";"UO_0000065";"";"";"";"";"0";"CHEMBL2438203";"Antiprotozoal activity against promastigote form of Leishmania tarentolae P10 assessed as parasite growth inhibition after 48 hrs by MTT assay";"F";"BAO_0000218";"organism-based format";"Leishmania tarentolae";"None";"None";"None";"None";"";"";"";"CHEMBL612915";"Leishmania tarentolae";"Leishmania tarentolae";"ORGANISM";"CHEMBL2434884";"1";"Scientific Literature";"J Med Chem";"2013";"None";"";"";""
"CHEMBL508195";"";"None";"596.22";"2";"8.80";"figure 1,1";"CCC1=C(CC)/C2=C/c3[nH]c(c(C)c3CC)/C=C3/c4ccccc4/C(=C/C4=N/C(=C\C1=N2)C(CC)=C4C)C3(OC)OC.Cl";"Activity";"";"";"";"";"";"Not Active";"";"";"";"";"";"0";"CHEMBL992846";"Growth inhibition of Leishmania tarentolae axenic promastigotes upto 40 uM";"F";"BAO_0000218";"organism-based format";"Leishmania tarentolae";"None";"None";"None";"None";"";"";"";"CHEMBL612915";"Leishmania tarentolae";"Leishmania tarentolae";"ORGANISM";"CHEMBL1157502";"1";"Scientific Literature";"Bioorg Med Chem";"2008";"None";"";"";""
"CHEMBL451119";"";"None";"624.27";"2";"9.58";"figure 1,2";"CCOC1(OCC)/C2=C\C3=N/C(=C\C4=N/C(=C\c5[nH]c(c(C)c5CC)/C=C\1c1ccccc12)C(CC)=C4CC)C(CC)=C3C.Cl";"Activity";"";"";"";"";"";"Dose-dependent effect";"";"";"";"";"";"0";"CHEMBL992845";"Growth inhibition of Leishmania tarentolae axenic promastigotes after 2 days relative to ethanol";"F";"BAO_0000218";"organism-based format";"Leishmania tarentolae";"None";"None";"None";"None";"";"";"";"CHEMBL612915";"Leishmania tarentolae";"Leishmania tarentolae";"ORGANISM";"CHEMBL1157502";"1";"Scientific Literature";"Bioorg Med Chem";"2008";"None";"";"";""
"CHEMBL2435438";"";"None";"365.52";"1";"5.51";"12o";"COc1cc2c(cc1C(C)N(C)CCCc1ccccc1)C=CC(C)(C)O2";"IC50";"'='";"9010.0";"nM";"5.04";"";"";"UO_0000065";"";"";"";"";"0";"CHEMBL2438203";"Antiprotozoal activity against promastigote form of Leishmania tarentolae P10 assessed as parasite growth inhibition after 48 hrs by MTT assay";"F";"BAO_0000218";"organism-based format";"Leishmania tarentolae";"None";"None";"None";"None";"";"";"";"CHEMBL612915";"Leishmania tarentolae";"Leishmania tarentolae";"ORGANISM";"CHEMBL2434884";"1";"Scientific Literature";"J Med Chem";"2013";"None";"";"";""
"CHEMBL2435440";"";"None";"339.48";"0";"4.69";"14b";"COc1cc2c(cc1C(C)NCCc1ccccc1)CCC(C)(C)O2";"IC50";"'='";"126000.0";"nM";"";"Outside typical range";"";"UO_0000065";"";"";"";"";"0";"CHEMBL2438203";"Antiprotozoal activity against promastigote form of Leishmania tarentolae P10 assessed as parasite growth inhibition after 48 hrs by MTT assay";"F";"BAO_0000218";"organism-based format";"Leishmania tarentolae";"None";"None";"None";"None";"";"";"";"CHEMBL612915";"Leishmania tarentolae";"Leishmania tarentolae";"ORGANISM";"CHEMBL2434884";"1";"Scientific Literature";"J Med Chem";"2013";"None";"";"";""
"CHEMBL2435427";"";"None";"365.52";"1";"5.55";"12d";"COc1cc2c(cc1C(C)NCCCCc1ccccc1)C=CC(C)(C)O2";"IC50";"'='";"770.0";"nM";"6.11";"";"";"UO_0000065";"";"";"";"";"0";"CHEMBL2438203";"Antiprotozoal activity against promastigote form of Leishmania tarentolae P10 assessed as parasite growth inhibition after 48 hrs by MTT assay";"F";"BAO_0000218";"organism-based format";"Leishmania tarentolae";"None";"None";"None";"None";"";"";"";"CHEMBL612915";"Leishmania tarentolae";"Leishmania tarentolae";"ORGANISM";"CHEMBL2434884";"1";"Scientific Literature";"J Med Chem";"2013";"None";"";"";""
"CHEMBL508195";"";"None";"596.22";"2";"8.80";"figure 1,1";"CCC1=C(CC)/C2=C/c3[nH]c(c(C)c3CC)/C=C3/c4ccccc4/C(=C/C4=N/C(=C\C1=N2)C(CC)=C4C)C3(OC)OC.Cl";"Activity";"";"";"";"";"";"Active";"";"";"";"";"";"0";"CHEMBL992847";"Growth inhibition of Leishmania tarentolae promastigotes assessed as mitochondrial superoxide production at 5 to 10 uM after 3 hrs by confocal fluorescence microscopy";"F";"BAO_0000218";"organism-based format";"Leishmania tarentolae";"None";"None";"None";"None";"";"";"";"CHEMBL612915";"Leishmania tarentolae";"Leishmania tarentolae";"ORGANISM";"CHEMBL1157502";"1";"Scientific Literature";"Bioorg Med Chem";"2008";"None";"";"";""
"CHEMBL451119";"";"None";"624.27";"2";"9.58";"figure 1,2";"CCOC1(OCC)/C2=C\C3=N/C(=C\C4=N/C(=C\c5[nH]c(c(C)c5CC)/C=C\1c1ccccc12)C(CC)=C4CC)C(CC)=C3C.Cl";"Activity";"";"";"";"";"";"Active";"";"";"";"";"";"0";"CHEMBL992848";"Growth inhibition of light-illuminated Leishmania tarentolae promastigotes assessed as enhancement of mitochondrial superoxide production at 5 to 10 uM after 3 hrs by confocal fluorescence microscopy";"F";"BAO_0000218";"organism-based format";"Leishmania tarentolae";"None";"None";"None";"None";"";"";"";"CHEMBL612915";"Leishmania tarentolae";"Leishmania tarentolae";"ORGANISM";"CHEMBL1157502";"1";"Scientific Literature";"Bioorg Med Chem";"2008";"None";"";"";""
"CHEMBL509689";"";"None";"401.44";"0";"3.18";"5h";"COc1cc(C2=CC(c3ccc([N+](=O)[O-])cc3)NC(=S)N2)cc(OC)c1OC";"IC50";"'='";"13700.0";"nM";"4.86";"";"";"UO_0000065";"";"";"";"";"0";"CHEMBL3054872";"Antiprotozoan activity against Leishmania tarentolae after 72 hr by MTT assay";"F";"BAO_0000218";"organism-based format";"Leishmania tarentolae";"None";"None";"None";"None";"";"";"";"CHEMBL612915";"Leishmania tarentolae";"Leishmania tarentolae";"ORGANISM";"CHEMBL3044801";"1";"Scientific Literature";"Med Chem Res";"2011";"None";"";"";""
"CHEMBL454155";"";"None";"446.53";"0";"3.30";"5a";"COc1cc(C2=CC(c3cc(OC)c(OC)c(OC)c3)NC(=S)N2)cc(OC)c1OC";"IC50";"'='";"46600.0";"nM";"4.33";"";"";"UO_0000065";"";"";"";"";"0";"CHEMBL3054872";"Antiprotozoan activity against Leishmania tarentolae after 72 hr by MTT assay";"F";"BAO_0000218";"organism-based format";"Leishmania tarentolae";"None";"None";"None";"None";"";"";"";"CHEMBL612915";"Leishmania tarentolae";"Leishmania tarentolae";"ORGANISM";"CHEMBL3044801";"1";"Scientific Literature";"Med Chem Res";"2011";"None";"";"";""
"CHEMBL2435442";"";"None";"367.53";"1";"5.47";"14d";"COc1cc2c(cc1C(C)NCCCCc1ccccc1)CCC(C)(C)O2";"IC50";"'='";"90600.0";"nM";"4.04";"";"";"UO_0000065";"";"";"";"";"0";"CHEMBL2438203";"Antiprotozoal activity against promastigote form of Leishmania tarentolae P10 assessed as parasite growth inhibition after 48 hrs by MTT assay";"F";"BAO_0000218";"organism-based format";"Leishmania tarentolae";"None";"None";"None";"None";"";"";"";"CHEMBL612915";"Leishmania tarentolae";"Leishmania tarentolae";"ORGANISM";"CHEMBL2434884";"1";"Scientific Literature";"J Med Chem";"2013";"None";"";"";""
"CHEMBL2435435";"";"None";"329.48";"1";"5.11";"12l";"COc1cc2c(cc1C(C)NCC1CCCCC1)C=CC(C)(C)O2";"IC50";"'='";"650.0";"nM";"6.19";"";"";"UO_0000065";"";"";"";"";"0";"CHEMBL2438203";"Antiprotozoal activity against promastigote form of Leishmania tarentolae P10 assessed as parasite growth inhibition after 48 hrs by MTT assay";"F";"BAO_0000218";"organism-based format";"Leishmania tarentolae";"None";"None";"None";"None";"";"";"";"CHEMBL612915";"Leishmania tarentolae";"Leishmania tarentolae";"ORGANISM";"CHEMBL2434884";"1";"Scientific Literature";"J Med Chem";"2013";"None";"";"";""
"CHEMBL2435428";"";"None";"353.46";"0";"4.74";"12e";"COc1ccc(CNC(C)c2cc3c(cc2OC)OC(C)(C)C=C3)cc1";"IC50";"'='";"9800.0";"nM";"5.01";"";"";"UO_0000065";"";"";"";"";"0";"CHEMBL2438203";"Antiprotozoal activity against promastigote form of Leishmania tarentolae P10 assessed as parasite growth inhibition after 48 hrs by MTT assay";"F";"BAO_0000218";"organism-based format";"Leishmania tarentolae";"None";"None";"None";"None";"";"";"";"CHEMBL612915";"Leishmania tarentolae";"Leishmania tarentolae";"ORGANISM";"CHEMBL2434884";"1";"Scientific Literature";"J Med Chem";"2013";"None";"";"";""
"CHEMBL1506653";"";"None";"356.45";"0";"3.68";"7a";"COc1ccc(C2=CC(c3ccc(OC)c(OC)c3)NC(S)=N2)cc1";"IC50";"'='";"27200.0";"nM";"4.57";"";"";"UO_0000065";"";"";"";"";"0";"CHEMBL3054872";"Antiprotozoan activity against Leishmania tarentolae after 72 hr by MTT assay";"F";"BAO_0000218";"organism-based format";"Leishmania tarentolae";"None";"None";"None";"None";"";"";"";"CHEMBL612915";"Leishmania tarentolae";"Leishmania tarentolae";"ORGANISM";"CHEMBL3044801";"1";"Scientific Literature";"Med Chem Res";"2011";"None";"";"";""
"CHEMBL2435436";"";"None";"303.40";"0";"3.27";"12m";"COc1cc2c(cc1C(C)N1CCOCC1)C=CC(C)(C)O2";"IC50";"'='";"12400.0";"nM";"4.91";"";"";"UO_0000065";"";"";"";"";"0";"CHEMBL2438203";"Antiprotozoal activity against promastigote form of Leishmania tarentolae P10 assessed as parasite growth inhibition after 48 hrs by MTT assay";"F";"BAO_0000218";"organism-based format";"Leishmania tarentolae";"None";"None";"None";"None";"";"";"";"CHEMBL612915";"Leishmania tarentolae";"Leishmania tarentolae";"ORGANISM";"CHEMBL2434884";"1";"Scientific Literature";"J Med Chem";"2013";"None";"";"";""
"CHEMBL2435417";"";"None";"316.40";"0";"4.45";"3";"C/C=C(/C)C(=O)OC(C)c1cc2c(cc1OC)OC(C)(C)C=C2";"IC50";"'='";"21300.0";"nM";"4.67";"";"";"UO_0000065";"";"";"";"";"0";"CHEMBL2438203";"Antiprotozoal activity against promastigote form of Leishmania tarentolae P10 assessed as parasite growth inhibition after 48 hrs by MTT assay";"F";"BAO_0000218";"organism-based format";"Leishmania tarentolae";"None";"None";"None";"None";"";"";"";"CHEMBL612915";"Leishmania tarentolae";"Leishmania tarentolae";"ORGANISM";"CHEMBL2434884";"1";"Scientific Literature";"J Med Chem";"2013";"None";"";"";""
"CHEMBL2262110";"";"None";"386.47";"0";"3.28";"5j";"COc1ccc(C2C=C(c3cc(OC)c(OC)c(OC)c3)NC(=S)N2)cc1";"IC50";"'='";"12500.0";"nM";"4.90";"";"";"UO_0000065";"";"";"";"";"0";"CHEMBL3054872";"Antiprotozoan activity against Leishmania tarentolae after 72 hr by MTT assay";"F";"BAO_0000218";"organism-based format";"Leishmania tarentolae";"None";"None";"None";"None";"";"";"";"CHEMBL612915";"Leishmania tarentolae";"Leishmania tarentolae";"ORGANISM";"CHEMBL3044801";"1";"Scientific Literature";"Med Chem Res";"2011";"None";"";"";""
"CHEMBL508222";"";"None";"402.47";"0";"2.99";"5f";"COc1ccc(C2C=C(c3cc(OC)c(OC)c(OC)c3)NC(=S)N2)cc1O";"Activity";"";"";"";"";"";"Active";"";"";"";"";"";"0";"CHEMBL3054867";"Antiprotozoan activity against Leishmania tarentolae assessed as decrease in viability at 12.1 to 21.5 uM after 72 hr by microscopic analysis";"F";"BAO_0000218";"organism-based format";"Leishmania tarentolae";"None";"None";"None";"None";"";"";"";"CHEMBL612915";"Leishmania tarentolae";"Leishmania tarentolae";"ORGANISM";"CHEMBL3044801";"1";"Scientific Literature";"Med Chem Res";"2011";"None";"";"";""
"CHEMBL508195";"";"None";"596.22";"2";"8.80";"figure 1,1";"CCC1=C(CC)/C2=C/c3[nH]c(c(C)c3CC)/C=C3/c4ccccc4/C(=C/C4=N/C(=C\C1=N2)C(CC)=C4C)C3(OC)OC.Cl";"Activity";"";"";"";"";"";"Dose-dependent effect";"";"";"";"";"";"0";"CHEMBL992845";"Growth inhibition of Leishmania tarentolae axenic promastigotes after 2 days relative to ethanol";"F";"BAO_0000218";"organism-based format";"Leishmania tarentolae";"None";"None";"None";"None";"";"";"";"CHEMBL612915";"Leishmania tarentolae";"Leishmania tarentolae";"ORGANISM";"CHEMBL1157502";"1";"Scientific Literature";"Bioorg Med Chem";"2008";"None";"";"";""
"CHEMBL454143";"";"None";"431.47";"0";"3.19";"5g";"COc1ccc(C2C=C(c3cc(OC)c(OC)c(OC)c3)NC(=S)N2)cc1[N+](=O)[O-]";"IC50";"'='";"12500.0";"nM";"4.90";"";"";"UO_0000065";"";"";"";"";"0";"CHEMBL3054872";"Antiprotozoan activity against Leishmania tarentolae after 72 hr by MTT assay";"F";"BAO_0000218";"organism-based format";"Leishmania tarentolae";"None";"None";"None";"None";"";"";"";"CHEMBL612915";"Leishmania tarentolae";"Leishmania tarentolae";"ORGANISM";"CHEMBL3044801";"1";"Scientific Literature";"Med Chem Res";"2011";"None";"";"";""
"CHEMBL2262113";"";"None";"416.50";"0";"3.29";"6e";"COc1ccc(OC)c(C2=CC(c3cc(OC)c(OC)c(OC)c3)NC(=S)N2)c1";"IC50";"'='";"16800.0";"nM";"4.78";"";"";"UO_0000065";"";"";"";"";"0";"CHEMBL3054872";"Antiprotozoan activity against Leishmania tarentolae after 72 hr by MTT assay";"F";"BAO_0000218";"organism-based format";"Leishmania tarentolae";"None";"None";"None";"None";"";"";"";"CHEMBL612915";"Leishmania tarentolae";"Leishmania tarentolae";"ORGANISM";"CHEMBL3044801";"1";"Scientific Literature";"Med Chem Res";"2011";"None";"";"";""
"CHEMBL451119";"";"None";"624.27";"2";"9.58";"figure 1,2";"CCOC1(OCC)/C2=C\C3=N/C(=C\C4=N/C(=C\c5[nH]c(c(C)c5CC)/C=C\1c1ccccc12)C(CC)=C4CC)C(CC)=C3C.Cl";"Activity";"";"";"";"";"";"Active";"";"";"";"";"";"0";"CHEMBL992847";"Growth inhibition of Leishmania tarentolae promastigotes assessed as mitochondrial superoxide production at 5 to 10 uM after 3 hrs by confocal fluorescence microscopy";"F";"BAO_0000218";"organism-based format";"Leishmania tarentolae";"None";"None";"None";"None";"";"";"";"CHEMBL612915";"Leishmania tarentolae";"Leishmania tarentolae";"ORGANISM";"CHEMBL1157502";"1";"Scientific Literature";"Bioorg Med Chem";"2008";"None";"";"";""
"CHEMBL451119";"";"None";"624.27";"2";"9.58";"figure 1,2";"CCOC1(OCC)/C2=C\C3=N/C(=C\C4=N/C(=C\c5[nH]c(c(C)c5CC)/C=C\1c1ccccc12)C(CC)=C4CC)C(CC)=C3C.Cl";"Activity";"";"";"";"";"";"Not Active";"";"";"";"";"";"0";"CHEMBL992846";"Growth inhibition of Leishmania tarentolae axenic promastigotes upto 40 uM";"F";"BAO_0000218";"organism-based format";"Leishmania tarentolae";"None";"None";"None";"None";"";"";"";"CHEMBL612915";"Leishmania tarentolae";"Leishmania tarentolae";"ORGANISM";"CHEMBL1157502";"1";"Scientific Literature";"Bioorg Med Chem";"2008";"None";"";"";""
"CHEMBL2435423";"";"None";"363.46";"0";"4.77";"11c";"COc1cc2c(cc1C(C)NC(=O)/C=C/c1ccccc1)C=CC(C)(C)O2";"IC50";"'='";"1780.0";"nM";"5.75";"";"";"UO_0000065";"";"";"";"";"0";"CHEMBL2438203";"Antiprotozoal activity against promastigote form of Leishmania tarentolae P10 assessed as parasite growth inhibition after 48 hrs by MTT assay";"F";"BAO_0000218";"organism-based format";"Leishmania tarentolae";"None";"None";"None";"None";"";"";"";"CHEMBL612915";"Leishmania tarentolae";"Leishmania tarentolae";"ORGANISM";"CHEMBL2434884";"1";"Scientific Literature";"J Med Chem";"2013";"None";"";"";""
"CHEMBL2262115";"";"None";"326.42";"0";"3.26";"7c";"COc1ccc(C2=CC(c3ccc(OC)cc3)NC(=S)N2)cc1";"IC50";"'='";"17800.0";"nM";"4.75";"";"";"UO_0000065";"";"";"";"";"0";"CHEMBL3054872";"Antiprotozoan activity against Leishmania tarentolae after 72 hr by MTT assay";"F";"BAO_0000218";"organism-based format";"Leishmania tarentolae";"None";"None";"None";"None";"";"";"";"CHEMBL612915";"Leishmania tarentolae";"Leishmania tarentolae";"ORGANISM";"CHEMBL3044801";"1";"Scientific Literature";"Med Chem Res";"2011";"None";"";"";""
"CHEMBL454949";"";"None";"401.44";"0";"3.18";"6d";"COc1ccc(OC)c(C2=CC(c3ccc(OC)c([N+](=O)[O-])c3)NC(=S)N2)c1";"IC50";"'='";"21100.0";"nM";"4.68";"";"";"UO_0000065";"";"";"";"";"0";"CHEMBL3054872";"Antiprotozoan activity against Leishmania tarentolae after 72 hr by MTT assay";"F";"BAO_0000218";"organism-based format";"Leishmania tarentolae";"None";"None";"None";"None";"";"";"";"CHEMBL612915";"Leishmania tarentolae";"Leishmania tarentolae";"ORGANISM";"CHEMBL3044801";"1";"Scientific Literature";"Med Chem Res";"2011";"None";"";"";""
"CHEMBL2262114";"";"None";"386.47";"0";"3.28";"7b";"COc1ccc(C2=CC(c3c(OC)cc(OC)cc3OC)NC(=S)N2)cc1";"IC50";"'='";"25100.0";"nM";"4.60";"";"";"UO_0000065";"";"";"";"";"0";"CHEMBL3054872";"Antiprotozoan activity against Leishmania tarentolae after 72 hr by MTT assay";"F";"BAO_0000218";"organism-based format";"Leishmania tarentolae";"None";"None";"None";"None";"";"";"";"CHEMBL612915";"Leishmania tarentolae";"Leishmania tarentolae";"ORGANISM";"CHEMBL3044801";"1";"Scientific Literature";"Med Chem Res";"2011";"None";"";"";""
"CHEMBL454154";"";"None";"390.89";"0";"3.93";"5i";"COc1cc(C2=CC(c3ccc(Cl)cc3)NC(=S)N2)cc(OC)c1OC";"IC50";"'='";"10200.0";"nM";"4.99";"";"";"UO_0000065";"";"";"";"";"0";"CHEMBL3054872";"Antiprotozoan activity against Leishmania tarentolae after 72 hr by MTT assay";"F";"BAO_0000218";"organism-based format";"Leishmania tarentolae";"None";"None";"None";"None";"";"";"";"CHEMBL612915";"Leishmania tarentolae";"Leishmania tarentolae";"ORGANISM";"CHEMBL3044801";"1";"Scientific Literature";"Med Chem Res";"2011";"None";"";"";""
"CHEMBL2435431";"";"None";"349.47";"1";"5.24";"12h";"COc1cc2c(cc1C(C)NC/C=C/c1ccccc1)C=CC(C)(C)O2";"IC50";"'='";"3260.0";"nM";"5.49";"";"";"UO_0000065";"";"";"";"";"0";"CHEMBL2438203";"Antiprotozoal activity against promastigote form of Leishmania tarentolae P10 assessed as parasite growth inhibition after 48 hrs by MTT assay";"F";"BAO_0000218";"organism-based format";"Leishmania tarentolae";"None";"None";"None";"None";"";"";"";"CHEMBL612915";"Leishmania tarentolae";"Leishmania tarentolae";"ORGANISM";"CHEMBL2434884";"1";"Scientific Literature";"J Med Chem";"2013";"None";"";"";""
"CHEMBL2435419";"";"None";"338.45";"1";"5.20";"9b";"COc1cc2c(cc1C(C)OCCc1ccccc1)C=CC(C)(C)O2";"IC50";"'='";"1170.0";"nM";"5.93";"";"";"UO_0000065";"";"";"";"";"0";"CHEMBL2438203";"Antiprotozoal activity against promastigote form of Leishmania tarentolae P10 assessed as parasite growth inhibition after 48 hrs by MTT assay";"F";"BAO_0000218";"organism-based format";"Leishmania tarentolae";"None";"None";"None";"None";"";"";"";"CHEMBL612915";"Leishmania tarentolae";"Leishmania tarentolae";"ORGANISM";"CHEMBL2434884";"1";"Scientific Literature";"J Med Chem";"2013";"None";"";"";""
"CHEMBL508195";"";"None";"596.22";"2";"8.80";"figure 1,1";"CCC1=C(CC)/C2=C/c3[nH]c(c(C)c3CC)/C=C3/c4ccccc4/C(=C/C4=N/C(=C\C1=N2)C(CC)=C4C)C3(OC)OC.Cl";"Activity";"";"";"";"";"";"Active";"";"";"";"";"";"0";"CHEMBL992848";"Growth inhibition of light-illuminated Leishmania tarentolae promastigotes assessed as enhancement of mitochondrial superoxide production at 5 to 10 uM after 3 hrs by confocal fluorescence microscopy";"F";"BAO_0000218";"organism-based format";"Leishmania tarentolae";"None";"None";"None";"None";"";"";"";"CHEMBL612915";"Leishmania tarentolae";"Leishmania tarentolae";"ORGANISM";"CHEMBL1157502";"1";"Scientific Literature";"Bioorg Med Chem";"2008";"None";"";"";""
"CHEMBL2435444";"";"None";"309.41";"0";"4.43";"15a";"CC(NCc1ccccc1)c1cc2c(cc1O)OC(C)(C)C=C2";"IC50";"'='";"12400.0";"nM";"4.91";"";"";"UO_0000065";"";"";"";"";"0";"CHEMBL2438203";"Antiprotozoal activity against promastigote form of Leishmania tarentolae P10 assessed as parasite growth inhibition after 48 hrs by MTT assay";"F";"BAO_0000218";"organism-based format";"Leishmania tarentolae";"None";"None";"None";"None";"";"";"";"CHEMBL612915";"Leishmania tarentolae";"Leishmania tarentolae";"ORGANISM";"CHEMBL2434884";"1";"Scientific Literature";"J Med Chem";"2013";"None";"";"";""
"CHEMBL2435439";"";"None";"325.45";"0";"4.65";"14a";"COc1cc2c(cc1C(C)NCc1ccccc1)CCC(C)(C)O2";"IC50";"'='";"270000.0";"nM";"";"Outside typical range";"";"UO_0000065";"";"";"";"";"0";"CHEMBL2438203";"Antiprotozoal activity against promastigote form of Leishmania tarentolae P10 assessed as parasite growth inhibition after 48 hrs by MTT assay";"F";"BAO_0000218";"organism-based format";"Leishmania tarentolae";"None";"None";"None";"None";"";"";"";"CHEMBL612915";"Leishmania tarentolae";"Leishmania tarentolae";"ORGANISM";"CHEMBL2434884";"1";"Scientific Literature";"J Med Chem";"2013";"None";"";"";""
"CHEMBL2435424";"";"None";"323.44";"0";"4.73";"12a";"COc1cc2c(cc1C(C)NCc1ccccc1)C=CC(C)(C)O2";"IC50";"'='";"2400.0";"nM";"5.62";"";"";"UO_0000065";"";"";"";"";"0";"CHEMBL2438203";"Antiprotozoal activity against promastigote form of Leishmania tarentolae P10 assessed as parasite growth inhibition after 48 hrs by MTT assay";"F";"BAO_0000218";"organism-based format";"Leishmania tarentolae";"None";"None";"None";"None";"";"";"";"CHEMBL612915";"Leishmania tarentolae";"Leishmania tarentolae";"ORGANISM";"CHEMBL2434884";"1";"Scientific Literature";"J Med Chem";"2013";"None";"";"";""
"CHEMBL2435429";"";"None";"337.46";"1";"5.29";"12f";"COc1cc2c(cc1C(C)N[C@H](C)c1ccccc1)C=CC(C)(C)O2";"IC50";"'='";"8610.0";"nM";"5.07";"";"";"UO_0000065";"";"";"";"";"0";"CHEMBL2438203";"Antiprotozoal activity against promastigote form of Leishmania tarentolae P10 assessed as parasite growth inhibition after 48 hrs by MTT assay";"F";"BAO_0000218";"organism-based format";"Leishmania tarentolae";"None";"None";"None";"None";"";"";"";"CHEMBL612915";"Leishmania tarentolae";"Leishmania tarentolae";"ORGANISM";"CHEMBL2434884";"1";"Scientific Literature";"J Med Chem";"2013";"None";"";"";""
"CHEMBL2435422";"";"None";"351.45";"0";"4.30";"11b";"COc1cc2c(cc1C(C)NC(=O)Cc1ccccc1)C=CC(C)(C)O2";"IC50";"'='";"7690.0";"nM";"5.11";"";"";"UO_0000065";"";"";"";"";"0";"CHEMBL2438203";"Antiprotozoal activity against promastigote form of Leishmania tarentolae P10 assessed as parasite growth inhibition after 48 hrs by MTT assay";"F";"BAO_0000218";"organism-based format";"Leishmania tarentolae";"None";"None";"None";"None";"";"";"";"CHEMBL612915";"Leishmania tarentolae";"Leishmania tarentolae";"ORGANISM";"CHEMBL2434884";"1";"Scientific Literature";"J Med Chem";"2013";"None";"";"";""
"CHEMBL2435421";"";"None";"337.42";"0";"4.37";"11a";"COc1cc2c(cc1C(C)NC(=O)c1ccccc1)C=CC(C)(C)O2";"IC50";"'='";"8610.0";"nM";"5.07";"";"";"UO_0000065";"";"";"";"";"0";"CHEMBL2438203";"Antiprotozoal activity against promastigote form of Leishmania tarentolae P10 assessed as parasite growth inhibition after 48 hrs by MTT assay";"F";"BAO_0000218";"organism-based format";"Leishmania tarentolae";"None";"None";"None";"None";"";"";"";"CHEMBL612915";"Leishmania tarentolae";"Leishmania tarentolae";"ORGANISM";"CHEMBL2434884";"1";"Scientific Literature";"J Med Chem";"2013";"None";"";"";""
"CHEMBL2435420";"";"None";"350.46";"1";"5.67";"9c";"COc1cc2c(cc1C(C)OC/C=C/c1ccccc1)C=CC(C)(C)O2";"IC50";"'='";"860.0";"nM";"6.07";"";"";"UO_0000065";"";"";"";"";"0";"CHEMBL2438203";"Antiprotozoal activity against promastigote form of Leishmania tarentolae P10 assessed as parasite growth inhibition after 48 hrs by MTT assay";"F";"BAO_0000218";"organism-based format";"Leishmania tarentolae";"None";"None";"None";"None";"";"";"";"CHEMBL612915";"Leishmania tarentolae";"Leishmania tarentolae";"ORGANISM";"CHEMBL2434884";"1";"Scientific Literature";"J Med Chem";"2013";"None";"";"";""
"CHEMBL55";"PENTAMIDINE";"4.0";"340.43";"0";"2.88";"pentamidine";"N=C(N)c1ccc(OCCCCCOc2ccc(C(=N)N)cc2)cc1";"IC50";"'='";"30.0";"nM";"7.52";"";"";"UO_0000065";"";"";"";"";"0";"CHEMBL2438765";"Antiprotozoal activity against Leishmania tarentolae assessed as parasite growth inhibition";"F";"BAO_0000218";"organism-based format";"Leishmania tarentolae";"None";"None";"None";"None";"";"";"";"CHEMBL612915";"Leishmania tarentolae";"Leishmania tarentolae";"ORGANISM";"CHEMBL2434884";"1";"Scientific Literature";"J Med Chem";"2013";"None";"";"";""
"CHEMBL2262112";"";"None";"386.47";"0";"3.28";"6c";"COc1ccc(OC)c(C2=CC(c3cc(OC)ccc3OC)NC(=S)N2)c1";"IC50";"'='";"18000.0";"nM";"4.75";"";"";"UO_0000065";"";"";"";"";"0";"CHEMBL3054872";"Antiprotozoan activity against Leishmania tarentolae after 72 hr by MTT assay";"F";"BAO_0000218";"organism-based format";"Leishmania tarentolae";"None";"None";"None";"None";"";"";"";"CHEMBL612915";"Leishmania tarentolae";"Leishmania tarentolae";"ORGANISM";"CHEMBL3044801";"1";"Scientific Literature";"Med Chem Res";"2011";"None";"";"";""
"CHEMBL454156";"";"None";"446.53";"0";"3.30";"5b";"COc1cc(OC)c(C2C=C(c3cc(OC)c(OC)c(OC)c3)NC(=S)N2)c(OC)c1";"IC50";"'='";"46600.0";"nM";"4.33";"";"";"UO_0000065";"";"";"";"";"0";"CHEMBL3054872";"Antiprotozoan activity against Leishmania tarentolae after 72 hr by MTT assay";"F";"BAO_0000218";"organism-based format";"Leishmania tarentolae";"None";"None";"None";"None";"";"";"";"CHEMBL612915";"Leishmania tarentolae";"Leishmania tarentolae";"ORGANISM";"CHEMBL3044801";"1";"Scientific Literature";"Med Chem Res";"2011";"None";"";"";""
"CHEMBL454948";"";"None";"416.50";"0";"3.29";"6b";"COc1cc(OC)c(C2C=C(c3cc(OC)ccc3OC)NC(=S)N2)c(OC)c1";"IC50";"'='";"10400.0";"nM";"4.98";"";"";"UO_0000065";"";"";"";"";"0";"CHEMBL3054872";"Antiprotozoan activity against Leishmania tarentolae after 72 hr by MTT assay";"F";"BAO_0000218";"organism-based format";"Leishmania tarentolae";"None";"None";"None";"None";"";"";"";"CHEMBL612915";"Leishmania tarentolae";"Leishmania tarentolae";"ORGANISM";"CHEMBL3044801";"1";"Scientific Literature";"Med Chem Res";"2011";"None";"";"";""
"CHEMBL2262111";"";"None";"356.45";"0";"3.27";"6a";"COc1ccc(C2C=C(c3cc(OC)ccc3OC)NC(=S)N2)cc1";"IC50";"'='";"11400.0";"nM";"4.94";"";"";"UO_0000065";"";"";"";"";"0";"CHEMBL3054872";"Antiprotozoan activity against Leishmania tarentolae after 72 hr by MTT assay";"F";"BAO_0000218";"organism-based format";"Leishmania tarentolae";"None";"None";"None";"None";"";"";"";"CHEMBL612915";"Leishmania tarentolae";"Leishmania tarentolae";"ORGANISM";"CHEMBL3044801";"1";"Scientific Literature";"Med Chem Res";"2011";"None";"";"";""
"CHEMBL508222";"";"None";"402.47";"0";"2.99";"5f";"COc1ccc(C2C=C(c3cc(OC)c(OC)c(OC)c3)NC(=S)N2)cc1O";"IC50";"'='";"12100.0";"nM";"4.92";"";"";"UO_0000065";"";"";"";"";"0";"CHEMBL3054872";"Antiprotozoan activity against Leishmania tarentolae after 72 hr by MTT assay";"F";"BAO_0000218";"organism-based format";"Leishmania tarentolae";"None";"None";"None";"None";"";"";"";"CHEMBL612915";"Leishmania tarentolae";"Leishmania tarentolae";"ORGANISM";"CHEMBL3044801";"1";"Scientific Literature";"Med Chem Res";"2011";"None";"";"";""
"CHEMBL508026";"";"None";"386.47";"0";"3.28";"5e";"COc1cccc(C2C=C(c3cc(OC)c(OC)c(OC)c3)NC(=S)N2)c1";"IC50";"'='";"19400.0";"nM";"4.71";"";"";"UO_0000065";"";"";"";"";"0";"CHEMBL3054872";"Antiprotozoan activity against Leishmania tarentolae after 72 hr by MTT assay";"F";"BAO_0000218";"organism-based format";"Leishmania tarentolae";"None";"None";"None";"None";"";"";"";"CHEMBL612915";"Leishmania tarentolae";"Leishmania tarentolae";"ORGANISM";"CHEMBL3044801";"1";"Scientific Literature";"Med Chem Res";"2011";"None";"";"";""
"CHEMBL454140";"";"None";"416.50";"0";"3.29";"5d";"COc1ccc(OC)c(C2C=C(c3cc(OC)c(OC)c(OC)c3)NC(=S)N2)c1";"IC50";"'='";"30300.0";"nM";"4.52";"";"";"UO_0000065";"";"";"";"";"0";"CHEMBL3054872";"Antiprotozoan activity against Leishmania tarentolae after 72 hr by MTT assay";"F";"BAO_0000218";"organism-based format";"Leishmania tarentolae";"None";"None";"None";"None";"";"";"";"CHEMBL612915";"Leishmania tarentolae";"Leishmania tarentolae";"ORGANISM";"CHEMBL3044801";"1";"Scientific Literature";"Med Chem Res";"2011";"None";"";"";""
"CHEMBL453125";"";"None";"416.50";"0";"3.29";"5c";"COc1ccc(C2C=C(c3cc(OC)c(OC)c(OC)c3)NC(=S)N2)cc1OC";"IC50";"'='";"36400.0";"nM";"4.44";"";"";"UO_0000065";"";"";"";"";"0";"CHEMBL3054872";"Antiprotozoan activity against Leishmania tarentolae after 72 hr by MTT assay";"F";"BAO_0000218";"organism-based format";"Leishmania tarentolae";"None";"None";"None";"None";"";"";"";"CHEMBL612915";"Leishmania tarentolae";"Leishmania tarentolae";"ORGANISM";"CHEMBL3044801";"1";"Scientific Literature";"Med Chem Res";"2011";"None";"";"";""
"CHEMBL2435433";"";"None";"289.42";"0";"4.33";"12j";"CCCCNC(C)c1cc2c(cc1OC)OC(C)(C)C=C2";"IC50";"'='";"6250.0";"nM";"5.20";"";"";"UO_0000065";"";"";"";"";"0";"CHEMBL2438203";"Antiprotozoal activity against promastigote form of Leishmania tarentolae P10 assessed as parasite growth inhibition after 48 hrs by MTT assay";"F";"BAO_0000218";"organism-based format";"Leishmania tarentolae";"None";"None";"None";"None";"";"";"";"CHEMBL612915";"Leishmania tarentolae";"Leishmania tarentolae";"ORGANISM";"CHEMBL2434884";"1";"Scientific Literature";"J Med Chem";"2013";"None";"";"";""
"CHEMBL2435437";"";"None";"287.40";"0";"4.04";"12n";"COc1cc2c(cc1C(C)N1CCCC1)C=CC(C)(C)O2";"IC50";"'='";"18600.0";"nM";"4.73";"";"";"UO_0000065";"";"";"";"";"0";"CHEMBL2438203";"Antiprotozoal activity against promastigote form of Leishmania tarentolae P10 assessed as parasite growth inhibition after 48 hrs by MTT assay";"F";"BAO_0000218";"organism-based format";"Leishmania tarentolae";"None";"None";"None";"None";"";"";"";"CHEMBL612915";"Leishmania tarentolae";"Leishmania tarentolae";"ORGANISM";"CHEMBL2434884";"1";"Scientific Literature";"J Med Chem";"2013";"None";"";"";""
"CHEMBL2435434";"";"None";"374.57";"1";"5.04";"12k";"CCN(CC)CCCC(C)NC(C)c1cc2c(cc1OC)OC(C)(C)C=C2";"IC50";"'='";"3240.0";"nM";"5.49";"";"";"UO_0000065";"";"";"";"";"0";"CHEMBL2438203";"Antiprotozoal activity against promastigote form of Leishmania tarentolae P10 assessed as parasite growth inhibition after 48 hrs by MTT assay";"F";"BAO_0000218";"organism-based format";"Leishmania tarentolae";"None";"None";"None";"None";"";"";"";"CHEMBL612915";"Leishmania tarentolae";"Leishmania tarentolae";"ORGANISM";"CHEMBL2434884";"1";"Scientific Literature";"J Med Chem";"2013";"None";"";"";""
"CHEMBL2435430";"";"None";"337.46";"1";"5.29";"12g";"COc1cc2c(cc1C(C)N[C@@H](C)c1ccccc1)C=CC(C)(C)O2";"IC50";"'='";"9010.0";"nM";"5.04";"";"";"UO_0000065";"";"";"";"";"0";"CHEMBL2438203";"Antiprotozoal activity against promastigote form of Leishmania tarentolae P10 assessed as parasite growth inhibition after 48 hrs by MTT assay";"F";"BAO_0000218";"organism-based format";"Leishmania tarentolae";"None";"None";"None";"None";"";"";"";"CHEMBL612915";"Leishmania tarentolae";"Leishmania tarentolae";"ORGANISM";"CHEMBL2434884";"1";"Scientific Literature";"J Med Chem";"2013";"None";"";"";""
"CHEMBL2435441";"";"None";"353.51";"1";"5.08";"14c";"COc1cc2c(cc1C(C)NCCCc1ccccc1)CCC(C)(C)O2";"IC50";"'='";"129000.0";"nM";"";"Outside typical range";"";"UO_0000065";"";"";"";"";"0";"CHEMBL2438203";"Antiprotozoal activity against promastigote form of Leishmania tarentolae P10 assessed as parasite growth inhibition after 48 hrs by MTT assay";"F";"BAO_0000218";"organism-based format";"Leishmania tarentolae";"None";"None";"None";"None";"";"";"";"CHEMBL612915";"Leishmania tarentolae";"Leishmania tarentolae";"ORGANISM";"CHEMBL2434884";"1";"Scientific Literature";"J Med Chem";"2013";"None";"";"";""
"CHEMBL2435416";"";"None";"337.46";"0";"4.86";"15b";"CC(NCCCc1ccccc1)c1cc2c(cc1O)OC(C)(C)C=C2";"IC50";"'='";"6200.0";"nM";"5.21";"";"";"UO_0000065";"";"";"";"";"0";"CHEMBL2438203";"Antiprotozoal activity against promastigote form of Leishmania tarentolae P10 assessed as parasite growth inhibition after 48 hrs by MTT assay";"F";"BAO_0000218";"organism-based format";"Leishmania tarentolae";"None";"None";"None";"None";"";"";"";"CHEMBL612915";"Leishmania tarentolae";"Leishmania tarentolae";"ORGANISM";"CHEMBL2434884";"1";"Scientific Literature";"J Med Chem";"2013";"None";"";"";""
"CHEMBL2435432";"";"None";"261.37";"0";"3.55";"12i";"CCNC(C)c1cc2c(cc1OC)OC(C)(C)C=C2";"IC50";"'='";"8760.0";"nM";"5.06";"";"";"UO_0000065";"";"";"";"";"0";"CHEMBL2438203";"Antiprotozoal activity against promastigote form of Leishmania tarentolae P10 assessed as parasite growth inhibition after 48 hrs by MTT assay";"F";"BAO_0000218";"organism-based format";"Leishmania tarentolae";"None";"None";"None";"None";"";"";"";"CHEMBL612915";"Leishmania tarentolae";"Leishmania tarentolae";"ORGANISM";"CHEMBL2434884";"1";"Scientific Literature";"J Med Chem";"2013";"None";"";"";""
"CHEMBL2435425";"";"None";"337.46";"0";"4.77";"12b";"COc1cc2c(cc1C(C)NCCc1ccccc1)C=CC(C)(C)O2";"IC50";"'='";"1040.0";"nM";"5.98";"";"";"UO_0000065";"";"";"";"";"0";"CHEMBL2438203";"Antiprotozoal activity against promastigote form of Leishmania tarentolae P10 assessed as parasite growth inhibition after 48 hrs by MTT assay";"F";"BAO_0000218";"organism-based format";"Leishmania tarentolae";"None";"None";"None";"None";"";"";"";"CHEMBL612915";"Leishmania tarentolae";"Leishmania tarentolae";"ORGANISM";"CHEMBL2434884";"1";"Scientific Literature";"J Med Chem";"2013";"None";"";"";""
"CHEMBL2435418";"";"None";"324.42";"1";"5.16";"9a";"COc1cc2c(cc1C(C)OCc1ccccc1)C=CC(C)(C)O2";"IC50";"'='";"1530.0";"nM";"5.82";"";"";"UO_0000065";"";"";"";"";"0";"CHEMBL2438203";"Antiprotozoal activity against promastigote form of Leishmania tarentolae P10 assessed as parasite growth inhibition after 48 hrs by MTT assay";"F";"BAO_0000218";"organism-based format";"Leishmania tarentolae";"None";"None";"None";"None";"";"";"";"CHEMBL612915";"Leishmania tarentolae";"Leishmania tarentolae";"ORGANISM";"CHEMBL2434884";"1";"Scientific Literature";"J Med Chem";"2013";"None";"";"";""
