"Molecule ChEMBL ID";"Molecule Name";"Molecule Max Phase";"Molecular Weight";"#RO5 Violations";"AlogP";"Compound Key";"Smiles";"Standard Type";"Standard Relation";"Standard Value";"Standard Units";"pChEMBL Value";"Data Validity Comment";"Comment";"Uo Units";"Ligand Efficiency BEI";"Ligand Efficiency LE";"Ligand Efficiency LLE";"Ligand Efficiency SEI";"Potential Duplicate";"Assay ChEMBL ID";"Assay Description";"Assay Type";"BAO Format ID";"BAO Label";"Assay Organism";"Assay Tissue ChEMBL ID";"Assay Tissue Name";"Assay Cell Type";"Assay Subcellular Fraction";"Assay Parameters";"Assay Variant Accession";"Assay Variant Mutation";"Target ChEMBL ID";"Target Name";"Target Organism";"Target Type";"Document ChEMBL ID";"Source ID";"Source Description";"Document Journal";"Document Year";"Cell ChEMBL ID";"Properties";"Action Type";"Standard Text Value"
"CHEMBL4649254";"";"None";"536.09";"1";"3.94";"11o";"CCn1c(=O)/c(=C/C=C2\Sc3ccc(F)cc3N2C)s/c1=C\c1sc2cc(F)ccc2[n+]1C.[Cl-]";"Inhibition";"'='";"43.9";"%";"";"";"";"UO_0000187";"";"";"";"";"0";"CHEMBL4610440";"Antileishmanial activity against Leishmania martiniquensis MHOM/MQ/92/MAR promastigote at 0.1 uM incubated for 72 hrs by resazurin dye based colorimetric assay relative to control";"F";"BAO_0000218";"organism-based format";"Leishmania martiniquensis";"None";"None";"None";"None";"";"";"";"CHEMBL4630669";"Leishmania martiniquensis";"Leishmania martiniquensis";"ORGANISM";"CHEMBL4609989";"1";"Scientific Literature";"Bioorg Med Chem";"2020";"None";"";"";""
"CHEMBL4636238";"";"None";"518.10";"0";"3.80";"11g";"CCn1c(=O)/c(=C/C=C2\Sc3ccc(F)cc3N2C)s/c1=C\c1sc2ccccc2[n+]1C.[Cl-]";"IC50";"'='";"139.0";"nM";"6.86";"";"";"UO_0000065";"";"";"";"";"0";"CHEMBL4610442";"Antileishmanial activity against Leishmania martiniquensis MHOM/MQ/92/MAR promastigote incubated for 72 hrs by resazurin dye based colorimetric assay";"F";"BAO_0000218";"organism-based format";"Leishmania martiniquensis";"None";"None";"None";"None";"";"";"";"CHEMBL4630669";"Leishmania martiniquensis";"Leishmania martiniquensis";"ORGANISM";"CHEMBL4609989";"1";"Scientific Literature";"Bioorg Med Chem";"2020";"None";"";"";""
"CHEMBL584818";"";"None";"518.10";"0";"3.80";"11c";"CCn1c(=O)/c(=C/C=C2\Sc3ccccc3N2C)s/c1=C\c1sc2ccc(F)cc2[n+]1C.[Cl-]";"Inhibition";"'='";"82.8";"%";"";"";"";"UO_0000187";"";"";"";"";"0";"CHEMBL4610440";"Antileishmanial activity against Leishmania martiniquensis MHOM/MQ/92/MAR promastigote at 0.1 uM incubated for 72 hrs by resazurin dye based colorimetric assay relative to control";"F";"BAO_0000218";"organism-based format";"Leishmania martiniquensis";"None";"None";"None";"None";"";"";"";"CHEMBL4630669";"Leishmania martiniquensis";"Leishmania martiniquensis";"ORGANISM";"CHEMBL4609989";"1";"Scientific Literature";"Bioorg Med Chem";"2020";"None";"";"";""
"CHEMBL4633984";"";"None";"568.11";"1";"4.68";"11j";"CCn1c(=O)/c(=C/C=C2\Sc3ccccc3N2C)s/c1=C\c1sc2cc(C(F)(F)F)ccc2[n+]1C.[Cl-]";"Inhibition";"'='";"24.9";"%";"";"";"";"UO_0000187";"";"";"";"";"0";"CHEMBL4610441";"Antileishmanial activity against Leishmania martiniquensis MHOM/MQ/92/MAR promastigote at 0.25 uM incubated for 72 hrs by resazurin dye based colorimetric assay relative to control";"F";"BAO_0000218";"organism-based format";"Leishmania martiniquensis";"None";"None";"None";"None";"";"";"";"CHEMBL4630669";"Leishmania martiniquensis";"Leishmania martiniquensis";"ORGANISM";"CHEMBL4609989";"1";"Scientific Literature";"Bioorg Med Chem";"2020";"None";"";"";""
"CHEMBL4638482";"";"None";"518.10";"0";"3.80";"11b";"CCn1c(=O)/c(=C/C=C2\Sc3ccccc3N2C)s/c1=C\c1sc2cccc(F)c2[n+]1C.[Cl-]";"Inhibition";"'='";"37.7";"%";"";"";"";"UO_0000187";"";"";"";"";"0";"CHEMBL4610440";"Antileishmanial activity against Leishmania martiniquensis MHOM/MQ/92/MAR promastigote at 0.1 uM incubated for 72 hrs by resazurin dye based colorimetric assay relative to control";"F";"BAO_0000218";"organism-based format";"Leishmania martiniquensis";"None";"None";"None";"None";"";"";"";"CHEMBL4630669";"Leishmania martiniquensis";"Leishmania martiniquensis";"ORGANISM";"CHEMBL4609989";"1";"Scientific Literature";"Bioorg Med Chem";"2020";"None";"";"";""
"CHEMBL4641930";"";"None";"518.10";"0";"3.80";"11f";"CCn1c(=O)/c(=C/C=C2\Sc3cccc(F)c3N2C)s/c1=C\c1sc2ccccc2[n+]1C.[Cl-]";"Inhibition";"'='";"30.0";"%";"";"";"";"UO_0000187";"";"";"";"";"0";"CHEMBL4610440";"Antileishmanial activity against Leishmania martiniquensis MHOM/MQ/92/MAR promastigote at 0.1 uM incubated for 72 hrs by resazurin dye based colorimetric assay relative to control";"F";"BAO_0000218";"organism-based format";"Leishmania martiniquensis";"None";"None";"None";"None";"";"";"";"CHEMBL4630669";"Leishmania martiniquensis";"Leishmania martiniquensis";"ORGANISM";"CHEMBL4609989";"1";"Scientific Literature";"Bioorg Med Chem";"2020";"None";"";"";""
"CHEMBL4633984";"";"None";"568.11";"1";"4.68";"11j";"CCn1c(=O)/c(=C/C=C2\Sc3ccccc3N2C)s/c1=C\c1sc2cc(C(F)(F)F)ccc2[n+]1C.[Cl-]";"Inhibition";"'='";"10.5";"%";"";"";"";"UO_0000187";"";"";"";"";"0";"CHEMBL4610440";"Antileishmanial activity against Leishmania martiniquensis MHOM/MQ/92/MAR promastigote at 0.1 uM incubated for 72 hrs by resazurin dye based colorimetric assay relative to control";"F";"BAO_0000218";"organism-based format";"Leishmania martiniquensis";"None";"None";"None";"None";"";"";"";"CHEMBL4630669";"Leishmania martiniquensis";"Leishmania martiniquensis";"ORGANISM";"CHEMBL4609989";"1";"Scientific Literature";"Bioorg Med Chem";"2020";"None";"";"";""
"CHEMBL4634611";"";"None";"536.09";"1";"3.94";"11n";"CCn1c(=O)/c(=C/C=C2\Sc3cc(F)ccc3N2C)s/c1=C\c1sc2cc(F)ccc2[n+]1C.[Cl-]";"Inhibition";"'='";"17.6";"%";"";"";"";"UO_0000187";"";"";"";"";"0";"CHEMBL4610440";"Antileishmanial activity against Leishmania martiniquensis MHOM/MQ/92/MAR promastigote at 0.1 uM incubated for 72 hrs by resazurin dye based colorimetric assay relative to control";"F";"BAO_0000218";"organism-based format";"Leishmania martiniquensis";"None";"None";"None";"None";"";"";"";"CHEMBL4630669";"Leishmania martiniquensis";"Leishmania martiniquensis";"ORGANISM";"CHEMBL4609989";"1";"Scientific Literature";"Bioorg Med Chem";"2020";"None";"";"";""
"CHEMBL4638600";"";"None";"518.10";"0";"3.80";"11d";"CCn1c(=O)/c(=C/C=C2\Sc3ccccc3N2C)s/c1=C\c1sc2cc(F)ccc2[n+]1C.[Cl-]";"Inhibition";"'='";"57.1";"%";"";"";"";"UO_0000187";"";"";"";"";"0";"CHEMBL4610440";"Antileishmanial activity against Leishmania martiniquensis MHOM/MQ/92/MAR promastigote at 0.1 uM incubated for 72 hrs by resazurin dye based colorimetric assay relative to control";"F";"BAO_0000218";"organism-based format";"Leishmania martiniquensis";"None";"None";"None";"None";"";"";"";"CHEMBL4630669";"Leishmania martiniquensis";"Leishmania martiniquensis";"ORGANISM";"CHEMBL4609989";"1";"Scientific Literature";"Bioorg Med Chem";"2020";"None";"";"";""
"CHEMBL4649340";"";"None";"653.85";"0";"3.80";"10c";"CCn1c(=O)/c(=C/C=C2\Sc3ccccc3N2C)s/c1=C\c1sc2ccc(F)cc2[n+]1C.Cc1ccc(S(=O)(=O)[O-])cc1";"Inhibition";"'='";"85.4";"%";"";"";"";"UO_0000187";"";"";"";"";"0";"CHEMBL4610440";"Antileishmanial activity against Leishmania martiniquensis MHOM/MQ/92/MAR promastigote at 0.1 uM incubated for 72 hrs by resazurin dye based colorimetric assay relative to control";"F";"BAO_0000218";"organism-based format";"Leishmania martiniquensis";"None";"None";"None";"None";"";"";"";"CHEMBL4630669";"Leishmania martiniquensis";"Leishmania martiniquensis";"ORGANISM";"CHEMBL4609989";"1";"Scientific Literature";"Bioorg Med Chem";"2020";"None";"";"";""
"CHEMBL4632522";"";"None";"584.11";"1";"4.56";"11k";"CCn1c(=O)/c(=C/C=C2\Sc3ccccc3N2C)s/c1=C\c1sc2cc(OC(F)(F)F)ccc2[n+]1C.[Cl-]";"Inhibition";"'='";"8.7";"%";"";"";"";"UO_0000187";"";"";"";"";"0";"CHEMBL4610440";"Antileishmanial activity against Leishmania martiniquensis MHOM/MQ/92/MAR promastigote at 0.1 uM incubated for 72 hrs by resazurin dye based colorimetric assay relative to control";"F";"BAO_0000218";"organism-based format";"Leishmania martiniquensis";"None";"None";"None";"None";"";"";"";"CHEMBL4630669";"Leishmania martiniquensis";"Leishmania martiniquensis";"ORGANISM";"CHEMBL4609989";"1";"Scientific Literature";"Bioorg Med Chem";"2020";"None";"";"";""
"CHEMBL4642489";"";"None";"536.09";"1";"3.94";"11p";"CCn1c(=O)/c(=C/C=C2\Sc3cc(F)ccc3N2C)s/c1=C\c1sc2ccc(F)cc2[n+]1C.[Cl-]";"Inhibition";"'='";"54.3";"%";"";"";"";"UO_0000187";"";"";"";"";"0";"CHEMBL4610440";"Antileishmanial activity against Leishmania martiniquensis MHOM/MQ/92/MAR promastigote at 0.1 uM incubated for 72 hrs by resazurin dye based colorimetric assay relative to control";"F";"BAO_0000218";"organism-based format";"Leishmania martiniquensis";"None";"None";"None";"None";"";"";"";"CHEMBL4630669";"Leishmania martiniquensis";"Leishmania martiniquensis";"ORGANISM";"CHEMBL4609989";"1";"Scientific Literature";"Bioorg Med Chem";"2020";"None";"";"";""
"CHEMBL4644768";"";"None";"518.10";"0";"3.80";"11e";"CCn1c(=O)/c(=C/C=C2\Sc3ccccc3N2C)s/c1=C\c1sc2c(F)cccc2[n+]1C.[Cl-]";"Inhibition";"'='";"41.1";"%";"";"";"";"UO_0000187";"";"";"";"";"0";"CHEMBL4610440";"Antileishmanial activity against Leishmania martiniquensis MHOM/MQ/92/MAR promastigote at 0.1 uM incubated for 72 hrs by resazurin dye based colorimetric assay relative to control";"F";"BAO_0000218";"organism-based format";"Leishmania martiniquensis";"None";"None";"None";"None";"";"";"";"CHEMBL4630669";"Leishmania martiniquensis";"Leishmania martiniquensis";"ORGANISM";"CHEMBL4609989";"1";"Scientific Literature";"Bioorg Med Chem";"2020";"None";"";"";""
"CHEMBL4634435";"";"None";"518.10";"0";"3.80";"11h";"CCn1c(=O)/c(=C/C=C2\Sc3cc(F)ccc3N2C)s/c1=C\c1sc2ccccc2[n+]1C.[Cl-]";"IC50";"";"";"";"";"";"Not Determined";"";"";"";"";"";"0";"CHEMBL4610442";"Antileishmanial activity against Leishmania martiniquensis MHOM/MQ/92/MAR promastigote incubated for 72 hrs by resazurin dye based colorimetric assay";"F";"BAO_0000218";"organism-based format";"Leishmania martiniquensis";"None";"None";"None";"None";"";"";"";"CHEMBL4630669";"Leishmania martiniquensis";"Leishmania martiniquensis";"ORGANISM";"CHEMBL4609989";"1";"Scientific Literature";"Bioorg Med Chem";"2020";"None";"";"";""
"CHEMBL4649254";"";"None";"536.09";"1";"3.94";"11o";"CCn1c(=O)/c(=C/C=C2\Sc3ccc(F)cc3N2C)s/c1=C\c1sc2cc(F)ccc2[n+]1C.[Cl-]";"IC50";"";"";"";"";"";"Not Determined";"";"";"";"";"";"0";"CHEMBL4610442";"Antileishmanial activity against Leishmania martiniquensis MHOM/MQ/92/MAR promastigote incubated for 72 hrs by resazurin dye based colorimetric assay";"F";"BAO_0000218";"organism-based format";"Leishmania martiniquensis";"None";"None";"None";"None";"";"";"";"CHEMBL4630669";"Leishmania martiniquensis";"Leishmania martiniquensis";"ORGANISM";"CHEMBL4609989";"1";"Scientific Literature";"Bioorg Med Chem";"2020";"None";"";"";""
"CHEMBL4638600";"";"None";"518.10";"0";"3.80";"11d";"CCn1c(=O)/c(=C/C=C2\Sc3ccccc3N2C)s/c1=C\c1sc2cc(F)ccc2[n+]1C.[Cl-]";"Inhibition";"'='";"71.1";"%";"";"";"";"UO_0000187";"";"";"";"";"0";"CHEMBL4610441";"Antileishmanial activity against Leishmania martiniquensis MHOM/MQ/92/MAR promastigote at 0.25 uM incubated for 72 hrs by resazurin dye based colorimetric assay relative to control";"F";"BAO_0000218";"organism-based format";"Leishmania martiniquensis";"None";"None";"None";"None";"";"";"";"CHEMBL4630669";"Leishmania martiniquensis";"Leishmania martiniquensis";"ORGANISM";"CHEMBL4609989";"1";"Scientific Literature";"Bioorg Med Chem";"2020";"None";"";"";""
"CHEMBL4641930";"";"None";"518.10";"0";"3.80";"11f";"CCn1c(=O)/c(=C/C=C2\Sc3cccc(F)c3N2C)s/c1=C\c1sc2ccccc2[n+]1C.[Cl-]";"Inhibition";"'='";"73.0";"%";"";"";"";"UO_0000187";"";"";"";"";"0";"CHEMBL4610441";"Antileishmanial activity against Leishmania martiniquensis MHOM/MQ/92/MAR promastigote at 0.25 uM incubated for 72 hrs by resazurin dye based colorimetric assay relative to control";"F";"BAO_0000218";"organism-based format";"Leishmania martiniquensis";"None";"None";"None";"None";"";"";"";"CHEMBL4630669";"Leishmania martiniquensis";"Leishmania martiniquensis";"ORGANISM";"CHEMBL4609989";"1";"Scientific Literature";"Bioorg Med Chem";"2020";"None";"";"";""
"CHEMBL4647513";"";"None";"586.10";"1";"4.82";"11q";"CCn1c(=O)/c(=C/C=C2\Sc3cc(C(F)(F)F)ccc3N2C)s/c1=C\c1sc2ccc(F)cc2[n+]1C.[Cl-]";"Inhibition";"'='";"39.2";"%";"";"";"";"UO_0000187";"";"";"";"";"0";"CHEMBL4610441";"Antileishmanial activity against Leishmania martiniquensis MHOM/MQ/92/MAR promastigote at 0.25 uM incubated for 72 hrs by resazurin dye based colorimetric assay relative to control";"F";"BAO_0000218";"organism-based format";"Leishmania martiniquensis";"None";"None";"None";"None";"";"";"";"CHEMBL4630669";"Leishmania martiniquensis";"Leishmania martiniquensis";"ORGANISM";"CHEMBL4609989";"1";"Scientific Literature";"Bioorg Med Chem";"2020";"None";"";"";""
"CHEMBL4646044";"";"None";"536.09";"1";"3.94";"11m";"CCn1c(=O)/c(=C/C=C2\Sc3ccc(F)cc3N2C)s/c1=C\c1sc2ccc(F)cc2[n+]1C.[Cl-]";"IC50";"";"";"";"";"";"Not Determined";"";"";"";"";"";"0";"CHEMBL4610442";"Antileishmanial activity against Leishmania martiniquensis MHOM/MQ/92/MAR promastigote incubated for 72 hrs by resazurin dye based colorimetric assay";"F";"BAO_0000218";"organism-based format";"Leishmania martiniquensis";"None";"None";"None";"None";"";"";"";"CHEMBL4630669";"Leishmania martiniquensis";"Leishmania martiniquensis";"ORGANISM";"CHEMBL4609989";"1";"Scientific Literature";"Bioorg Med Chem";"2020";"None";"";"";""
"CHEMBL4634435";"";"None";"518.10";"0";"3.80";"11h";"CCn1c(=O)/c(=C/C=C2\Sc3cc(F)ccc3N2C)s/c1=C\c1sc2ccccc2[n+]1C.[Cl-]";"Inhibition";"'='";"40.3";"%";"";"";"";"UO_0000187";"";"";"";"";"0";"CHEMBL4610440";"Antileishmanial activity against Leishmania martiniquensis MHOM/MQ/92/MAR promastigote at 0.1 uM incubated for 72 hrs by resazurin dye based colorimetric assay relative to control";"F";"BAO_0000218";"organism-based format";"Leishmania martiniquensis";"None";"None";"None";"None";"";"";"";"CHEMBL4630669";"Leishmania martiniquensis";"Leishmania martiniquensis";"ORGANISM";"CHEMBL4609989";"1";"Scientific Literature";"Bioorg Med Chem";"2020";"None";"";"";""
"CHEMBL4643116";"";"None";"536.09";"1";"3.94";"11l";"CCn1c(=O)/c(=C/C=C2\Sc3ccccc3N2C)s/c1=C\c1sc2cc(F)c(F)cc2[n+]1C.[Cl-]";"Inhibition";"'='";"80.6";"%";"";"";"";"UO_0000187";"";"";"";"";"0";"CHEMBL4610440";"Antileishmanial activity against Leishmania martiniquensis MHOM/MQ/92/MAR promastigote at 0.1 uM incubated for 72 hrs by resazurin dye based colorimetric assay relative to control";"F";"BAO_0000218";"organism-based format";"Leishmania martiniquensis";"None";"None";"None";"None";"";"";"";"CHEMBL4630669";"Leishmania martiniquensis";"Leishmania martiniquensis";"ORGANISM";"CHEMBL4609989";"1";"Scientific Literature";"Bioorg Med Chem";"2020";"None";"";"";""
"CHEMBL267345";"AMPHOTERICIN B";"4.0";"924.09";"3";"0.71";"Amb";"C[C@@H]1[C@H](O)[C@@H](C)/C=C/C=C/C=C/C=C/C=C/C=C/C=C/[C@H](O[C@@H]2O[C@H](C)[C@@H](O)[C@H](N)[C@@H]2O)C[C@@H]2O[C@](O)(C[C@@H](O)C[C@@H](O)[C@H](O)CC[C@@H](O)C[C@@H](O)CC(=O)O[C@H]1C)C[C@H](O)[C@H]2C(=O)O";"IC50";"'='";"31.0";"nM";"7.51";"";"";"UO_0000065";"";"";"";"";"0";"CHEMBL4610442";"Antileishmanial activity against Leishmania martiniquensis MHOM/MQ/92/MAR promastigote incubated for 72 hrs by resazurin dye based colorimetric assay";"F";"BAO_0000218";"organism-based format";"Leishmania martiniquensis";"None";"None";"None";"None";"";"";"";"CHEMBL4630669";"Leishmania martiniquensis";"Leishmania martiniquensis";"ORGANISM";"CHEMBL4609989";"1";"Scientific Literature";"Bioorg Med Chem";"2020";"None";"";"";""
"CHEMBL125";"MILTEFOSINE";"4.0";"407.58";"1";"5.68";"MF";"CCCCCCCCCCCCCCCCOP(=O)([O-])OCC[N+](C)(C)C";"Inhibition";"";"";"%";"";"";"Not Active";"UO_0000187";"";"";"";"";"0";"CHEMBL4610440";"Antileishmanial activity against Leishmania martiniquensis MHOM/MQ/92/MAR promastigote at 0.1 uM incubated for 72 hrs by resazurin dye based colorimetric assay relative to control";"F";"BAO_0000218";"organism-based format";"Leishmania martiniquensis";"None";"None";"None";"None";"";"";"";"CHEMBL4630669";"Leishmania martiniquensis";"Leishmania martiniquensis";"ORGANISM";"CHEMBL4609989";"1";"Scientific Literature";"Bioorg Med Chem";"2020";"None";"";"";""
"CHEMBL4632522";"";"None";"584.11";"1";"4.56";"11k";"CCn1c(=O)/c(=C/C=C2\Sc3ccccc3N2C)s/c1=C\c1sc2cc(OC(F)(F)F)ccc2[n+]1C.[Cl-]";"Inhibition";"'='";"27.1";"%";"";"";"";"UO_0000187";"";"";"";"";"0";"CHEMBL4610441";"Antileishmanial activity against Leishmania martiniquensis MHOM/MQ/92/MAR promastigote at 0.25 uM incubated for 72 hrs by resazurin dye based colorimetric assay relative to control";"F";"BAO_0000218";"organism-based format";"Leishmania martiniquensis";"None";"None";"None";"None";"";"";"";"CHEMBL4630669";"Leishmania martiniquensis";"Leishmania martiniquensis";"ORGANISM";"CHEMBL4609989";"1";"Scientific Literature";"Bioorg Med Chem";"2020";"None";"";"";""
"CHEMBL4638482";"";"None";"518.10";"0";"3.80";"11b";"CCn1c(=O)/c(=C/C=C2\Sc3ccccc3N2C)s/c1=C\c1sc2cccc(F)c2[n+]1C.[Cl-]";"Inhibition";"'='";"64.1";"%";"";"";"";"UO_0000187";"";"";"";"";"0";"CHEMBL4610441";"Antileishmanial activity against Leishmania martiniquensis MHOM/MQ/92/MAR promastigote at 0.25 uM incubated for 72 hrs by resazurin dye based colorimetric assay relative to control";"F";"BAO_0000218";"organism-based format";"Leishmania martiniquensis";"None";"None";"None";"None";"";"";"";"CHEMBL4630669";"Leishmania martiniquensis";"Leishmania martiniquensis";"ORGANISM";"CHEMBL4609989";"1";"Scientific Literature";"Bioorg Med Chem";"2020";"None";"";"";""
"CHEMBL267345";"AMPHOTERICIN B";"4.0";"924.09";"3";"0.71";"AM";"C[C@@H]1[C@H](O)[C@@H](C)/C=C/C=C/C=C/C=C/C=C/C=C/C=C/[C@H](O[C@@H]2O[C@H](C)[C@@H](O)[C@H](N)[C@@H]2O)C[C@@H]2O[C@](O)(C[C@@H](O)C[C@@H](O)[C@H](O)CC[C@@H](O)C[C@@H](O)CC(=O)O[C@H]1C)C[C@H](O)[C@H]2C(=O)O";"Inhibition";"'='";"97.5";"%";"";"";"";"UO_0000187";"";"";"";"";"0";"CHEMBL4610441";"Antileishmanial activity against Leishmania martiniquensis MHOM/MQ/92/MAR promastigote at 0.25 uM incubated for 72 hrs by resazurin dye based colorimetric assay relative to control";"F";"BAO_0000218";"organism-based format";"Leishmania martiniquensis";"None";"None";"None";"None";"";"";"";"CHEMBL4630669";"Leishmania martiniquensis";"Leishmania martiniquensis";"ORGANISM";"CHEMBL4609989";"1";"Scientific Literature";"Bioorg Med Chem";"2020";"None";"";"";""
"CHEMBL125";"MILTEFOSINE";"4.0";"407.58";"1";"5.68";"MF";"CCCCCCCCCCCCCCCCOP(=O)([O-])OCC[N+](C)(C)C";"IC50";"'='";"15790.0";"nM";"4.80";"";"";"UO_0000065";"";"";"";"";"0";"CHEMBL4610442";"Antileishmanial activity against Leishmania martiniquensis MHOM/MQ/92/MAR promastigote incubated for 72 hrs by resazurin dye based colorimetric assay";"F";"BAO_0000218";"organism-based format";"Leishmania martiniquensis";"None";"None";"None";"None";"";"";"";"CHEMBL4630669";"Leishmania martiniquensis";"Leishmania martiniquensis";"ORGANISM";"CHEMBL4609989";"1";"Scientific Literature";"Bioorg Med Chem";"2020";"None";"";"";""
"CHEMBL4636238";"";"None";"518.10";"0";"3.80";"11g";"CCn1c(=O)/c(=C/C=C2\Sc3ccc(F)cc3N2C)s/c1=C\c1sc2ccccc2[n+]1C.[Cl-]";"Inhibition";"'='";"89.2";"%";"";"";"";"UO_0000187";"";"";"";"";"0";"CHEMBL4610441";"Antileishmanial activity against Leishmania martiniquensis MHOM/MQ/92/MAR promastigote at 0.25 uM incubated for 72 hrs by resazurin dye based colorimetric assay relative to control";"F";"BAO_0000218";"organism-based format";"Leishmania martiniquensis";"None";"None";"None";"None";"";"";"";"CHEMBL4630669";"Leishmania martiniquensis";"Leishmania martiniquensis";"ORGANISM";"CHEMBL4609989";"1";"Scientific Literature";"Bioorg Med Chem";"2020";"None";"";"";""
"CHEMBL4647513";"";"None";"586.10";"1";"4.82";"11q";"CCn1c(=O)/c(=C/C=C2\Sc3cc(C(F)(F)F)ccc3N2C)s/c1=C\c1sc2ccc(F)cc2[n+]1C.[Cl-]";"Inhibition";"'='";"5.9";"%";"";"";"";"UO_0000187";"";"";"";"";"0";"CHEMBL4610440";"Antileishmanial activity against Leishmania martiniquensis MHOM/MQ/92/MAR promastigote at 0.1 uM incubated for 72 hrs by resazurin dye based colorimetric assay relative to control";"F";"BAO_0000218";"organism-based format";"Leishmania martiniquensis";"None";"None";"None";"None";"";"";"";"CHEMBL4630669";"Leishmania martiniquensis";"Leishmania martiniquensis";"ORGANISM";"CHEMBL4609989";"1";"Scientific Literature";"Bioorg Med Chem";"2020";"None";"";"";""
"CHEMBL4637803";"";"None";"518.10";"0";"3.80";"11i";"CCn1c(=O)/c(=C/C=C2\Sc3c(F)cccc3N2C)s/c1=C\c1sc2ccccc2[n+]1C.[Cl-]";"Inhibition";"'='";"92.7";"%";"";"";"";"UO_0000187";"";"";"";"";"0";"CHEMBL4610441";"Antileishmanial activity against Leishmania martiniquensis MHOM/MQ/92/MAR promastigote at 0.25 uM incubated for 72 hrs by resazurin dye based colorimetric assay relative to control";"F";"BAO_0000218";"organism-based format";"Leishmania martiniquensis";"None";"None";"None";"None";"";"";"";"CHEMBL4630669";"Leishmania martiniquensis";"Leishmania martiniquensis";"ORGANISM";"CHEMBL4609989";"1";"Scientific Literature";"Bioorg Med Chem";"2020";"None";"";"";""
"CHEMBL4634611";"";"None";"536.09";"1";"3.94";"11n";"CCn1c(=O)/c(=C/C=C2\Sc3cc(F)ccc3N2C)s/c1=C\c1sc2cc(F)ccc2[n+]1C.[Cl-]";"Inhibition";"'='";"62.9";"%";"";"";"";"UO_0000187";"";"";"";"";"0";"CHEMBL4610441";"Antileishmanial activity against Leishmania martiniquensis MHOM/MQ/92/MAR promastigote at 0.25 uM incubated for 72 hrs by resazurin dye based colorimetric assay relative to control";"F";"BAO_0000218";"organism-based format";"Leishmania martiniquensis";"None";"None";"None";"None";"";"";"";"CHEMBL4630669";"Leishmania martiniquensis";"Leishmania martiniquensis";"ORGANISM";"CHEMBL4609989";"1";"Scientific Literature";"Bioorg Med Chem";"2020";"None";"";"";""
"CHEMBL4649254";"";"None";"536.09";"1";"3.94";"11o";"CCn1c(=O)/c(=C/C=C2\Sc3ccc(F)cc3N2C)s/c1=C\c1sc2cc(F)ccc2[n+]1C.[Cl-]";"Inhibition";"'='";"75.9";"%";"";"";"";"UO_0000187";"";"";"";"";"0";"CHEMBL4610441";"Antileishmanial activity against Leishmania martiniquensis MHOM/MQ/92/MAR promastigote at 0.25 uM incubated for 72 hrs by resazurin dye based colorimetric assay relative to control";"F";"BAO_0000218";"organism-based format";"Leishmania martiniquensis";"None";"None";"None";"None";"";"";"";"CHEMBL4630669";"Leishmania martiniquensis";"Leishmania martiniquensis";"ORGANISM";"CHEMBL4609989";"1";"Scientific Literature";"Bioorg Med Chem";"2020";"None";"";"";""
"CHEMBL4642489";"";"None";"536.09";"1";"3.94";"11p";"CCn1c(=O)/c(=C/C=C2\Sc3cc(F)ccc3N2C)s/c1=C\c1sc2ccc(F)cc2[n+]1C.[Cl-]";"Inhibition";"'='";"93.4";"%";"";"";"";"UO_0000187";"";"";"";"";"0";"CHEMBL4610441";"Antileishmanial activity against Leishmania martiniquensis MHOM/MQ/92/MAR promastigote at 0.25 uM incubated for 72 hrs by resazurin dye based colorimetric assay relative to control";"F";"BAO_0000218";"organism-based format";"Leishmania martiniquensis";"None";"None";"None";"None";"";"";"";"CHEMBL4630669";"Leishmania martiniquensis";"Leishmania martiniquensis";"ORGANISM";"CHEMBL4609989";"1";"Scientific Literature";"Bioorg Med Chem";"2020";"None";"";"";""
"CHEMBL4649340";"";"None";"653.85";"0";"3.80";"10c";"CCn1c(=O)/c(=C/C=C2\Sc3ccccc3N2C)s/c1=C\c1sc2ccc(F)cc2[n+]1C.Cc1ccc(S(=O)(=O)[O-])cc1";"IC50";"'='";"76.0";"nM";"7.12";"";"";"UO_0000065";"";"";"";"";"0";"CHEMBL4610442";"Antileishmanial activity against Leishmania martiniquensis MHOM/MQ/92/MAR promastigote incubated for 72 hrs by resazurin dye based colorimetric assay";"F";"BAO_0000218";"organism-based format";"Leishmania martiniquensis";"None";"None";"None";"None";"";"";"";"CHEMBL4630669";"Leishmania martiniquensis";"Leishmania martiniquensis";"ORGANISM";"CHEMBL4609989";"1";"Scientific Literature";"Bioorg Med Chem";"2020";"None";"";"";""
"CHEMBL4641930";"";"None";"518.10";"0";"3.80";"11f";"CCn1c(=O)/c(=C/C=C2\Sc3cccc(F)c3N2C)s/c1=C\c1sc2ccccc2[n+]1C.[Cl-]";"IC50";"";"";"";"";"";"Not Determined";"";"";"";"";"";"0";"CHEMBL4610442";"Antileishmanial activity against Leishmania martiniquensis MHOM/MQ/92/MAR promastigote incubated for 72 hrs by resazurin dye based colorimetric assay";"F";"BAO_0000218";"organism-based format";"Leishmania martiniquensis";"None";"None";"None";"None";"";"";"";"CHEMBL4630669";"Leishmania martiniquensis";"Leishmania martiniquensis";"ORGANISM";"CHEMBL4609989";"1";"Scientific Literature";"Bioorg Med Chem";"2020";"None";"";"";""
"CHEMBL4634611";"";"None";"536.09";"1";"3.94";"11n";"CCn1c(=O)/c(=C/C=C2\Sc3cc(F)ccc3N2C)s/c1=C\c1sc2cc(F)ccc2[n+]1C.[Cl-]";"IC50";"";"";"";"";"";"Not Determined";"";"";"";"";"";"0";"CHEMBL4610442";"Antileishmanial activity against Leishmania martiniquensis MHOM/MQ/92/MAR promastigote incubated for 72 hrs by resazurin dye based colorimetric assay";"F";"BAO_0000218";"organism-based format";"Leishmania martiniquensis";"None";"None";"None";"None";"";"";"";"CHEMBL4630669";"Leishmania martiniquensis";"Leishmania martiniquensis";"ORGANISM";"CHEMBL4609989";"1";"Scientific Literature";"Bioorg Med Chem";"2020";"None";"";"";""
"CHEMBL4642489";"";"None";"536.09";"1";"3.94";"11p";"CCn1c(=O)/c(=C/C=C2\Sc3cc(F)ccc3N2C)s/c1=C\c1sc2ccc(F)cc2[n+]1C.[Cl-]";"IC50";"'='";"142.0";"nM";"6.85";"";"";"UO_0000065";"";"";"";"";"0";"CHEMBL4610442";"Antileishmanial activity against Leishmania martiniquensis MHOM/MQ/92/MAR promastigote incubated for 72 hrs by resazurin dye based colorimetric assay";"F";"BAO_0000218";"organism-based format";"Leishmania martiniquensis";"None";"None";"None";"None";"";"";"";"CHEMBL4630669";"Leishmania martiniquensis";"Leishmania martiniquensis";"ORGANISM";"CHEMBL4609989";"1";"Scientific Literature";"Bioorg Med Chem";"2020";"None";"";"";""
"CHEMBL4636238";"";"None";"518.10";"0";"3.80";"11g";"CCn1c(=O)/c(=C/C=C2\Sc3ccc(F)cc3N2C)s/c1=C\c1sc2ccccc2[n+]1C.[Cl-]";"Inhibition";"'='";"76.9";"%";"";"";"";"UO_0000187";"";"";"";"";"0";"CHEMBL4610440";"Antileishmanial activity against Leishmania martiniquensis MHOM/MQ/92/MAR promastigote at 0.1 uM incubated for 72 hrs by resazurin dye based colorimetric assay relative to control";"F";"BAO_0000218";"organism-based format";"Leishmania martiniquensis";"None";"None";"None";"None";"";"";"";"CHEMBL4630669";"Leishmania martiniquensis";"Leishmania martiniquensis";"ORGANISM";"CHEMBL4609989";"1";"Scientific Literature";"Bioorg Med Chem";"2020";"None";"";"";""
"CHEMBL4646044";"";"None";"536.09";"1";"3.94";"11m";"CCn1c(=O)/c(=C/C=C2\Sc3ccc(F)cc3N2C)s/c1=C\c1sc2ccc(F)cc2[n+]1C.[Cl-]";"Inhibition";"'='";"56.4";"%";"";"";"";"UO_0000187";"";"";"";"";"0";"CHEMBL4610440";"Antileishmanial activity against Leishmania martiniquensis MHOM/MQ/92/MAR promastigote at 0.1 uM incubated for 72 hrs by resazurin dye based colorimetric assay relative to control";"F";"BAO_0000218";"organism-based format";"Leishmania martiniquensis";"None";"None";"None";"None";"";"";"";"CHEMBL4630669";"Leishmania martiniquensis";"Leishmania martiniquensis";"ORGANISM";"CHEMBL4609989";"1";"Scientific Literature";"Bioorg Med Chem";"2020";"None";"";"";""
"CHEMBL567070";"";"None";"500.11";"0";"3.66";"11a";"CCn1c(=O)/c(=C/C=C2\Sc3ccccc3N2C)s/c1=C\c1sc2ccccc2[n+]1C.[Cl-]";"Inhibition";"'='";"70.8";"%";"";"";"";"UO_0000187";"";"";"";"";"0";"CHEMBL4610441";"Antileishmanial activity against Leishmania martiniquensis MHOM/MQ/92/MAR promastigote at 0.25 uM incubated for 72 hrs by resazurin dye based colorimetric assay relative to control";"F";"BAO_0000218";"organism-based format";"Leishmania martiniquensis";"None";"None";"None";"None";"";"";"";"CHEMBL4630669";"Leishmania martiniquensis";"Leishmania martiniquensis";"ORGANISM";"CHEMBL4609989";"1";"Scientific Literature";"Bioorg Med Chem";"2020";"None";"";"";""
"CHEMBL4638482";"";"None";"518.10";"0";"3.80";"11b";"CCn1c(=O)/c(=C/C=C2\Sc3ccccc3N2C)s/c1=C\c1sc2cccc(F)c2[n+]1C.[Cl-]";"IC50";"";"";"";"";"";"Not Determined";"";"";"";"";"";"0";"CHEMBL4610442";"Antileishmanial activity against Leishmania martiniquensis MHOM/MQ/92/MAR promastigote incubated for 72 hrs by resazurin dye based colorimetric assay";"F";"BAO_0000218";"organism-based format";"Leishmania martiniquensis";"None";"None";"None";"None";"";"";"";"CHEMBL4630669";"Leishmania martiniquensis";"Leishmania martiniquensis";"ORGANISM";"CHEMBL4609989";"1";"Scientific Literature";"Bioorg Med Chem";"2020";"None";"";"";""
"CHEMBL567070";"";"None";"500.11";"0";"3.66";"11a";"CCn1c(=O)/c(=C/C=C2\Sc3ccccc3N2C)s/c1=C\c1sc2ccccc2[n+]1C.[Cl-]";"IC50";"'='";"658.0";"nM";"6.18";"";"";"UO_0000065";"";"";"";"";"0";"CHEMBL4610442";"Antileishmanial activity against Leishmania martiniquensis MHOM/MQ/92/MAR promastigote incubated for 72 hrs by resazurin dye based colorimetric assay";"F";"BAO_0000218";"organism-based format";"Leishmania martiniquensis";"None";"None";"None";"None";"";"";"";"CHEMBL4630669";"Leishmania martiniquensis";"Leishmania martiniquensis";"ORGANISM";"CHEMBL4609989";"1";"Scientific Literature";"Bioorg Med Chem";"2020";"None";"";"";""
"CHEMBL4644768";"";"None";"518.10";"0";"3.80";"11e";"CCn1c(=O)/c(=C/C=C2\Sc3ccccc3N2C)s/c1=C\c1sc2c(F)cccc2[n+]1C.[Cl-]";"IC50";"";"";"";"";"";"Not Determined";"";"";"";"";"";"0";"CHEMBL4610442";"Antileishmanial activity against Leishmania martiniquensis MHOM/MQ/92/MAR promastigote incubated for 72 hrs by resazurin dye based colorimetric assay";"F";"BAO_0000218";"organism-based format";"Leishmania martiniquensis";"None";"None";"None";"None";"";"";"";"CHEMBL4630669";"Leishmania martiniquensis";"Leishmania martiniquensis";"ORGANISM";"CHEMBL4609989";"1";"Scientific Literature";"Bioorg Med Chem";"2020";"None";"";"";""
"CHEMBL4649340";"";"None";"653.85";"0";"3.80";"10c";"CCn1c(=O)/c(=C/C=C2\Sc3ccccc3N2C)s/c1=C\c1sc2ccc(F)cc2[n+]1C.Cc1ccc(S(=O)(=O)[O-])cc1";"Inhibition";"'='";"89.5";"%";"";"";"";"UO_0000187";"";"";"";"";"0";"CHEMBL4610441";"Antileishmanial activity against Leishmania martiniquensis MHOM/MQ/92/MAR promastigote at 0.25 uM incubated for 72 hrs by resazurin dye based colorimetric assay relative to control";"F";"BAO_0000218";"organism-based format";"Leishmania martiniquensis";"None";"None";"None";"None";"";"";"";"CHEMBL4630669";"Leishmania martiniquensis";"Leishmania martiniquensis";"ORGANISM";"CHEMBL4609989";"1";"Scientific Literature";"Bioorg Med Chem";"2020";"None";"";"";""
"CHEMBL4646044";"";"None";"536.09";"1";"3.94";"11m";"CCn1c(=O)/c(=C/C=C2\Sc3ccc(F)cc3N2C)s/c1=C\c1sc2ccc(F)cc2[n+]1C.[Cl-]";"Inhibition";"'='";"79.8";"%";"";"";"";"UO_0000187";"";"";"";"";"0";"CHEMBL4610441";"Antileishmanial activity against Leishmania martiniquensis MHOM/MQ/92/MAR promastigote at 0.25 uM incubated for 72 hrs by resazurin dye based colorimetric assay relative to control";"F";"BAO_0000218";"organism-based format";"Leishmania martiniquensis";"None";"None";"None";"None";"";"";"";"CHEMBL4630669";"Leishmania martiniquensis";"Leishmania martiniquensis";"ORGANISM";"CHEMBL4609989";"1";"Scientific Literature";"Bioorg Med Chem";"2020";"None";"";"";""
"CHEMBL4633984";"";"None";"568.11";"1";"4.68";"11j";"CCn1c(=O)/c(=C/C=C2\Sc3ccccc3N2C)s/c1=C\c1sc2cc(C(F)(F)F)ccc2[n+]1C.[Cl-]";"IC50";"";"";"";"";"";"Not Determined";"";"";"";"";"";"0";"CHEMBL4610442";"Antileishmanial activity against Leishmania martiniquensis MHOM/MQ/92/MAR promastigote incubated for 72 hrs by resazurin dye based colorimetric assay";"F";"BAO_0000218";"organism-based format";"Leishmania martiniquensis";"None";"None";"None";"None";"";"";"";"CHEMBL4630669";"Leishmania martiniquensis";"Leishmania martiniquensis";"ORGANISM";"CHEMBL4609989";"1";"Scientific Literature";"Bioorg Med Chem";"2020";"None";"";"";""
"CHEMBL4644768";"";"None";"518.10";"0";"3.80";"11e";"CCn1c(=O)/c(=C/C=C2\Sc3ccccc3N2C)s/c1=C\c1sc2c(F)cccc2[n+]1C.[Cl-]";"Inhibition";"'='";"85.2";"%";"";"";"";"UO_0000187";"";"";"";"";"0";"CHEMBL4610441";"Antileishmanial activity against Leishmania martiniquensis MHOM/MQ/92/MAR promastigote at 0.25 uM incubated for 72 hrs by resazurin dye based colorimetric assay relative to control";"F";"BAO_0000218";"organism-based format";"Leishmania martiniquensis";"None";"None";"None";"None";"";"";"";"CHEMBL4630669";"Leishmania martiniquensis";"Leishmania martiniquensis";"ORGANISM";"CHEMBL4609989";"1";"Scientific Literature";"Bioorg Med Chem";"2020";"None";"";"";""
"CHEMBL4643116";"";"None";"536.09";"1";"3.94";"11l";"CCn1c(=O)/c(=C/C=C2\Sc3ccccc3N2C)s/c1=C\c1sc2cc(F)c(F)cc2[n+]1C.[Cl-]";"Inhibition";"'='";"91.2";"%";"";"";"";"UO_0000187";"";"";"";"";"0";"CHEMBL4610441";"Antileishmanial activity against Leishmania martiniquensis MHOM/MQ/92/MAR promastigote at 0.25 uM incubated for 72 hrs by resazurin dye based colorimetric assay relative to control";"F";"BAO_0000218";"organism-based format";"Leishmania martiniquensis";"None";"None";"None";"None";"";"";"";"CHEMBL4630669";"Leishmania martiniquensis";"Leishmania martiniquensis";"ORGANISM";"CHEMBL4609989";"1";"Scientific Literature";"Bioorg Med Chem";"2020";"None";"";"";""
"CHEMBL584818";"";"None";"518.10";"0";"3.80";"11c";"CCn1c(=O)/c(=C/C=C2\Sc3ccccc3N2C)s/c1=C\c1sc2ccc(F)cc2[n+]1C.[Cl-]";"IC50";"'='";"85.0";"nM";"7.07";"";"";"UO_0000065";"";"";"";"";"0";"CHEMBL4610442";"Antileishmanial activity against Leishmania martiniquensis MHOM/MQ/92/MAR promastigote incubated for 72 hrs by resazurin dye based colorimetric assay";"F";"BAO_0000218";"organism-based format";"Leishmania martiniquensis";"None";"None";"None";"None";"";"";"";"CHEMBL4630669";"Leishmania martiniquensis";"Leishmania martiniquensis";"ORGANISM";"CHEMBL4609989";"1";"Scientific Literature";"Bioorg Med Chem";"2020";"None";"";"";""
"CHEMBL4637803";"";"None";"518.10";"0";"3.80";"11i";"CCn1c(=O)/c(=C/C=C2\Sc3c(F)cccc3N2C)s/c1=C\c1sc2ccccc2[n+]1C.[Cl-]";"IC50";"'='";"272.0";"nM";"6.57";"";"";"UO_0000065";"";"";"";"";"0";"CHEMBL4610442";"Antileishmanial activity against Leishmania martiniquensis MHOM/MQ/92/MAR promastigote incubated for 72 hrs by resazurin dye based colorimetric assay";"F";"BAO_0000218";"organism-based format";"Leishmania martiniquensis";"None";"None";"None";"None";"";"";"";"CHEMBL4630669";"Leishmania martiniquensis";"Leishmania martiniquensis";"ORGANISM";"CHEMBL4609989";"1";"Scientific Literature";"Bioorg Med Chem";"2020";"None";"";"";""
"CHEMBL584818";"";"None";"518.10";"0";"3.80";"11c";"CCn1c(=O)/c(=C/C=C2\Sc3ccccc3N2C)s/c1=C\c1sc2ccc(F)cc2[n+]1C.[Cl-]";"Ratio IC50";"'='";"200.0";"";"";"";"";"";"";"";"";"";"0";"CHEMBL4610450";"Potency index, ratio of IC50 for miltefosine to IC50 for test compound for antileishmanial activity against Leishmania martiniquensis MHOM/MQ/92/MAR promastigote incubated for 72 hrs by resazurin dye based colorimetric assay";"F";"BAO_0000218";"organism-based format";"Leishmania martiniquensis";"None";"None";"None";"None";"";"";"";"CHEMBL4630669";"Leishmania martiniquensis";"Leishmania martiniquensis";"ORGANISM";"CHEMBL4609989";"1";"Scientific Literature";"Bioorg Med Chem";"2020";"None";"";"";""
"CHEMBL567070";"";"None";"500.11";"0";"3.66";"11a";"CCn1c(=O)/c(=C/C=C2\Sc3ccccc3N2C)s/c1=C\c1sc2ccccc2[n+]1C.[Cl-]";"Inhibition";"'='";"21.0";"%";"";"";"";"UO_0000187";"";"";"";"";"0";"CHEMBL4610440";"Antileishmanial activity against Leishmania martiniquensis MHOM/MQ/92/MAR promastigote at 0.1 uM incubated for 72 hrs by resazurin dye based colorimetric assay relative to control";"F";"BAO_0000218";"organism-based format";"Leishmania martiniquensis";"None";"None";"None";"None";"";"";"";"CHEMBL4630669";"Leishmania martiniquensis";"Leishmania martiniquensis";"ORGANISM";"CHEMBL4609989";"1";"Scientific Literature";"Bioorg Med Chem";"2020";"None";"";"";""
"CHEMBL4637803";"";"None";"518.10";"0";"3.80";"11i";"CCn1c(=O)/c(=C/C=C2\Sc3c(F)cccc3N2C)s/c1=C\c1sc2ccccc2[n+]1C.[Cl-]";"Inhibition";"'='";"56.1";"%";"";"";"";"UO_0000187";"";"";"";"";"0";"CHEMBL4610440";"Antileishmanial activity against Leishmania martiniquensis MHOM/MQ/92/MAR promastigote at 0.1 uM incubated for 72 hrs by resazurin dye based colorimetric assay relative to control";"F";"BAO_0000218";"organism-based format";"Leishmania martiniquensis";"None";"None";"None";"None";"";"";"";"CHEMBL4630669";"Leishmania martiniquensis";"Leishmania martiniquensis";"ORGANISM";"CHEMBL4609989";"1";"Scientific Literature";"Bioorg Med Chem";"2020";"None";"";"";""
"CHEMBL267345";"AMPHOTERICIN B";"4.0";"924.09";"3";"0.71";"AM";"C[C@@H]1[C@H](O)[C@@H](C)/C=C/C=C/C=C/C=C/C=C/C=C/C=C/[C@H](O[C@@H]2O[C@H](C)[C@@H](O)[C@H](N)[C@@H]2O)C[C@@H]2O[C@](O)(C[C@@H](O)C[C@@H](O)[C@H](O)CC[C@@H](O)C[C@@H](O)CC(=O)O[C@H]1C)C[C@H](O)[C@H]2C(=O)O";"Inhibition";"'='";"94.2";"%";"";"";"";"UO_0000187";"";"";"";"";"0";"CHEMBL4610440";"Antileishmanial activity against Leishmania martiniquensis MHOM/MQ/92/MAR promastigote at 0.1 uM incubated for 72 hrs by resazurin dye based colorimetric assay relative to control";"F";"BAO_0000218";"organism-based format";"Leishmania martiniquensis";"None";"None";"None";"None";"";"";"";"CHEMBL4630669";"Leishmania martiniquensis";"Leishmania martiniquensis";"ORGANISM";"CHEMBL4609989";"1";"Scientific Literature";"Bioorg Med Chem";"2020";"None";"";"";""
"CHEMBL584818";"";"None";"518.10";"0";"3.80";"11c";"CCn1c(=O)/c(=C/C=C2\Sc3ccccc3N2C)s/c1=C\c1sc2ccc(F)cc2[n+]1C.[Cl-]";"Inhibition";"'='";"89.3";"%";"";"";"";"UO_0000187";"";"";"";"";"0";"CHEMBL4610441";"Antileishmanial activity against Leishmania martiniquensis MHOM/MQ/92/MAR promastigote at 0.25 uM incubated for 72 hrs by resazurin dye based colorimetric assay relative to control";"F";"BAO_0000218";"organism-based format";"Leishmania martiniquensis";"None";"None";"None";"None";"";"";"";"CHEMBL4630669";"Leishmania martiniquensis";"Leishmania martiniquensis";"ORGANISM";"CHEMBL4609989";"1";"Scientific Literature";"Bioorg Med Chem";"2020";"None";"";"";""
"CHEMBL4634435";"";"None";"518.10";"0";"3.80";"11h";"CCn1c(=O)/c(=C/C=C2\Sc3cc(F)ccc3N2C)s/c1=C\c1sc2ccccc2[n+]1C.[Cl-]";"Inhibition";"'='";"87.8";"%";"";"";"";"UO_0000187";"";"";"";"";"0";"CHEMBL4610441";"Antileishmanial activity against Leishmania martiniquensis MHOM/MQ/92/MAR promastigote at 0.25 uM incubated for 72 hrs by resazurin dye based colorimetric assay relative to control";"F";"BAO_0000218";"organism-based format";"Leishmania martiniquensis";"None";"None";"None";"None";"";"";"";"CHEMBL4630669";"Leishmania martiniquensis";"Leishmania martiniquensis";"ORGANISM";"CHEMBL4609989";"1";"Scientific Literature";"Bioorg Med Chem";"2020";"None";"";"";""
"CHEMBL4638600";"";"None";"518.10";"0";"3.80";"11d";"CCn1c(=O)/c(=C/C=C2\Sc3ccccc3N2C)s/c1=C\c1sc2cc(F)ccc2[n+]1C.[Cl-]";"IC50";"";"";"";"";"";"Not Determined";"";"";"";"";"";"0";"CHEMBL4610442";"Antileishmanial activity against Leishmania martiniquensis MHOM/MQ/92/MAR promastigote incubated for 72 hrs by resazurin dye based colorimetric assay";"F";"BAO_0000218";"organism-based format";"Leishmania martiniquensis";"None";"None";"None";"None";"";"";"";"CHEMBL4630669";"Leishmania martiniquensis";"Leishmania martiniquensis";"ORGANISM";"CHEMBL4609989";"1";"Scientific Literature";"Bioorg Med Chem";"2020";"None";"";"";""
"CHEMBL4632522";"";"None";"584.11";"1";"4.56";"11k";"CCn1c(=O)/c(=C/C=C2\Sc3ccccc3N2C)s/c1=C\c1sc2cc(OC(F)(F)F)ccc2[n+]1C.[Cl-]";"IC50";"";"";"";"";"";"Not Determined";"";"";"";"";"";"0";"CHEMBL4610442";"Antileishmanial activity against Leishmania martiniquensis MHOM/MQ/92/MAR promastigote incubated for 72 hrs by resazurin dye based colorimetric assay";"F";"BAO_0000218";"organism-based format";"Leishmania martiniquensis";"None";"None";"None";"None";"";"";"";"CHEMBL4630669";"Leishmania martiniquensis";"Leishmania martiniquensis";"ORGANISM";"CHEMBL4609989";"1";"Scientific Literature";"Bioorg Med Chem";"2020";"None";"";"";""
"CHEMBL4643116";"";"None";"536.09";"1";"3.94";"11l";"CCn1c(=O)/c(=C/C=C2\Sc3ccccc3N2C)s/c1=C\c1sc2cc(F)c(F)cc2[n+]1C.[Cl-]";"IC50";"'='";"106.0";"nM";"6.97";"";"";"UO_0000065";"";"";"";"";"0";"CHEMBL4610442";"Antileishmanial activity against Leishmania martiniquensis MHOM/MQ/92/MAR promastigote incubated for 72 hrs by resazurin dye based colorimetric assay";"F";"BAO_0000218";"organism-based format";"Leishmania martiniquensis";"None";"None";"None";"None";"";"";"";"CHEMBL4630669";"Leishmania martiniquensis";"Leishmania martiniquensis";"ORGANISM";"CHEMBL4609989";"1";"Scientific Literature";"Bioorg Med Chem";"2020";"None";"";"";""
"CHEMBL4647513";"";"None";"586.10";"1";"4.82";"11q";"CCn1c(=O)/c(=C/C=C2\Sc3cc(C(F)(F)F)ccc3N2C)s/c1=C\c1sc2ccc(F)cc2[n+]1C.[Cl-]";"IC50";"";"";"";"";"";"Not Determined";"";"";"";"";"";"0";"CHEMBL4610442";"Antileishmanial activity against Leishmania martiniquensis MHOM/MQ/92/MAR promastigote incubated for 72 hrs by resazurin dye based colorimetric assay";"F";"BAO_0000218";"organism-based format";"Leishmania martiniquensis";"None";"None";"None";"None";"";"";"";"CHEMBL4630669";"Leishmania martiniquensis";"Leishmania martiniquensis";"ORGANISM";"CHEMBL4609989";"1";"Scientific Literature";"Bioorg Med Chem";"2020";"None";"";"";""
"CHEMBL125";"MILTEFOSINE";"4.0";"407.58";"1";"5.68";"MF";"CCCCCCCCCCCCCCCCOP(=O)([O-])OCC[N+](C)(C)C";"Inhibition";"";"";"%";"";"";"Not Active";"UO_0000187";"";"";"";"";"0";"CHEMBL4610441";"Antileishmanial activity against Leishmania martiniquensis MHOM/MQ/92/MAR promastigote at 0.25 uM incubated for 72 hrs by resazurin dye based colorimetric assay relative to control";"F";"BAO_0000218";"organism-based format";"Leishmania martiniquensis";"None";"None";"None";"None";"";"";"";"CHEMBL4630669";"Leishmania martiniquensis";"Leishmania martiniquensis";"ORGANISM";"CHEMBL4609989";"1";"Scientific Literature";"Bioorg Med Chem";"2020";"None";"";"";""
