"Molecule ChEMBL ID";"Molecule Name";"Molecule Max Phase";"Molecular Weight";"#RO5 Violations";"AlogP";"Compound Key";"Smiles";"Standard Type";"Standard Relation";"Standard Value";"Standard Units";"pChEMBL Value";"Data Validity Comment";"Comment";"Uo Units";"Ligand Efficiency BEI";"Ligand Efficiency LE";"Ligand Efficiency LLE";"Ligand Efficiency SEI";"Potential Duplicate";"Assay ChEMBL ID";"Assay Description";"Assay Type";"BAO Format ID";"BAO Label";"Assay Organism";"Assay Tissue ChEMBL ID";"Assay Tissue Name";"Assay Cell Type";"Assay Subcellular Fraction";"Assay Parameters";"Assay Variant Accession";"Assay Variant Mutation";"Target ChEMBL ID";"Target Name";"Target Organism";"Target Type";"Document ChEMBL ID";"Source ID";"Source Description";"Document Journal";"Document Year";"Cell ChEMBL ID";"Properties";"Action Type";"Standard Text Value"
"CHEMBL3085906";"";"None";"318.79";"0";"3.69";"5b";"O=S(=O)(Nc1nccc2ccccc12)c1ccc(Cl)cc1";"IC50";"'='";"4300.0";"nM";"5.37";"";"";"UO_0000065";"";"";"";"";"0";"CHEMBL3090727";"Leishmanicidal activity against extracellular promastigote stage of Leishmania guyanensis 141/93 assessed as reduction of parasite load after 48 hrs by resazurin dye-based fluorometric analysis";"F";"BAO_0000218";"organism-based format";"Leishmania guyanensis";"None";"None";"None";"None";"";"";"";"CHEMBL612793";"Leishmania guyanensis";"Leishmania guyanensis";"ORGANISM";"CHEMBL3085685";"1";"Scientific Literature";"J Med Chem";"2013";"None";"";"";""
"CHEMBL3085905";"";"None";"329.34";"0";"2.94";"5a";"O=[N+]([O-])c1ccc(S(=O)(=O)Nc2nccc3ccccc23)cc1";"IC50";"'='";"24600.0";"nM";"4.61";"";"";"UO_0000065";"";"";"";"";"0";"CHEMBL3090727";"Leishmanicidal activity against extracellular promastigote stage of Leishmania guyanensis 141/93 assessed as reduction of parasite load after 48 hrs by resazurin dye-based fluorometric analysis";"F";"BAO_0000218";"organism-based format";"Leishmania guyanensis";"None";"None";"None";"None";"";"";"";"CHEMBL612793";"Leishmania guyanensis";"Leishmania guyanensis";"ORGANISM";"CHEMBL3085685";"1";"Scientific Literature";"J Med Chem";"2013";"None";"";"";""
"CHEMBL594928";"";"None";"280.27";"0";"1.19";"2a";"O=[N+]([O-])c1ccc(S(=O)(=O)Nc2cnccn2)cc1";"IC50";"'='";"84200.0";"nM";"4.08";"";"";"UO_0000065";"";"";"";"";"0";"CHEMBL3090727";"Leishmanicidal activity against extracellular promastigote stage of Leishmania guyanensis 141/93 assessed as reduction of parasite load after 48 hrs by resazurin dye-based fluorometric analysis";"F";"BAO_0000218";"organism-based format";"Leishmania guyanensis";"None";"None";"None";"None";"";"";"";"CHEMBL612793";"Leishmania guyanensis";"Leishmania guyanensis";"ORGANISM";"CHEMBL3085685";"1";"Scientific Literature";"J Med Chem";"2013";"None";"";"";""
"CHEMBL3085892";"";"None";"286.36";"0";"3.28";"8c";"Cc1cc2cc(NS(=O)(=O)c3ccccc3)ccc2[nH]1";"IC50";"'='";"20900.0";"nM";"4.68";"";"";"UO_0000065";"";"";"";"";"0";"CHEMBL3090727";"Leishmanicidal activity against extracellular promastigote stage of Leishmania guyanensis 141/93 assessed as reduction of parasite load after 48 hrs by resazurin dye-based fluorometric analysis";"F";"BAO_0000218";"organism-based format";"Leishmania guyanensis";"None";"None";"None";"None";"";"";"";"CHEMBL612793";"Leishmania guyanensis";"Leishmania guyanensis";"ORGANISM";"CHEMBL3085685";"1";"Scientific Literature";"J Med Chem";"2013";"None";"";"";""
"CHEMBL125";"MILTEFOSINE";"4.0";"407.58";"1";"5.68";"MIL";"CCCCCCCCCCCCCCCCOP(=O)([O-])OCC[N+](C)(C)C";"IC50";"'='";"7500.0";"nM";"5.12";"";"";"UO_0000065";"";"";"";"";"0";"CHEMBL1655124";"Antileishmanial activity against Leishmania guyanensis PER080 amastigotes infected in Swiss mouse primary peritoneal mouse macrophages assessed as reduction of total parasite burden after 5 days";"F";"BAO_0000218";"organism-based format";"Leishmania guyanensis";"None";"None";"None";"None";"";"";"";"CHEMBL612793";"Leishmania guyanensis";"Leishmania guyanensis";"ORGANISM";"CHEMBL1649271";"1";"Scientific Literature";"Antimicrob Agents Chemother";"2009";"None";"";"";""
"CHEMBL125";"MILTEFOSINE";"4.0";"407.58";"1";"5.68";"MIL";"CCCCCCCCCCCCCCCCOP(=O)([O-])OCC[N+](C)(C)C";"IC50";"'='";"10000.0";"nM";"5.00";"";"";"UO_0000065";"";"";"";"";"0";"CHEMBL1655123";"Antileishmanial activity against Leishmania guyanensis PER072 amastigotes infected in Swiss mouse primary peritoneal mouse macrophages assessed as reduction of total parasite burden after 5 days";"F";"BAO_0000218";"organism-based format";"Leishmania guyanensis";"None";"None";"None";"None";"";"";"";"CHEMBL612793";"Leishmania guyanensis";"Leishmania guyanensis";"ORGANISM";"CHEMBL1649271";"1";"Scientific Literature";"Antimicrob Agents Chemother";"2009";"None";"";"";""
"CHEMBL55";"PENTAMIDINE";"4.0";"340.43";"0";"2.88";"pentamidine";"N=C(N)c1ccc(OCCCCCOc2ccc(C(=N)N)cc2)cc1";"IC50";"'='";"900.0";"nM";"6.05";"";"";"UO_0000065";"";"";"";"";"0";"CHEMBL972239";"Antileishmanial activity against Leishmania guyanensis MHOM/BR/95/IOCL-2092 promastigotes after 24 hrs";"F";"BAO_0000218";"organism-based format";"Leishmania guyanensis";"None";"None";"None";"None";"";"";"";"CHEMBL612793";"Leishmania guyanensis";"Leishmania guyanensis";"ORGANISM";"CHEMBL1157262";"1";"Scientific Literature";"J Nat Prod";"2006";"None";"";"";""
"CHEMBL3310476";"";"None";"418.42";"0";"3.13";"6";"O=C(c1cccc(-c2nnn3ccccc23)n1)c1cccc(-c2nnn3ccccc23)n1";"IC50";"'='";"29300.0";"nM";"4.53";"";"";"UO_0000065";"";"";"";"";"0";"CHEMBL3365486";"Antileishmanial activity against promastigote form of Leishmania guyanensis 141/93 after 48 hrs by resazurin fluorescence assay";"F";"BAO_0000218";"organism-based format";"Leishmania guyanensis";"None";"None";"None";"None";"";"";"";"CHEMBL612793";"Leishmania guyanensis";"Leishmania guyanensis";"ORGANISM";"CHEMBL3351529";"1";"Scientific Literature";"Bioorg Med Chem";"2014";"None";"";"";""
"CHEMBL1650312";"POTASSIUM ANTIMONYL TARTRATE TRIHYDRATE";"None";"631.84";"None";"None";"SbIII";"";"IC50";"'='";"19.0";"ug.mL-1";"";"";"";"UO_0000274";"";"";"";"";"0";"CHEMBL1655123";"Antileishmanial activity against Leishmania guyanensis PER072 amastigotes infected in Swiss mouse primary peritoneal mouse macrophages assessed as reduction of total parasite burden after 5 days";"F";"BAO_0000218";"organism-based format";"Leishmania guyanensis";"None";"None";"None";"None";"";"";"";"CHEMBL612793";"Leishmania guyanensis";"Leishmania guyanensis";"ORGANISM";"CHEMBL1649271";"1";"Scientific Literature";"Antimicrob Agents Chemother";"2009";"None";"";"";""
"CHEMBL2079699";"SODIUM STIBOGLUCONATE";"4.0";"907.88";"None";"None";"SbV";"";"IC50";"'='";"13.0";"ug.mL-1";"";"";"";"UO_0000274";"";"";"";"";"0";"CHEMBL1655120";"Antileishmanial activity against Leishmania guyanensis PER106 amastigotes infected in Swiss mouse primary peritoneal mouse macrophages assessed as reduction of total parasite burden after 5 days";"F";"BAO_0000218";"organism-based format";"Leishmania guyanensis";"None";"None";"None";"None";"";"";"";"CHEMBL612793";"Leishmania guyanensis";"Leishmania guyanensis";"ORGANISM";"CHEMBL1649271";"1";"Scientific Literature";"Antimicrob Agents Chemother";"2009";"None";"";"";""
"CHEMBL125";"MILTEFOSINE";"4.0";"407.58";"1";"5.68";"Miltefosine";"CCCCCCCCCCCCCCCCOP(=O)([O-])OCC[N+](C)(C)C";"IC50";"'='";"18200.0";"nM";"4.74";"";"";"UO_0000065";"";"";"";"";"0";"CHEMBL4321078";"Antileishmanial activity against Leishmania guyanensis 141/93 promastigotes after 48 hrs by resazurin dye-based fluorometric analysis";"F";"BAO_0000218";"organism-based format";"Leishmania guyanensis";"None";"None";"None";"None";"";"";"";"CHEMBL612793";"Leishmania guyanensis";"Leishmania guyanensis";"ORGANISM";"CHEMBL4316610";"1";"Scientific Literature";"J Nat Prod";"2019";"None";"";"";""
"CHEMBL3085889";"";"None";"303.32";"0";"2.57";"7d";"O=S(=O)(Nc1ccc2nccnc2c1)c1ccc(F)cc1";"IC50";"'='";"29800.0";"nM";"4.53";"";"";"UO_0000065";"";"";"";"";"0";"CHEMBL3090727";"Leishmanicidal activity against extracellular promastigote stage of Leishmania guyanensis 141/93 assessed as reduction of parasite load after 48 hrs by resazurin dye-based fluorometric analysis";"F";"BAO_0000218";"organism-based format";"Leishmania guyanensis";"None";"None";"None";"None";"";"";"";"CHEMBL612793";"Leishmania guyanensis";"Leishmania guyanensis";"ORGANISM";"CHEMBL3085685";"1";"Scientific Literature";"J Med Chem";"2013";"None";"";"";""
"CHEMBL3085900";"";"None";"335.37";"0";"3.01";"12a";"O=[N+]([O-])c1ccc(S(=O)(=O)Nc2ccc3ncsc3c2)cc1";"IC50";"'='";"53700.0";"nM";"4.27";"";"";"UO_0000065";"";"";"";"";"0";"CHEMBL3090727";"Leishmanicidal activity against extracellular promastigote stage of Leishmania guyanensis 141/93 assessed as reduction of parasite load after 48 hrs by resazurin dye-based fluorometric analysis";"F";"BAO_0000218";"organism-based format";"Leishmania guyanensis";"None";"None";"None";"None";"";"";"";"CHEMBL612793";"Leishmania guyanensis";"Leishmania guyanensis";"ORGANISM";"CHEMBL3085685";"1";"Scientific Literature";"J Med Chem";"2013";"None";"";"";""
"CHEMBL3085890";"";"None";"331.35";"0";"3.19";"8a";"Cc1cc2cc(NS(=O)(=O)c3ccc([N+](=O)[O-])cc3)ccc2[nH]1";"IC50";"'='";"19600.0";"nM";"4.71";"";"";"UO_0000065";"";"";"";"";"0";"CHEMBL3090727";"Leishmanicidal activity against extracellular promastigote stage of Leishmania guyanensis 141/93 assessed as reduction of parasite load after 48 hrs by resazurin dye-based fluorometric analysis";"F";"BAO_0000218";"organism-based format";"Leishmania guyanensis";"None";"None";"None";"None";"";"";"";"CHEMBL612793";"Leishmania guyanensis";"Leishmania guyanensis";"ORGANISM";"CHEMBL3085685";"1";"Scientific Literature";"J Med Chem";"2013";"None";"";"";""
"CHEMBL3085902";"";"None";"239.34";"0";"2.11";"14c";"CC1CCCN(S(=O)(=O)c2ccccc2)C1";"IC50";"'='";"54300.0";"nM";"4.26";"";"";"UO_0000065";"";"";"";"";"0";"CHEMBL3090727";"Leishmanicidal activity against extracellular promastigote stage of Leishmania guyanensis 141/93 assessed as reduction of parasite load after 48 hrs by resazurin dye-based fluorometric analysis";"F";"BAO_0000218";"organism-based format";"Leishmania guyanensis";"None";"None";"None";"None";"";"";"";"CHEMBL612793";"Leishmania guyanensis";"Leishmania guyanensis";"ORGANISM";"CHEMBL3085685";"1";"Scientific Literature";"J Med Chem";"2013";"None";"";"";""
"CHEMBL3085901";"";"None";"290.37";"0";"3.10";"12c";"O=S(=O)(Nc1ccc2ncsc2c1)c1ccccc1";"IC50";"'='";"23700.0";"nM";"4.62";"";"";"UO_0000065";"";"";"";"";"0";"CHEMBL3090727";"Leishmanicidal activity against extracellular promastigote stage of Leishmania guyanensis 141/93 assessed as reduction of parasite load after 48 hrs by resazurin dye-based fluorometric analysis";"F";"BAO_0000218";"organism-based format";"Leishmania guyanensis";"None";"None";"None";"None";"";"";"";"CHEMBL612793";"Leishmania guyanensis";"Leishmania guyanensis";"ORGANISM";"CHEMBL3085685";"1";"Scientific Literature";"J Med Chem";"2013";"None";"";"";""
"CHEMBL3085894";"";"None";"336.42";"0";"4.43";"8e";"Cc1cc2cc(NS(=O)(=O)c3cccc4ccccc34)ccc2[nH]1";"IC50";"'='";"13600.0";"nM";"4.87";"";"";"UO_0000065";"";"";"";"";"0";"CHEMBL3090727";"Leishmanicidal activity against extracellular promastigote stage of Leishmania guyanensis 141/93 assessed as reduction of parasite load after 48 hrs by resazurin dye-based fluorometric analysis";"F";"BAO_0000218";"organism-based format";"Leishmania guyanensis";"None";"None";"None";"None";"";"";"";"CHEMBL612793";"Leishmania guyanensis";"Leishmania guyanensis";"ORGANISM";"CHEMBL3085685";"1";"Scientific Literature";"J Med Chem";"2013";"None";"";"";""
"CHEMBL3085887";"";"None";"330.33";"0";"2.34";"7a";"O=[N+]([O-])c1ccc(S(=O)(=O)Nc2ccc3nccnc3c2)cc1";"IC50";"'='";"101400.0";"nM";"";"Outside typical range";"";"UO_0000065";"";"";"";"";"0";"CHEMBL3090727";"Leishmanicidal activity against extracellular promastigote stage of Leishmania guyanensis 141/93 assessed as reduction of parasite load after 48 hrs by resazurin dye-based fluorometric analysis";"F";"BAO_0000218";"organism-based format";"Leishmania guyanensis";"None";"None";"None";"None";"";"";"";"CHEMBL612793";"Leishmania guyanensis";"Leishmania guyanensis";"ORGANISM";"CHEMBL3085685";"1";"Scientific Literature";"J Med Chem";"2013";"None";"";"";""
"CHEMBL1650312";"POTASSIUM ANTIMONYL TARTRATE TRIHYDRATE";"None";"631.84";"None";"None";"SbIII";"";"Ratio IC50";"'='";"1.6";"";"";"";"";"";"";"";"";"";"0";"CHEMBL1655137";"Activity index, ratio of IC50 for Leishmania guyanensis PER008 to IC50 for Leishmania guyanensis PER106";"F";"BAO_0000218";"organism-based format";"Leishmania guyanensis";"None";"None";"None";"None";"";"";"";"CHEMBL612793";"Leishmania guyanensis";"Leishmania guyanensis";"ORGANISM";"CHEMBL1649271";"1";"Scientific Literature";"Antimicrob Agents Chemother";"2009";"None";"";"";""
"CHEMBL1650312";"POTASSIUM ANTIMONYL TARTRATE TRIHYDRATE";"None";"631.84";"None";"None";"SbIII";"";"Ratio IC50";"'='";"1.6";"";"";"";"";"";"";"";"";"";"0";"CHEMBL1655139";"Activity index, ratio of IC50 for Leishmania guyanensis PER072 to IC50 for Leishmania guyanensis PER106";"F";"BAO_0000218";"organism-based format";"Leishmania guyanensis";"None";"None";"None";"None";"";"";"";"CHEMBL612793";"Leishmania guyanensis";"Leishmania guyanensis";"ORGANISM";"CHEMBL1649271";"1";"Scientific Literature";"Antimicrob Agents Chemother";"2009";"None";"";"";""
"CHEMBL4435634";"";"None";"372.51";"0";"4.92";"10";"COC(=O)[C@]1(C)CCC[C@]2(C)c3cc(OC(C)=O)c(C(C)C)cc3CC[C@@H]12";"IC50";"'='";"5500.0";"nM";"5.26";"";"";"UO_0000065";"";"";"";"";"0";"CHEMBL4321078";"Antileishmanial activity against Leishmania guyanensis 141/93 promastigotes after 48 hrs by resazurin dye-based fluorometric analysis";"F";"BAO_0000218";"organism-based format";"Leishmania guyanensis";"None";"None";"None";"None";"";"";"";"CHEMBL612793";"Leishmania guyanensis";"Leishmania guyanensis";"ORGANISM";"CHEMBL4316610";"1";"Scientific Literature";"J Nat Prod";"2019";"None";"";"";""
"CHEMBL4549575";"";"None";"344.45";"0";"4.34";"14";"COC(=O)[C@]1(C)CCC[C@]2(C)c3cc(O)c(C(C)C)cc3C(=O)C[C@@H]12";"IC50";"";"";"";"";"";"Not Determined";"";"";"";"";"";"0";"CHEMBL4321078";"Antileishmanial activity against Leishmania guyanensis 141/93 promastigotes after 48 hrs by resazurin dye-based fluorometric analysis";"F";"BAO_0000218";"organism-based format";"Leishmania guyanensis";"None";"None";"None";"None";"";"";"";"CHEMBL612793";"Leishmania guyanensis";"Leishmania guyanensis";"ORGANISM";"CHEMBL4316610";"1";"Scientific Literature";"J Nat Prod";"2019";"None";"";"";""
"CHEMBL3310473";"";"None";"300.32";"0";"3.02";"2c";"O=C(c1ccccn1)c1cccc2c(-c3ccccc3)nnn12";"IC50";"'='";"125800.0";"nM";"";"Outside typical range";"";"UO_0000065";"";"";"";"";"0";"CHEMBL3365486";"Antileishmanial activity against promastigote form of Leishmania guyanensis 141/93 after 48 hrs by resazurin fluorescence assay";"F";"BAO_0000218";"organism-based format";"Leishmania guyanensis";"None";"None";"None";"None";"";"";"";"CHEMBL612793";"Leishmania guyanensis";"Leishmania guyanensis";"ORGANISM";"CHEMBL3351529";"1";"Scientific Literature";"Bioorg Med Chem";"2014";"None";"";"";""
"CHEMBL37736";"LIRIODENINE";"None";"275.26";"0";"3.17";"4";"O=C1c2ccccc2-c2c3c(cc4ccnc1c24)OCO3";"IC50";"'='";"21500.0";"nM";"4.67";"";"";"UO_0000065";"";"";"";"";"0";"CHEMBL972239";"Antileishmanial activity against Leishmania guyanensis MHOM/BR/95/IOCL-2092 promastigotes after 24 hrs";"F";"BAO_0000218";"organism-based format";"Leishmania guyanensis";"None";"None";"None";"None";"";"";"";"CHEMBL612793";"Leishmania guyanensis";"Leishmania guyanensis";"ORGANISM";"CHEMBL1157262";"1";"Scientific Literature";"J Nat Prod";"2006";"None";"";"";""
"CHEMBL255869";"";"None";"356.37";"0";"2.96";"10";"CC(=O)Oc1ccc(OC(C)=O)c2c1CC1(C)CCC(=O)C(C)=C1C2=O";"IC50";"";"";"";"";"";"Not Determined";"";"";"";"";"";"0";"CHEMBL921568";"Antileishmanial activity against Leishmania guyanensis promastigotes after 48 hrs by MTT method";"F";"BAO_0000218";"organism-based format";"Leishmania guyanensis";"None";"None";"None";"None";"";"";"";"CHEMBL612793";"Leishmania guyanensis";"Leishmania guyanensis";"ORGANISM";"CHEMBL1142411";"1";"Scientific Literature";"J Nat Prod";"2008";"None";"";"";""
"CHEMBL3343777";"";"None";"448.56";"1";"5.80";"9";"CC(C)c1cc2c(cc1[N+](=O)[O-])[C@@]1(C)CCC[C@@](C)(CNC(=O)c3ccccc3)[C@@H]1CC2=O";"IC50";"'='";"38500.0";"nM";"4.42";"";"";"UO_0000065";"";"";"";"";"0";"CHEMBL3857954";"Leishmanicidal activity against promastigote form of Leishmania guyanensis 141/93 after 48 hrs by resazurin dye-based fluorometric method";"F";"BAO_0000019";"assay format";"Leishmania guyanensis";"None";"None";"None";"None";"";"";"";"CHEMBL612793";"Leishmania guyanensis";"Leishmania guyanensis";"ORGANISM";"CHEMBL3856220";"1";"Scientific Literature";"Eur J Med Chem";"2016";"None";"";"";""
"CHEMBL1650312";"POTASSIUM ANTIMONYL TARTRATE TRIHYDRATE";"None";"631.84";"None";"None";"SbIII";"";"IC50";"'='";"12.0";"ug.mL-1";"";"";"";"UO_0000274";"";"";"";"";"0";"CHEMBL1655120";"Antileishmanial activity against Leishmania guyanensis PER106 amastigotes infected in Swiss mouse primary peritoneal mouse macrophages assessed as reduction of total parasite burden after 5 days";"F";"BAO_0000218";"organism-based format";"Leishmania guyanensis";"None";"None";"None";"None";"";"";"";"CHEMBL612793";"Leishmania guyanensis";"Leishmania guyanensis";"ORGANISM";"CHEMBL1649271";"1";"Scientific Literature";"Antimicrob Agents Chemother";"2009";"None";"";"";""
"CHEMBL125";"MILTEFOSINE";"4.0";"407.58";"1";"5.68";"MIL";"CCCCCCCCCCCCCCCCOP(=O)([O-])OCC[N+](C)(C)C";"IC50";"'='";"10000.0";"nM";"5.00";"";"";"UO_0000065";"";"";"";"";"0";"CHEMBL1655120";"Antileishmanial activity against Leishmania guyanensis PER106 amastigotes infected in Swiss mouse primary peritoneal mouse macrophages assessed as reduction of total parasite burden after 5 days";"F";"BAO_0000218";"organism-based format";"Leishmania guyanensis";"None";"None";"None";"None";"";"";"";"CHEMBL612793";"Leishmania guyanensis";"Leishmania guyanensis";"ORGANISM";"CHEMBL1649271";"1";"Scientific Literature";"Antimicrob Agents Chemother";"2009";"None";"";"";""
"CHEMBL1650312";"POTASSIUM ANTIMONYL TARTRATE TRIHYDRATE";"None";"631.84";"None";"None";"SbIII";"";"IC50";"'='";"14.5";"ug.mL-1";"";"";"";"UO_0000274";"";"";"";"";"0";"CHEMBL1655124";"Antileishmanial activity against Leishmania guyanensis PER080 amastigotes infected in Swiss mouse primary peritoneal mouse macrophages assessed as reduction of total parasite burden after 5 days";"F";"BAO_0000218";"organism-based format";"Leishmania guyanensis";"None";"None";"None";"None";"";"";"";"CHEMBL612793";"Leishmania guyanensis";"Leishmania guyanensis";"ORGANISM";"CHEMBL1649271";"1";"Scientific Literature";"Antimicrob Agents Chemother";"2009";"None";"";"";""
"CHEMBL125";"MILTEFOSINE";"4.0";"407.58";"1";"5.68";"miltefosine";"CCCCCCCCCCCCCCCCOP(=O)([O-])OCC[N+](C)(C)C";"IC50";"'='";"18200.0";"nM";"4.74";"";"";"UO_0000065";"";"";"";"";"0";"CHEMBL3857954";"Leishmanicidal activity against promastigote form of Leishmania guyanensis 141/93 after 48 hrs by resazurin dye-based fluorometric method";"F";"BAO_0000019";"assay format";"Leishmania guyanensis";"None";"None";"None";"None";"";"";"";"CHEMBL612793";"Leishmania guyanensis";"Leishmania guyanensis";"ORGANISM";"CHEMBL3856220";"1";"Scientific Literature";"Eur J Med Chem";"2016";"None";"";"";""
"CHEMBL3343779";"";"None";"434.58";"1";"6.16";"8";"CC(C)c1cc2c(cc1[N+](=O)[O-])[C@@]1(C)CCC[C@@](C)(CNC(=O)c3ccccc3)[C@@H]1CC2";"IC50";"'='";"94500.0";"nM";"4.03";"";"";"UO_0000065";"";"";"";"";"0";"CHEMBL3857954";"Leishmanicidal activity against promastigote form of Leishmania guyanensis 141/93 after 48 hrs by resazurin dye-based fluorometric method";"F";"BAO_0000019";"assay format";"Leishmania guyanensis";"None";"None";"None";"None";"";"";"";"CHEMBL612793";"Leishmania guyanensis";"Leishmania guyanensis";"ORGANISM";"CHEMBL3856220";"1";"Scientific Literature";"Eur J Med Chem";"2016";"None";"";"";""
"CHEMBL257133";"Cordiaquinol C";"None";"246.35";"0";"2.75";"7";"C=C[C@@]1(C)CC2=C(C[C@H]1C(=C)C)C(O)C=CC2O";"IC50";"";"";"";"";"";"Not Determined";"";"";"";"";"";"0";"CHEMBL921568";"Antileishmanial activity against Leishmania guyanensis promastigotes after 48 hrs by MTT method";"F";"BAO_0000218";"organism-based format";"Leishmania guyanensis";"None";"None";"None";"None";"";"";"";"CHEMBL612793";"Leishmania guyanensis";"Leishmania guyanensis";"ORGANISM";"CHEMBL1142411";"1";"Scientific Literature";"J Nat Prod";"2008";"None";"";"";""
"CHEMBL255103";"CORDIACHROME A";"None";"242.32";"0";"3.15";"4";"CC1=CCC[C@@]2(C)CC3=C(C[C@@H]12)C(=O)C=CC3=O";"IC50";"";"";"";"";"";"Not Determined";"";"";"";"";"";"0";"CHEMBL921568";"Antileishmanial activity against Leishmania guyanensis promastigotes after 48 hrs by MTT method";"F";"BAO_0000218";"organism-based format";"Leishmania guyanensis";"None";"None";"None";"None";"";"";"";"CHEMBL612793";"Leishmania guyanensis";"Leishmania guyanensis";"ORGANISM";"CHEMBL1142411";"1";"Scientific Literature";"J Nat Prod";"2008";"None";"";"";""
"CHEMBL255316";"";"None";"276.33";"0";"2.79";"3";"C/C(C=O)=C\CCC(C)(O)/C=C\c1cc(O)ccc1O";"IC50";"";"";"";"";"";"Not Determined";"";"";"";"";"";"0";"CHEMBL921568";"Antileishmanial activity against Leishmania guyanensis promastigotes after 48 hrs by MTT method";"F";"BAO_0000218";"organism-based format";"Leishmania guyanensis";"None";"None";"None";"None";"";"";"";"CHEMBL612793";"Leishmania guyanensis";"Leishmania guyanensis";"ORGANISM";"CHEMBL1142411";"1";"Scientific Literature";"J Nat Prod";"2008";"None";"";"";""
"CHEMBL594199";"";"None";"318.31";"0";"2.27";"9a";"O=[N+]([O-])c1ccc(S(=O)(=O)Nc2ccc3[nH]ncc3c2)cc1";"IC50";"'='";"139600.0";"nM";"";"Outside typical range";"";"UO_0000065";"";"";"";"";"0";"CHEMBL3090727";"Leishmanicidal activity against extracellular promastigote stage of Leishmania guyanensis 141/93 assessed as reduction of parasite load after 48 hrs by resazurin dye-based fluorometric analysis";"F";"BAO_0000218";"organism-based format";"Leishmania guyanensis";"None";"None";"None";"None";"";"";"";"CHEMBL612793";"Leishmania guyanensis";"Leishmania guyanensis";"ORGANISM";"CHEMBL3085685";"1";"Scientific Literature";"J Med Chem";"2013";"None";"";"";""
"CHEMBL1650312";"POTASSIUM ANTIMONYL TARTRATE TRIHYDRATE";"None";"631.84";"None";"None";"SbIII";"";"IC50";"'='";"18.0";"ug.mL-1";"";"";"";"UO_0000274";"";"";"";"";"0";"CHEMBL1655121";"Antileishmanial activity against Leishmania guyanensis PER008 amastigotes infected in Swiss mouse primary peritoneal mouse macrophages assessed as reduction of total parasite burden after 5 days";"F";"BAO_0000218";"organism-based format";"Leishmania guyanensis";"None";"None";"None";"None";"";"";"";"CHEMBL612793";"Leishmania guyanensis";"Leishmania guyanensis";"ORGANISM";"CHEMBL1649271";"1";"Scientific Literature";"Antimicrob Agents Chemother";"2009";"None";"";"";""
"CHEMBL3806242";"";"None";"389.58";"1";"6.25";"7";"CC(C)c1ccc2c(c1)CC[C@H]1[C@](C)(CNC(=O)c3ccccc3)CCC[C@]21C";"IC50";"'='";"20400.0";"nM";"4.69";"";"";"UO_0000065";"";"";"";"";"0";"CHEMBL3857954";"Leishmanicidal activity against promastigote form of Leishmania guyanensis 141/93 after 48 hrs by resazurin dye-based fluorometric method";"F";"BAO_0000019";"assay format";"Leishmania guyanensis";"None";"None";"None";"None";"";"";"";"CHEMBL612793";"Leishmania guyanensis";"Leishmania guyanensis";"ORGANISM";"CHEMBL3856220";"1";"Scientific Literature";"Eur J Med Chem";"2016";"None";"";"";""
"CHEMBL3085907";"";"None";"284.34";"0";"3.04";"5c";"O=S(=O)(Nc1nccc2ccccc12)c1ccccc1";"IC50";"'='";"93500.0";"nM";"4.03";"";"";"UO_0000065";"";"";"";"";"0";"CHEMBL3090727";"Leishmanicidal activity against extracellular promastigote stage of Leishmania guyanensis 141/93 assessed as reduction of parasite load after 48 hrs by resazurin dye-based fluorometric analysis";"F";"BAO_0000218";"organism-based format";"Leishmania guyanensis";"None";"None";"None";"None";"";"";"";"CHEMBL612793";"Leishmania guyanensis";"Leishmania guyanensis";"ORGANISM";"CHEMBL3085685";"1";"Scientific Literature";"J Med Chem";"2013";"None";"";"";""
"CHEMBL4551488";"";"None";"386.49";"0";"4.56";"11";"COC(=O)[C@]1(C)CCC[C@]2(C)c3cc(OC(C)=O)c(C(C)C)cc3C(=O)C[C@@H]12";"IC50";"'='";"1300.0";"nM";"5.89";"";"";"UO_0000065";"";"";"";"";"0";"CHEMBL4321078";"Antileishmanial activity against Leishmania guyanensis 141/93 promastigotes after 48 hrs by resazurin dye-based fluorometric analysis";"F";"BAO_0000218";"organism-based format";"Leishmania guyanensis";"None";"None";"None";"None";"";"";"";"CHEMBL612793";"Leishmania guyanensis";"Leishmania guyanensis";"ORGANISM";"CHEMBL4316610";"1";"Scientific Literature";"J Nat Prod";"2019";"None";"";"";""
"CHEMBL1650312";"POTASSIUM ANTIMONYL TARTRATE TRIHYDRATE";"None";"631.84";"None";"None";"SbIII";"";"Ratio IC50";"'='";"1.6";"";"";"";"";"";"";"";"";"";"0";"CHEMBL1655138";"Activity index, ratio of IC50 for Leishmania guyanensis PER054 to IC50 for Leishmania guyanensis PER106";"F";"BAO_0000218";"organism-based format";"Leishmania guyanensis";"None";"None";"None";"None";"";"";"";"CHEMBL612793";"Leishmania guyanensis";"Leishmania guyanensis";"ORGANISM";"CHEMBL1649271";"1";"Scientific Literature";"Antimicrob Agents Chemother";"2009";"None";"";"";""
"CHEMBL3085899";"";"None";"291.31";"0";"2.50";"10d";"O=S(=O)(Nc1ccc2cn[nH]c2c1)c1ccc(F)cc1";"IC50";"'='";"96300.0";"nM";"4.02";"";"";"UO_0000065";"";"";"";"";"0";"CHEMBL3090727";"Leishmanicidal activity against extracellular promastigote stage of Leishmania guyanensis 141/93 assessed as reduction of parasite load after 48 hrs by resazurin dye-based fluorometric analysis";"F";"BAO_0000218";"organism-based format";"Leishmania guyanensis";"None";"None";"None";"None";"";"";"";"CHEMBL612793";"Leishmania guyanensis";"Leishmania guyanensis";"ORGANISM";"CHEMBL3085685";"1";"Scientific Literature";"J Med Chem";"2013";"None";"";"";""
"CHEMBL3085898";"";"None";"318.31";"0";"2.27";"10a";"O=[N+]([O-])c1ccc(S(=O)(=O)Nc2ccc3cn[nH]c3c2)cc1";"IC50";"'='";"48100.0";"nM";"4.32";"";"";"UO_0000065";"";"";"";"";"0";"CHEMBL3090727";"Leishmanicidal activity against extracellular promastigote stage of Leishmania guyanensis 141/93 assessed as reduction of parasite load after 48 hrs by resazurin dye-based fluorometric analysis";"F";"BAO_0000218";"organism-based format";"Leishmania guyanensis";"None";"None";"None";"None";"";"";"";"CHEMBL612793";"Leishmania guyanensis";"Leishmania guyanensis";"ORGANISM";"CHEMBL3085685";"1";"Scientific Literature";"J Med Chem";"2013";"None";"";"";""
"CHEMBL3085897";"";"None";"323.38";"0";"3.52";"9e";"O=S(=O)(Nc1ccc2[nH]ncc2c1)c1cccc2ccccc12";"IC50";"'='";"52800.0";"nM";"4.28";"";"";"UO_0000065";"";"";"";"";"0";"CHEMBL3090727";"Leishmanicidal activity against extracellular promastigote stage of Leishmania guyanensis 141/93 assessed as reduction of parasite load after 48 hrs by resazurin dye-based fluorometric analysis";"F";"BAO_0000218";"organism-based format";"Leishmania guyanensis";"None";"None";"None";"None";"";"";"";"CHEMBL612793";"Leishmania guyanensis";"Leishmania guyanensis";"ORGANISM";"CHEMBL3085685";"1";"Scientific Literature";"J Med Chem";"2013";"None";"";"";""
"CHEMBL3085888";"";"None";"319.77";"0";"3.08";"7b";"O=S(=O)(Nc1ccc2nccnc2c1)c1ccc(Cl)cc1";"IC50";"'='";"25900.0";"nM";"4.59";"";"";"UO_0000065";"";"";"";"";"0";"CHEMBL3090727";"Leishmanicidal activity against extracellular promastigote stage of Leishmania guyanensis 141/93 assessed as reduction of parasite load after 48 hrs by resazurin dye-based fluorometric analysis";"F";"BAO_0000218";"organism-based format";"Leishmania guyanensis";"None";"None";"None";"None";"";"";"";"CHEMBL612793";"Leishmania guyanensis";"Leishmania guyanensis";"ORGANISM";"CHEMBL3085685";"1";"Scientific Literature";"J Med Chem";"2013";"None";"";"";""
"CHEMBL3085895";"";"None";"273.32";"0";"2.36";"9c";"O=S(=O)(Nc1ccc2[nH]ncc2c1)c1ccccc1";"IC50";"'='";"47900.0";"nM";"4.32";"";"";"UO_0000065";"";"";"";"";"0";"CHEMBL3090727";"Leishmanicidal activity against extracellular promastigote stage of Leishmania guyanensis 141/93 assessed as reduction of parasite load after 48 hrs by resazurin dye-based fluorometric analysis";"F";"BAO_0000218";"organism-based format";"Leishmania guyanensis";"None";"None";"None";"None";"";"";"";"CHEMBL612793";"Leishmania guyanensis";"Leishmania guyanensis";"ORGANISM";"CHEMBL3085685";"1";"Scientific Literature";"J Med Chem";"2013";"None";"";"";""
"CHEMBL255104";"";"None";"272.30";"0";"2.52";"1";"CC1=C2C(=O)c3c(O)ccc(O)c3CC2(C)CCC1=O";"IC50";"'='";"7.0";"ug.mL-1";"";"";"";"UO_0000274";"";"";"";"";"0";"CHEMBL921568";"Antileishmanial activity against Leishmania guyanensis promastigotes after 48 hrs by MTT method";"F";"BAO_0000218";"organism-based format";"Leishmania guyanensis";"None";"None";"None";"None";"";"";"";"CHEMBL612793";"Leishmania guyanensis";"Leishmania guyanensis";"ORGANISM";"CHEMBL1142411";"1";"Scientific Literature";"J Nat Prod";"2008";"None";"";"";""
"CHEMBL2079699";"SODIUM STIBOGLUCONATE";"4.0";"907.88";"None";"None";"SbV";"";"IC50";"'='";"41.5";"ug.mL-1";"";"";"";"UO_0000274";"";"";"";"";"0";"CHEMBL1655121";"Antileishmanial activity against Leishmania guyanensis PER008 amastigotes infected in Swiss mouse primary peritoneal mouse macrophages assessed as reduction of total parasite burden after 5 days";"F";"BAO_0000218";"organism-based format";"Leishmania guyanensis";"None";"None";"None";"None";"";"";"";"CHEMBL612793";"Leishmania guyanensis";"Leishmania guyanensis";"ORGANISM";"CHEMBL1649271";"1";"Scientific Literature";"Antimicrob Agents Chemother";"2009";"None";"";"";""
"CHEMBL2079699";"SODIUM STIBOGLUCONATE";"4.0";"907.88";"None";"None";"SbV";"";"Ratio IC50";"'='";"4.0";"";"";"";"";"";"";"";"";"";"0";"CHEMBL1655138";"Activity index, ratio of IC50 for Leishmania guyanensis PER054 to IC50 for Leishmania guyanensis PER106";"F";"BAO_0000218";"organism-based format";"Leishmania guyanensis";"None";"None";"None";"None";"";"";"";"CHEMBL612793";"Leishmania guyanensis";"Leishmania guyanensis";"ORGANISM";"CHEMBL1649271";"1";"Scientific Literature";"Antimicrob Agents Chemother";"2009";"None";"";"";""
"CHEMBL255868";"";"None";"638.31";"2";"7.07";"9";"CC1=C2C(=O)c3c(OC(=O)c4ccc(Br)cc4)ccc(OC(=O)c4ccc(Br)cc4)c3CC2(C)CCC1=O";"IC50";"";"";"";"";"";"Not Determined";"";"";"";"";"";"0";"CHEMBL921568";"Antileishmanial activity against Leishmania guyanensis promastigotes after 48 hrs by MTT method";"F";"BAO_0000218";"organism-based format";"Leishmania guyanensis";"None";"None";"None";"None";"";"";"";"CHEMBL612793";"Leishmania guyanensis";"Leishmania guyanensis";"ORGANISM";"CHEMBL1142411";"1";"Scientific Literature";"J Nat Prod";"2008";"None";"";"";""
"CHEMBL401583";"Cordiachrome C";"None";"242.32";"0";"3.17";"6";"C=C[C@@]1(C)CC2=C(C[C@H]1C(=C)C)C(=O)C=CC2=O";"IC50";"'='";"6.0";"ug.mL-1";"";"";"";"UO_0000274";"";"";"";"";"0";"CHEMBL921568";"Antileishmanial activity against Leishmania guyanensis promastigotes after 48 hrs by MTT method";"F";"BAO_0000218";"organism-based format";"Leishmania guyanensis";"None";"None";"None";"None";"";"";"";"CHEMBL612793";"Leishmania guyanensis";"Leishmania guyanensis";"ORGANISM";"CHEMBL1142411";"1";"Scientific Literature";"J Nat Prod";"2008";"None";"";"";""
"CHEMBL442439";"ACETYLCORDIAQUINOL C";"None";"328.41";"0";"4.02";"11";"C=C[C@@]1(C)Cc2c(OC(C)=O)ccc(OC(C)=O)c2C[C@H]1C(=C)C";"IC50";"";"";"";"";"";"Not Determined";"";"";"";"";"";"0";"CHEMBL921568";"Antileishmanial activity against Leishmania guyanensis promastigotes after 48 hrs by MTT method";"F";"BAO_0000218";"organism-based format";"Leishmania guyanensis";"None";"None";"None";"None";"";"";"";"CHEMBL612793";"Leishmania guyanensis";"Leishmania guyanensis";"ORGANISM";"CHEMBL1142411";"1";"Scientific Literature";"J Nat Prod";"2008";"None";"";"";""
"CHEMBL401659";"CORDIACHROME B";"None";"242.32";"0";"3.15";"5";"C=C1CCC[C@@]2(C)CC3=C(C[C@@H]12)C(=O)C=CC3=O";"IC50";"";"";"";"";"";"Not Determined";"";"";"";"";"";"0";"CHEMBL921568";"Antileishmanial activity against Leishmania guyanensis promastigotes after 48 hrs by MTT method";"F";"BAO_0000218";"organism-based format";"Leishmania guyanensis";"None";"None";"None";"None";"";"";"";"CHEMBL612793";"Leishmania guyanensis";"Leishmania guyanensis";"ORGANISM";"CHEMBL1142411";"1";"Scientific Literature";"J Nat Prod";"2008";"None";"";"";""
"CHEMBL3085903";"";"None";"289.40";"0";"3.26";"14d";"CC1CCCN(S(=O)(=O)c2cccc3ccccc23)C1";"IC50";"'='";"7200.0";"nM";"5.14";"";"";"UO_0000065";"";"";"";"";"0";"CHEMBL3090727";"Leishmanicidal activity against extracellular promastigote stage of Leishmania guyanensis 141/93 assessed as reduction of parasite load after 48 hrs by resazurin dye-based fluorometric analysis";"F";"BAO_0000218";"organism-based format";"Leishmania guyanensis";"None";"None";"None";"None";"";"";"";"CHEMBL612793";"Leishmania guyanensis";"Leishmania guyanensis";"ORGANISM";"CHEMBL3085685";"1";"Scientific Literature";"J Med Chem";"2013";"None";"";"";""
"CHEMBL424146";"";"None";"307.76";"0";"3.02";"10b";"O=S(=O)(Nc1ccc2c[nH]nc2c1)c1ccc(Cl)cc1";"IC50";"'='";"46100.0";"nM";"4.34";"";"";"UO_0000065";"";"";"";"";"0";"CHEMBL3090727";"Leishmanicidal activity against extracellular promastigote stage of Leishmania guyanensis 141/93 assessed as reduction of parasite load after 48 hrs by resazurin dye-based fluorometric analysis";"F";"BAO_0000218";"organism-based format";"Leishmania guyanensis";"None";"None";"None";"None";"";"";"";"CHEMBL612793";"Leishmania guyanensis";"Leishmania guyanensis";"ORGANISM";"CHEMBL3085685";"1";"Scientific Literature";"J Med Chem";"2013";"None";"";"";""
"CHEMBL3085893";"";"None";"304.35";"0";"3.42";"8d";"Cc1cc2cc(NS(=O)(=O)c3ccc(F)cc3)ccc2[nH]1";"IC50";"'='";"116600.0";"nM";"";"Outside typical range";"";"UO_0000065";"";"";"";"";"0";"CHEMBL3090727";"Leishmanicidal activity against extracellular promastigote stage of Leishmania guyanensis 141/93 assessed as reduction of parasite load after 48 hrs by resazurin dye-based fluorometric analysis";"F";"BAO_0000218";"organism-based format";"Leishmania guyanensis";"None";"None";"None";"None";"";"";"";"CHEMBL612793";"Leishmania guyanensis";"Leishmania guyanensis";"ORGANISM";"CHEMBL3085685";"1";"Scientific Literature";"J Med Chem";"2013";"None";"";"";""
"CHEMBL3085886";"";"None";"334.40";"0";"4.19";"6e";"O=S(=O)(Nc1cccc2cnccc12)c1cccc2ccccc12";"IC50";"'='";"15800.0";"nM";"4.80";"";"";"UO_0000065";"";"";"";"";"0";"CHEMBL3090727";"Leishmanicidal activity against extracellular promastigote stage of Leishmania guyanensis 141/93 assessed as reduction of parasite load after 48 hrs by resazurin dye-based fluorometric analysis";"F";"BAO_0000218";"organism-based format";"Leishmania guyanensis";"None";"None";"None";"None";"";"";"";"CHEMBL612793";"Leishmania guyanensis";"Leishmania guyanensis";"ORGANISM";"CHEMBL3085685";"1";"Scientific Literature";"J Med Chem";"2013";"None";"";"";""
"CHEMBL3085885";"";"None";"318.79";"0";"3.69";"6b";"O=S(=O)(Nc1cccc2cnccc12)c1ccc(Cl)cc1";"IC50";"'='";"22600.0";"nM";"4.65";"";"";"UO_0000065";"";"";"";"";"0";"CHEMBL3090727";"Leishmanicidal activity against extracellular promastigote stage of Leishmania guyanensis 141/93 assessed as reduction of parasite load after 48 hrs by resazurin dye-based fluorometric analysis";"F";"BAO_0000218";"organism-based format";"Leishmania guyanensis";"None";"None";"None";"None";"";"";"";"CHEMBL612793";"Leishmania guyanensis";"Leishmania guyanensis";"ORGANISM";"CHEMBL3085685";"1";"Scientific Literature";"J Med Chem";"2013";"None";"";"";""
"CHEMBL593264";"";"None";"280.27";"0";"1.19";"1a";"O=[N+]([O-])c1ccc(S(=O)(=O)Nc2ncccn2)cc1";"IC50";"'='";"46400.0";"nM";"4.33";"";"";"UO_0000065";"";"";"";"";"0";"CHEMBL3090727";"Leishmanicidal activity against extracellular promastigote stage of Leishmania guyanensis 141/93 assessed as reduction of parasite load after 48 hrs by resazurin dye-based fluorometric analysis";"F";"BAO_0000218";"organism-based format";"Leishmania guyanensis";"None";"None";"None";"None";"";"";"";"CHEMBL612793";"Leishmania guyanensis";"Leishmania guyanensis";"ORGANISM";"CHEMBL3085685";"1";"Scientific Literature";"J Med Chem";"2013";"None";"";"";""
"CHEMBL3085891";"";"None";"320.80";"0";"3.93";"8b";"Cc1cc2cc(NS(=O)(=O)c3ccc(Cl)cc3)ccc2[nH]1";"IC50";"'='";"10400.0";"nM";"4.98";"";"";"UO_0000065";"";"";"";"";"0";"CHEMBL3090727";"Leishmanicidal activity against extracellular promastigote stage of Leishmania guyanensis 141/93 assessed as reduction of parasite load after 48 hrs by resazurin dye-based fluorometric analysis";"F";"BAO_0000218";"organism-based format";"Leishmania guyanensis";"None";"None";"None";"None";"";"";"";"CHEMBL612793";"Leishmania guyanensis";"Leishmania guyanensis";"ORGANISM";"CHEMBL3085685";"1";"Scientific Literature";"J Med Chem";"2013";"None";"";"";""
"CHEMBL481059";"";"None";"277.29";"0";"2.47";"1";"Nc1nccc(-c2nccc3c4ccccc4n(O)c23)n1";"IC50";"'='";"437500.0";"nM";"";"Outside typical range";"";"UO_0000065";"";"";"";"";"0";"CHEMBL972239";"Antileishmanial activity against Leishmania guyanensis MHOM/BR/95/IOCL-2092 promastigotes after 24 hrs";"F";"BAO_0000218";"organism-based format";"Leishmania guyanensis";"None";"None";"None";"None";"";"";"";"CHEMBL612793";"Leishmania guyanensis";"Leishmania guyanensis";"ORGANISM";"CHEMBL1157262";"1";"Scientific Literature";"J Nat Prod";"2006";"None";"";"";""
"CHEMBL2079699";"SODIUM STIBOGLUCONATE";"4.0";"907.88";"None";"None";"SbV";"";"Ratio IC50";"'='";"3.2";"";"";"";"";"";"";"";"";"";"0";"CHEMBL1655137";"Activity index, ratio of IC50 for Leishmania guyanensis PER008 to IC50 for Leishmania guyanensis PER106";"F";"BAO_0000218";"organism-based format";"Leishmania guyanensis";"None";"None";"None";"None";"";"";"";"CHEMBL612793";"Leishmania guyanensis";"Leishmania guyanensis";"ORGANISM";"CHEMBL1649271";"1";"Scientific Literature";"Antimicrob Agents Chemother";"2009";"None";"";"";""
"CHEMBL2079699";"SODIUM STIBOGLUCONATE";"4.0";"907.88";"None";"None";"SbV";"";"IC50";"'='";"41.5";"ug.mL-1";"";"";"";"UO_0000274";"";"";"";"";"0";"CHEMBL1655124";"Antileishmanial activity against Leishmania guyanensis PER080 amastigotes infected in Swiss mouse primary peritoneal mouse macrophages assessed as reduction of total parasite burden after 5 days";"F";"BAO_0000218";"organism-based format";"Leishmania guyanensis";"None";"None";"None";"None";"";"";"";"CHEMBL612793";"Leishmania guyanensis";"Leishmania guyanensis";"ORGANISM";"CHEMBL1649271";"1";"Scientific Literature";"Antimicrob Agents Chemother";"2009";"None";"";"";""
"CHEMBL227533";"HOMOMOSCHATOLINE";"None";"321.33";"0";"3.47";"3";"COc1c(OC)c2c3c(nccc3c1OC)C(=O)c1ccccc1-2";"IC50";"'='";"103700.0";"nM";"";"Outside typical range";"";"UO_0000065";"";"";"";"";"0";"CHEMBL972239";"Antileishmanial activity against Leishmania guyanensis MHOM/BR/95/IOCL-2092 promastigotes after 24 hrs";"F";"BAO_0000218";"organism-based format";"Leishmania guyanensis";"None";"None";"None";"None";"";"";"";"CHEMBL612793";"Leishmania guyanensis";"Leishmania guyanensis";"ORGANISM";"CHEMBL1157262";"1";"Scientific Literature";"J Nat Prod";"2006";"None";"";"";""
"CHEMBL3310475";"";"None";"416.44";"0";"4.34";"3c";"O=C(c1cccc2c(-c3ccccc3)nnn12)c1cccc2c(-c3ccccc3)nnn12";"IC50";"'='";"53800.0";"nM";"4.27";"";"";"UO_0000065";"";"";"";"";"0";"CHEMBL3365486";"Antileishmanial activity against promastigote form of Leishmania guyanensis 141/93 after 48 hrs by resazurin fluorescence assay";"F";"BAO_0000218";"organism-based format";"Leishmania guyanensis";"None";"None";"None";"None";"";"";"";"CHEMBL612793";"Leishmania guyanensis";"Leishmania guyanensis";"ORGANISM";"CHEMBL3351529";"1";"Scientific Literature";"Bioorg Med Chem";"2014";"None";"";"";""
"CHEMBL3310474";"";"None";"301.31";"0";"2.42";"5";"O=C(c1ccccn1)c1cccc(-c2nnn3ccccc23)n1";"IC50";"'='";"108700.0";"nM";"";"Outside typical range";"";"UO_0000065";"";"";"";"";"0";"CHEMBL3365486";"Antileishmanial activity against promastigote form of Leishmania guyanensis 141/93 after 48 hrs by resazurin fluorescence assay";"F";"BAO_0000218";"organism-based format";"Leishmania guyanensis";"None";"None";"None";"None";"";"";"";"CHEMBL612793";"Leishmania guyanensis";"Leishmania guyanensis";"ORGANISM";"CHEMBL3351529";"1";"Scientific Literature";"Bioorg Med Chem";"2014";"None";"";"";""
"CHEMBL239129";"MEGLUMINE ANTIMONATE";"3.0";"365.98";"None";"None";"glucantime";"";"IC90";"'>'";"100.0";"ug";"";"";"";"UO_0000023";"";"";"";"";"0";"CHEMBL1016632";"Antileishmanial activity against Leishmania (Viannia) guyanensis M4147 after 48 hrs";"F";"BAO_0000218";"organism-based format";"Leishmania guyanensis";"None";"None";"None";"None";"";"";"";"CHEMBL612793";"Leishmania guyanensis";"Leishmania guyanensis";"ORGANISM";"CHEMBL1158948";"1";"Scientific Literature";"J Nat Prod";"1991";"None";"";"";""
"CHEMBL1650312";"POTASSIUM ANTIMONYL TARTRATE TRIHYDRATE";"None";"631.84";"None";"None";"SbIII";"";"IC50";"'='";"18.0";"ug.mL-1";"";"";"";"UO_0000274";"";"";"";"";"0";"CHEMBL1655122";"Antileishmanial activity against Leishmania guyanensis PER054 amastigotes infected in Swiss mouse primary peritoneal mouse macrophages assessed as reduction of total parasite burden after 5 days";"F";"BAO_0000218";"organism-based format";"Leishmania guyanensis";"None";"None";"None";"None";"";"";"";"CHEMBL612793";"Leishmania guyanensis";"Leishmania guyanensis";"ORGANISM";"CHEMBL1649271";"1";"Scientific Literature";"Antimicrob Agents Chemother";"2009";"None";"";"";""
"CHEMBL2079699";"SODIUM STIBOGLUCONATE";"4.0";"907.88";"None";"None";"SbV";"";"Ratio IC50";"'='";"6.0";"";"";"";"";"";"";"";"";"";"0";"CHEMBL1655139";"Activity index, ratio of IC50 for Leishmania guyanensis PER072 to IC50 for Leishmania guyanensis PER106";"F";"BAO_0000218";"organism-based format";"Leishmania guyanensis";"None";"None";"None";"None";"";"";"";"CHEMBL612793";"Leishmania guyanensis";"Leishmania guyanensis";"ORGANISM";"CHEMBL1649271";"1";"Scientific Literature";"Antimicrob Agents Chemother";"2009";"None";"";"";""
"CHEMBL1650312";"POTASSIUM ANTIMONYL TARTRATE TRIHYDRATE";"None";"631.84";"None";"None";"SbIII";"";"Ratio IC50";"'='";"1.4";"";"";"";"";"";"";"";"";"";"0";"CHEMBL1655140";"Activity index, ratio of IC50 for Leishmania guyanensis PER080 to IC50 for Leishmania guyanensis PER106";"F";"BAO_0000218";"organism-based format";"Leishmania guyanensis";"None";"None";"None";"None";"";"";"";"CHEMBL612793";"Leishmania guyanensis";"Leishmania guyanensis";"ORGANISM";"CHEMBL1649271";"1";"Scientific Literature";"Antimicrob Agents Chemother";"2009";"None";"";"";""
"CHEMBL456975";"ESPINTANOL";"None";"210.27";"0";"2.84";"3a, espintanol";"COc1cc(C)c(O)c(OC)c1C(C)C";"IC90";"'='";"25.0";"ug";"";"";"";"UO_0000023";"";"";"";"";"0";"CHEMBL1016632";"Antileishmanial activity against Leishmania (Viannia) guyanensis M4147 after 48 hrs";"F";"BAO_0000218";"organism-based format";"Leishmania guyanensis";"None";"None";"None";"None";"";"";"";"CHEMBL612793";"Leishmania guyanensis";"Leishmania guyanensis";"ORGANISM";"CHEMBL1158948";"1";"Scientific Literature";"J Nat Prod";"1991";"None";"";"";""
"CHEMBL55";"PENTAMIDINE";"4.0";"340.43";"0";"2.88";"pentamidine";"N=C(N)c1ccc(OCCCCCOc2ccc(C(=N)N)cc2)cc1";"IC90";"'='";"5.0";"ug";"";"";"";"UO_0000023";"";"";"";"";"0";"CHEMBL1016632";"Antileishmanial activity against Leishmania (Viannia) guyanensis M4147 after 48 hrs";"F";"BAO_0000218";"organism-based format";"Leishmania guyanensis";"None";"None";"None";"None";"";"";"";"CHEMBL612793";"Leishmania guyanensis";"Leishmania guyanensis";"ORGANISM";"CHEMBL1158948";"1";"Scientific Literature";"J Nat Prod";"1991";"None";"";"";""
"CHEMBL125";"MILTEFOSINE";"4.0";"407.58";"1";"5.68";"2b";"CCCCCCCCCCCCCCCCOP(=O)([O-])OCC[N+](C)(C)C";"IC50";"'='";"9500.0";"nM";"5.02";"";"";"UO_0000065";"";"";"";"";"0";"CHEMBL1655122";"Antileishmanial activity against Leishmania guyanensis PER054 amastigotes infected in Swiss mouse primary peritoneal mouse macrophages assessed as reduction of total parasite burden after 5 days";"F";"BAO_0000218";"organism-based format";"Leishmania guyanensis";"None";"None";"None";"None";"";"";"";"CHEMBL612793";"Leishmania guyanensis";"Leishmania guyanensis";"ORGANISM";"CHEMBL1649271";"1";"Scientific Literature";"Antimicrob Agents Chemother";"2009";"None";"";"";""
"CHEMBL2079699";"SODIUM STIBOGLUCONATE";"4.0";"907.88";"None";"None";"SbV";"";"Ratio IC50";"'='";"2.5";"";"";"";"";"";"";"";"";"";"0";"CHEMBL1655140";"Activity index, ratio of IC50 for Leishmania guyanensis PER080 to IC50 for Leishmania guyanensis PER106";"F";"BAO_0000218";"organism-based format";"Leishmania guyanensis";"None";"None";"None";"None";"";"";"";"CHEMBL612793";"Leishmania guyanensis";"Leishmania guyanensis";"ORGANISM";"CHEMBL1649271";"1";"Scientific Literature";"Antimicrob Agents Chemother";"2009";"None";"";"";""
"CHEMBL125";"MILTEFOSINE";"4.0";"407.58";"1";"5.68";"2b";"CCCCCCCCCCCCCCCCOP(=O)([O-])OCC[N+](C)(C)C";"IC50";"'='";"5000.0";"nM";"5.30";"";"";"UO_0000065";"";"";"";"";"0";"CHEMBL1655121";"Antileishmanial activity against Leishmania guyanensis PER008 amastigotes infected in Swiss mouse primary peritoneal mouse macrophages assessed as reduction of total parasite burden after 5 days";"F";"BAO_0000218";"organism-based format";"Leishmania guyanensis";"None";"None";"None";"None";"";"";"";"CHEMBL612793";"Leishmania guyanensis";"Leishmania guyanensis";"ORGANISM";"CHEMBL1649271";"1";"Scientific Literature";"Antimicrob Agents Chemother";"2009";"None";"";"";""
"CHEMBL2079699";"SODIUM STIBOGLUCONATE";"4.0";"907.88";"None";"None";"SbV";"";"IC50";"'='";"77.0";"ug.mL-1";"";"Outside typical range";"";"UO_0000274";"";"";"";"";"0";"CHEMBL1655123";"Antileishmanial activity against Leishmania guyanensis PER072 amastigotes infected in Swiss mouse primary peritoneal mouse macrophages assessed as reduction of total parasite burden after 5 days";"F";"BAO_0000218";"organism-based format";"Leishmania guyanensis";"None";"None";"None";"None";"";"";"";"CHEMBL612793";"Leishmania guyanensis";"Leishmania guyanensis";"ORGANISM";"CHEMBL1649271";"1";"Scientific Literature";"Antimicrob Agents Chemother";"2009";"None";"";"";""
"CHEMBL2079699";"SODIUM STIBOGLUCONATE";"4.0";"907.88";"None";"None";"SbV";"";"IC50";"'='";"50.0";"ug.mL-1";"";"";"";"UO_0000274";"";"";"";"";"0";"CHEMBL1655122";"Antileishmanial activity against Leishmania guyanensis PER054 amastigotes infected in Swiss mouse primary peritoneal mouse macrophages assessed as reduction of total parasite burden after 5 days";"F";"BAO_0000218";"organism-based format";"Leishmania guyanensis";"None";"None";"None";"None";"";"";"";"CHEMBL612793";"Leishmania guyanensis";"Leishmania guyanensis";"ORGANISM";"CHEMBL1649271";"1";"Scientific Literature";"Antimicrob Agents Chemother";"2009";"None";"";"";""
"CHEMBL255315";"";"None";"262.35";"0";"2.75";"2";"CC1(O)CCCC2(C)Cc3c(O)ccc(O)c3CC12";"IC50";"'='";"3.0";"ug.mL-1";"";"";"";"UO_0000274";"";"";"";"";"0";"CHEMBL921568";"Antileishmanial activity against Leishmania guyanensis promastigotes after 48 hrs by MTT method";"F";"BAO_0000218";"organism-based format";"Leishmania guyanensis";"None";"None";"None";"None";"";"";"";"CHEMBL612793";"Leishmania guyanensis";"Leishmania guyanensis";"ORGANISM";"CHEMBL1142411";"1";"Scientific Literature";"J Nat Prod";"2008";"None";"";"";""
"CHEMBL197310";"18-HYDROXYFERRUGINOL";"None";"302.46";"0";"4.52";"13";"CC(C)c1cc2c(cc1O)[C@@]1(C)CCC[C@@](C)(CO)[C@@H]1CC2";"IC50";"'='";"12500.0";"nM";"4.90";"";"";"UO_0000065";"";"";"";"";"0";"CHEMBL4321078";"Antileishmanial activity against Leishmania guyanensis 141/93 promastigotes after 48 hrs by resazurin dye-based fluorometric analysis";"F";"BAO_0000218";"organism-based format";"Leishmania guyanensis";"None";"None";"None";"None";"";"";"";"CHEMBL612793";"Leishmania guyanensis";"Leishmania guyanensis";"ORGANISM";"CHEMBL4316610";"1";"Scientific Literature";"J Nat Prod";"2019";"None";"";"";""
"CHEMBL4554875";"";"None";"316.44";"0";"4.16";"16";"CC(C)c1cc2c(cc1O)[C@@]1(C)CCC[C@@](C)(CO)[C@@H]1CC2=O";"IC50";"'='";"16500.0";"nM";"4.78";"";"";"UO_0000065";"";"";"";"";"0";"CHEMBL4321078";"Antileishmanial activity against Leishmania guyanensis 141/93 promastigotes after 48 hrs by resazurin dye-based fluorometric analysis";"F";"BAO_0000218";"organism-based format";"Leishmania guyanensis";"None";"None";"None";"None";"";"";"";"CHEMBL612793";"Leishmania guyanensis";"Leishmania guyanensis";"ORGANISM";"CHEMBL4316610";"1";"Scientific Literature";"J Nat Prod";"2019";"None";"";"";""
"CHEMBL4443057";"";"None";"330.42";"0";"4.25";"7";"CC(C)c1cc2c(cc1O)[C@@]1(C)CCC[C@@](C)(C(=O)O)[C@@H]1CC2=O";"IC50";"";"";"";"";"";"Not Active";"";"";"";"";"";"0";"CHEMBL4321078";"Antileishmanial activity against Leishmania guyanensis 141/93 promastigotes after 48 hrs by resazurin dye-based fluorometric analysis";"F";"BAO_0000218";"organism-based format";"Leishmania guyanensis";"None";"None";"None";"None";"";"";"";"CHEMBL612793";"Leishmania guyanensis";"Leishmania guyanensis";"ORGANISM";"CHEMBL4316610";"1";"Scientific Literature";"J Nat Prod";"2019";"None";"";"";""
"CHEMBL4551488";"";"None";"386.49";"0";"4.56";"11";"COC(=O)[C@]1(C)CCC[C@]2(C)c3cc(OC(C)=O)c(C(C)C)cc3C(=O)C[C@@H]12";"Ratio IC50";"'='";"13.0";"";"";"";"";"";"";"";"";"";"0";"CHEMBL4321089";"Potency index, ratio of miltefosine IC50 to compound IC50 for Leishmania guyanensis 141/93 promastigotes after 48 hrs by resazurin dye-based fluorometric analysis";"F";"BAO_0000218";"organism-based format";"Leishmania guyanensis";"None";"None";"None";"None";"";"";"";"CHEMBL612793";"Leishmania guyanensis";"Leishmania guyanensis";"ORGANISM";"CHEMBL4316610";"1";"Scientific Literature";"J Nat Prod";"2019";"None";"";"";""
"CHEMBL257343";"ALLIODORIN";"None";"260.33";"0";"3.51";"8";"C/C(C=O)=C\CC/C(C)=C/Cc1cc(O)ccc1O";"IC50";"'='";"2.0";"ug.mL-1";"";"";"";"UO_0000274";"";"";"";"";"0";"CHEMBL921568";"Antileishmanial activity against Leishmania guyanensis promastigotes after 48 hrs by MTT method";"F";"BAO_0000218";"organism-based format";"Leishmania guyanensis";"None";"None";"None";"None";"";"";"";"CHEMBL612793";"Leishmania guyanensis";"Leishmania guyanensis";"ORGANISM";"CHEMBL1142411";"1";"Scientific Literature";"J Nat Prod";"2008";"None";"";"";""
"CHEMBL125";"MILTEFOSINE";"4.0";"407.58";"1";"5.68";"SID484338";"CCCCCCCCCCCCCCCCOP(=O)([O-])OCC[N+](C)(C)C";"IC50";"'='";"53600.0";"nM";"4.27";"";"";"UO_0000065";"";"";"";"";"0";"CHEMBL3365486";"Antileishmanial activity against promastigote form of Leishmania guyanensis 141/93 after 48 hrs by resazurin fluorescence assay";"F";"BAO_0000218";"organism-based format";"Leishmania guyanensis";"None";"None";"None";"None";"";"";"";"CHEMBL612793";"Leishmania guyanensis";"Leishmania guyanensis";"ORGANISM";"CHEMBL3351529";"1";"Scientific Literature";"Bioorg Med Chem";"2014";"None";"";"";""
"CHEMBL267345";"AMPHOTERICIN B";"4.0";"924.09";"3";"0.71";"amphotericin B";"C[C@@H]1[C@H](O)[C@@H](C)/C=C/C=C/C=C/C=C/C=C/C=C/C=C/[C@H](O[C@@H]2O[C@H](C)[C@@H](O)[C@H](N)[C@@H]2O)C[C@@H]2O[C@](O)(C[C@@H](O)C[C@@H](O)[C@H](O)CC[C@@H](O)C[C@@H](O)CC(=O)O[C@H]1C)C[C@H](O)[C@H]2C(=O)O";"IC50";"'<'";"0.1";"ug.mL-1";"";"";"";"UO_0000274";"";"";"";"";"0";"CHEMBL921568";"Antileishmanial activity against Leishmania guyanensis promastigotes after 48 hrs by MTT method";"F";"BAO_0000218";"organism-based format";"Leishmania guyanensis";"None";"None";"None";"None";"";"";"";"CHEMBL612793";"Leishmania guyanensis";"Leishmania guyanensis";"ORGANISM";"CHEMBL1142411";"1";"Scientific Literature";"J Nat Prod";"2008";"None";"";"";""
"CHEMBL3311247";"";"None";"523.52";"2";"3.75";"7";"O=C(c1cccc(C(=O)c2cccc(-c3nnn4ccccc34)n2)n1)c1cccc(-c2nnn3ccccc23)n1";"IC50";"'='";"28700.0";"nM";"4.54";"";"";"UO_0000065";"";"";"";"";"0";"CHEMBL3365486";"Antileishmanial activity against promastigote form of Leishmania guyanensis 141/93 after 48 hrs by resazurin fluorescence assay";"F";"BAO_0000218";"organism-based format";"Leishmania guyanensis";"None";"None";"None";"None";"";"";"";"CHEMBL612793";"Leishmania guyanensis";"Leishmania guyanensis";"ORGANISM";"CHEMBL3351529";"1";"Scientific Literature";"Bioorg Med Chem";"2014";"None";"";"";""
"CHEMBL501413";"ANNOMONTINE";"None";"261.29";"0";"2.76";"2";"Nc1nccc(-c2nccc3c2[nH]c2ccccc23)n1";"IC50";"'>'";"613000.0";"nM";"";"Outside typical range";"";"UO_0000065";"";"";"";"";"0";"CHEMBL972239";"Antileishmanial activity against Leishmania guyanensis MHOM/BR/95/IOCL-2092 promastigotes after 24 hrs";"F";"BAO_0000218";"organism-based format";"Leishmania guyanensis";"None";"None";"None";"None";"";"";"";"CHEMBL612793";"Leishmania guyanensis";"Leishmania guyanensis";"ORGANISM";"CHEMBL1157262";"1";"Scientific Literature";"J Nat Prod";"2006";"None";"";"";""
"CHEMBL3932424";"";"None";"432.58";"1";"6.78";"15";"CC(=O)NC[C@]1(C)CCC[C@]2(C)c3ccc(C(C)C)cc3-c3[nH]c4ccc(F)cc4c3[C@@H]12";"IC50";"";"";"";"";"";"Not Determined";"";"";"";"";"";"0";"CHEMBL3857954";"Leishmanicidal activity against promastigote form of Leishmania guyanensis 141/93 after 48 hrs by resazurin dye-based fluorometric method";"F";"BAO_0000019";"assay format";"Leishmania guyanensis";"None";"None";"None";"None";"";"";"";"CHEMBL612793";"Leishmania guyanensis";"Leishmania guyanensis";"ORGANISM";"CHEMBL3856220";"1";"Scientific Literature";"Eur J Med Chem";"2016";"None";"";"";""
"CHEMBL125";"MILTEFOSINE";"4.0";"407.58";"1";"5.68";"M";"CCCCCCCCCCCCCCCCOP(=O)([O-])OCC[N+](C)(C)C";"IC50";"'='";"44600.0";"nM";"4.35";"";"";"UO_0000065";"";"";"";"";"0";"CHEMBL3090727";"Leishmanicidal activity against extracellular promastigote stage of Leishmania guyanensis 141/93 assessed as reduction of parasite load after 48 hrs by resazurin dye-based fluorometric analysis";"F";"BAO_0000218";"organism-based format";"Leishmania guyanensis";"None";"None";"None";"None";"";"";"";"CHEMBL612793";"Leishmania guyanensis";"Leishmania guyanensis";"ORGANISM";"CHEMBL3085685";"1";"Scientific Literature";"J Med Chem";"2013";"None";"";"";""
"CHEMBL3085904";"";"None";"323.42";"0";"3.59";"15d";"O=S(=O)(c1cccc2ccccc12)N1CCc2ccccc2C1";"IC50";"";"";"";"";"";"Not Active";"";"";"";"";"";"0";"CHEMBL3090727";"Leishmanicidal activity against extracellular promastigote stage of Leishmania guyanensis 141/93 assessed as reduction of parasite load after 48 hrs by resazurin dye-based fluorometric analysis";"F";"BAO_0000218";"organism-based format";"Leishmania guyanensis";"None";"None";"None";"None";"";"";"";"CHEMBL612793";"Leishmania guyanensis";"Leishmania guyanensis";"ORGANISM";"CHEMBL3085685";"1";"Scientific Literature";"J Med Chem";"2013";"None";"";"";""
"CHEMBL3085896";"";"None";"291.31";"0";"2.50";"9d";"O=S(=O)(Nc1ccc2[nH]ncc2c1)c1ccc(F)cc1";"IC50";"'='";"101900.0";"nM";"";"Outside typical range";"";"UO_0000065";"";"";"";"";"0";"CHEMBL3090727";"Leishmanicidal activity against extracellular promastigote stage of Leishmania guyanensis 141/93 assessed as reduction of parasite load after 48 hrs by resazurin dye-based fluorometric analysis";"F";"BAO_0000218";"organism-based format";"Leishmania guyanensis";"None";"None";"None";"None";"";"";"";"CHEMBL612793";"Leishmania guyanensis";"Leishmania guyanensis";"ORGANISM";"CHEMBL3085685";"1";"Scientific Literature";"J Med Chem";"2013";"None";"";"";""
"CHEMBL4534630";"";"None";"356.51";"1";"5.20";"9";"COC(=O)[C@]1(C)CCC[C@]2(C)c3cc(C(C)=O)c(C(C)C)cc3CC[C@@H]12";"IC50";"'='";"14200.0";"nM";"4.85";"";"";"UO_0000065";"";"";"";"";"0";"CHEMBL4321078";"Antileishmanial activity against Leishmania guyanensis 141/93 promastigotes after 48 hrs by resazurin dye-based fluorometric analysis";"F";"BAO_0000218";"organism-based format";"Leishmania guyanensis";"None";"None";"None";"None";"";"";"";"CHEMBL612793";"Leishmania guyanensis";"Leishmania guyanensis";"ORGANISM";"CHEMBL4316610";"1";"Scientific Literature";"J Nat Prod";"2019";"None";"";"";""
"CHEMBL4582361";"";"None";"330.47";"0";"4.70";"12";"COC(=O)[C@]1(C)CCC[C@]2(C)c3cc(O)c(C(C)C)cc3CC[C@@H]12";"IC50";"'='";"5900.0";"nM";"5.23";"";"";"UO_0000065";"";"";"";"";"0";"CHEMBL4321078";"Antileishmanial activity against Leishmania guyanensis 141/93 promastigotes after 48 hrs by resazurin dye-based fluorometric analysis";"F";"BAO_0000218";"organism-based format";"Leishmania guyanensis";"None";"None";"None";"None";"";"";"";"CHEMBL612793";"Leishmania guyanensis";"Leishmania guyanensis";"ORGANISM";"CHEMBL4316610";"1";"Scientific Literature";"J Nat Prod";"2019";"None";"";"";""
"CHEMBL3343778";"";"None";"403.57";"1";"5.89";"10";"CC(C)c1ccc2c(c1)C(=O)C[C@H]1[C@](C)(CNC(=O)c3ccccc3)CCC[C@]21C";"IC50";"'='";"8600.0";"nM";"5.07";"";"";"UO_0000065";"";"";"";"";"0";"CHEMBL3857954";"Leishmanicidal activity against promastigote form of Leishmania guyanensis 141/93 after 48 hrs by resazurin dye-based fluorometric method";"F";"BAO_0000019";"assay format";"Leishmania guyanensis";"None";"None";"None";"None";"";"";"";"CHEMBL612793";"Leishmania guyanensis";"Leishmania guyanensis";"ORGANISM";"CHEMBL3856220";"1";"Scientific Literature";"Eur J Med Chem";"2016";"None";"";"";""
"CHEMBL523920";"";"None";"316.44";"0";"4.61";"15";"CC(C)c1cc2c(cc1O)[C@@]1(C)CCC[C@@](C)(C(=O)O)[C@@H]1CC2";"IC50";"'='";"71400.0";"nM";"4.15";"";"";"UO_0000065";"";"";"";"";"0";"CHEMBL4321078";"Antileishmanial activity against Leishmania guyanensis 141/93 promastigotes after 48 hrs by resazurin dye-based fluorometric analysis";"F";"BAO_0000218";"organism-based format";"Leishmania guyanensis";"None";"None";"None";"None";"";"";"";"CHEMBL612793";"Leishmania guyanensis";"Leishmania guyanensis";"ORGANISM";"CHEMBL4316610";"1";"Scientific Literature";"J Nat Prod";"2019";"None";"";"";""
