"Molecule ChEMBL ID";"Molecule Name";"Molecule Max Phase";"Molecular Weight";"#RO5 Violations";"AlogP";"Compound Key";"Smiles";"Standard Type";"Standard Relation";"Standard Value";"Standard Units";"pChEMBL Value";"Data Validity Comment";"Comment";"Uo Units";"Ligand Efficiency BEI";"Ligand Efficiency LE";"Ligand Efficiency LLE";"Ligand Efficiency SEI";"Potential Duplicate";"Assay ChEMBL ID";"Assay Description";"Assay Type";"BAO Format ID";"BAO Label";"Assay Organism";"Assay Tissue ChEMBL ID";"Assay Tissue Name";"Assay Cell Type";"Assay Subcellular Fraction";"Assay Parameters";"Assay Variant Accession";"Assay Variant Mutation";"Target ChEMBL ID";"Target Name";"Target Organism";"Target Type";"Document ChEMBL ID";"Source ID";"Source Description";"Document Journal";"Document Year";"Cell ChEMBL ID";"Properties";"Action Type";"Standard Text Value"
"CHEMBL82242";"QUERCITRIN";"None";"448.38";"2";"0.49";"1a";"C[C@@H]1O[C@@H](Oc2c(-c3ccc(O)c(O)c3)oc3cc(O)cc(O)c3c2=O)[C@H](O)[C@H](O)[C@H]1O";"IC50";"'='";"12200.0";"nM";"4.91";"";"";"UO_0000065";"10.96";"0.21";"4.42";"2.58";"0";"CHEMBL3110798";"Inhibition of Leishmania amazonensis recombinant arginase expressed in Escherichia coli Rosetta (DE3) pLysS using L-arginine as substrate incubated for 10 mins prior to substrate addition measured after 10 mins by colorimetry";"B";"BAO_0000019";"assay format";"Leishmania amazonensis";"None";"None";"None";"None";"";"";"";"CHEMBL3108635";"Arginase";"Leishmania amazonensis";"SINGLE PROTEIN";"CHEMBL3108701";"1";"Scientific Literature";"J Nat Prod";"2014";"None";"";"";""
"CHEMBL4216180";"";"None";"319.31";"0";"2.88";"4";"CC(=O)Nc1ccccc1C(F)(F)C(=O)NNc1ccccc1";"Inhibition";"'>'";"70.0";"%";"";"";"";"UO_0000187";"";"";"";"";"0";"CHEMBL4387400";"Inhibition of recombinant Leishmania amazonensis arginase expressed in Escherichia coli assessed as reduction in urea production at 100 uM using L-arginine as substrate by Berthelot colorimetric method relative to control";"B";"BAO_0000019";"assay format";"Leishmania amazonensis";"None";"None";"None";"None";"";"";"";"CHEMBL3108635";"Arginase";"Leishmania amazonensis";"SINGLE PROTEIN";"CHEMBL4385644";"1";"Scientific Literature";"Bioorg Med Chem";"2019";"None";"";"";""
"CHEMBL4546693";"";"None";"338.74";"0";"4.03";"11";"CC(=O)Nc1ccccc1C(F)(F)C(=O)Nc1ccc(Cl)cc1";"Ki";"";"";"";"";"";"Not Determined";"";"";"";"";"";"0";"CHEMBL4387398";"Competitive inhibition of recombinant Leishmania amazonensis arginase expressed in Escherichia coli assessed as reduction in urea production by measuring dissociation constant for enzyme-inhibitor complex using L-arginine as substrate by Berthelot colorimetric method based Dixon/Cornish-Bowden plot analysis relative to control";"B";"BAO_0000019";"assay format";"Leishmania amazonensis";"None";"None";"None";"None";"";"";"";"CHEMBL3108635";"Arginase";"Leishmania amazonensis";"SINGLE PROTEIN";"CHEMBL4385644";"1";"Scientific Literature";"Bioorg Med Chem";"2019";"None";"";"";""
"CHEMBL4204512";"";"None";"333.34";"0";"3.19";"5";"CC(=O)Nc1ccc(C)cc1C(F)(F)C(=O)NNc1ccccc1";"Ki";"'='";"1300.0";"nM";"5.89";"";"";"UO_0000065";"17.66";"0.33";"2.70";"8.38";"0";"CHEMBL4387398";"Competitive inhibition of recombinant Leishmania amazonensis arginase expressed in Escherichia coli assessed as reduction in urea production by measuring dissociation constant for enzyme-inhibitor complex using L-arginine as substrate by Berthelot colorimetric method based Dixon/Cornish-Bowden plot analysis relative to control";"B";"BAO_0000019";"assay format";"Leishmania amazonensis";"None";"None";"None";"None";"";"";"";"CHEMBL3108635";"Arginase";"Leishmania amazonensis";"SINGLE PROTEIN";"CHEMBL4385644";"1";"Scientific Literature";"Bioorg Med Chem";"2019";"None";"";"";""
"CHEMBL4574177";"";"None";"387.31";"0";"3.90";"8";"CC(=O)Nc1ccccc1C(F)(F)C(=O)NNc1ccc(C(F)(F)F)cc1";"IC50";"'='";"38000.0";"nM";"4.42";"";"";"UO_0000065";"11.41";"0.22";"0.52";"6.29";"0";"CHEMBL4387399";"Inhibition of recombinant Leishmania amazonensis arginase expressed in Escherichia coli assessed as reduction in urea production using L-arginine as substrate by Berthelot colorimetric method relative to control";"B";"BAO_0000019";"assay format";"Leishmania amazonensis";"None";"None";"None";"None";"";"";"";"CHEMBL3108635";"Arginase";"Leishmania amazonensis";"SINGLE PROTEIN";"CHEMBL4385644";"1";"Scientific Literature";"Bioorg Med Chem";"2019";"None";"";"";""
"CHEMBL150";"KAEMPFEROL";"None";"286.24";"0";"2.28";"1h";"O=c1c(O)c(-c2ccc(O)cc2)oc2cc(O)cc(O)c12";"IC50";"'='";"55000.0";"nM";"4.26";"";"";"UO_0000065";"14.88";"0.28";"1.98";"3.83";"0";"CHEMBL3110798";"Inhibition of Leishmania amazonensis recombinant arginase expressed in Escherichia coli Rosetta (DE3) pLysS using L-arginine as substrate incubated for 10 mins prior to substrate addition measured after 10 mins by colorimetry";"B";"BAO_0000019";"assay format";"Leishmania amazonensis";"None";"None";"None";"None";"";"";"";"CHEMBL3108635";"Arginase";"Leishmania amazonensis";"SINGLE PROTEIN";"CHEMBL3108701";"1";"Scientific Literature";"J Nat Prod";"2014";"None";"";"";""
"CHEMBL3109439";"";"None";"464.38";"2";"0.19";"1e";"C[C@H]1O[C@H](Oc2c(-c3cc(O)c(O)c(O)c3)oc3cc(O)cc(O)c3c2=O)[C@@H](O)[C@@H](O)[C@@H]1O";"Kis";"'='";"1.9";"uM";"";"";"";"UO_0000064";"";"";"";"";"0";"CHEMBL3110796";"Noncompetitive inhibition of Leishmania amazonensis recombinant arginase expressed in Escherichia coli Rosetta (DE3) pLysS using L-arginine as substrate assessed as enzyme-substrate-inhibitor complex by Dixon reciprocal plot analysis";"B";"BAO_0000019";"assay format";"Leishmania amazonensis";"None";"None";"None";"None";"";"";"";"CHEMBL3108635";"Arginase";"Leishmania amazonensis";"SINGLE PROTEIN";"CHEMBL3108701";"1";"Scientific Literature";"J Nat Prod";"2014";"None";"";"";""
"CHEMBL267345";"AMPHOTERICIN B";"4.0";"924.09";"3";"0.71";"AmB";"C[C@@H]1[C@H](O)[C@@H](C)/C=C/C=C/C=C/C=C/C=C/C=C/C=C/[C@H](O[C@@H]2O[C@H](C)[C@@H](O)[C@H](N)[C@@H]2O)C[C@@H]2O[C@](O)(C[C@@H](O)C[C@@H](O)[C@H](O)CC[C@@H](O)C[C@@H](O)CC(=O)O[C@H]1C)C[C@H](O)[C@H]2C(=O)O";"IC50";"";"";"";"";"";"Not Active";"";"";"";"";"";"0";"CHEMBL4387399";"Inhibition of recombinant Leishmania amazonensis arginase expressed in Escherichia coli assessed as reduction in urea production using L-arginine as substrate by Berthelot colorimetric method relative to control";"B";"BAO_0000019";"assay format";"Leishmania amazonensis";"None";"None";"None";"None";"";"";"";"CHEMBL3108635";"Arginase";"Leishmania amazonensis";"SINGLE PROTEIN";"CHEMBL4385644";"1";"Scientific Literature";"Bioorg Med Chem";"2019";"None";"";"";""
"CHEMBL4515068";"";"None";"291.26";"0";"0.61";"Fig 1, Cpd V";"Cc1cc(NNC(N)=S)n2nc(C(F)(F)F)nc2n1";"K";"'='";"17.0";"uM";"";"";"";"UO_0000064";"";"";"";"";"0";"CHEMBL4342351";"Uncompetitive inhibition of recombinant Leishmania amazonensis arginase expressed in Escherichia coli assessed as dissociation constant for ternary complex enzyme-substrate-inhibitor using L-arginine as substrate by Dixon or Cornish-Bowden plot analysis";"B";"BAO_0000019";"assay format";"Leishmania amazonensis";"None";"None";"None";"None";"";"";"";"CHEMBL3108635";"Arginase";"Leishmania amazonensis";"SINGLE PROTEIN";"CHEMBL4340573";"1";"Scientific Literature";"Bioorg Med Chem";"2019";"None";"";"";""
"CHEMBL4571367";"";"None";"285.34";"0";"0.98";"1";"NC(=S)NNc1ncnc2c1cnn2-c1ccccc1";"K";"'='";"8.5";"uM";"";"";"";"UO_0000064";"";"";"";"";"0";"CHEMBL4342351";"Uncompetitive inhibition of recombinant Leishmania amazonensis arginase expressed in Escherichia coli assessed as dissociation constant for ternary complex enzyme-substrate-inhibitor using L-arginine as substrate by Dixon or Cornish-Bowden plot analysis";"B";"BAO_0000019";"assay format";"Leishmania amazonensis";"None";"None";"None";"None";"";"";"";"CHEMBL3108635";"Arginase";"Leishmania amazonensis";"SINGLE PROTEIN";"CHEMBL4340573";"1";"Scientific Literature";"Bioorg Med Chem";"2019";"None";"";"";""
"CHEMBL4438412";"";"None";"303.33";"0";"1.11";"2";"NC(=S)NNc1ncnc2c1cnn2-c1ccc(F)cc1";"K";"";"";"";"";"";"Not Determined";"";"";"";"";"";"0";"CHEMBL4342351";"Uncompetitive inhibition of recombinant Leishmania amazonensis arginase expressed in Escherichia coli assessed as dissociation constant for ternary complex enzyme-substrate-inhibitor using L-arginine as substrate by Dixon or Cornish-Bowden plot analysis";"B";"BAO_0000019";"assay format";"Leishmania amazonensis";"None";"None";"None";"None";"";"";"";"CHEMBL3108635";"Arginase";"Leishmania amazonensis";"SINGLE PROTEIN";"CHEMBL4340573";"1";"Scientific Literature";"Bioorg Med Chem";"2019";"None";"";"";""
"CHEMBL4216180";"";"None";"319.31";"0";"2.88";"4";"CC(=O)Nc1ccccc1C(F)(F)C(=O)NNc1ccccc1";"Kis";"";"";"";"";"";"Not Determined";"";"";"";"";"";"0";"CHEMBL4387401";"Mixed type inhibition of recombinant Leishmania amazonensis arginase expressed in Escherichia coli assessed as reduction in urea production by measuring dissociation constant for enzyme-substrate-inhibitor complex using L-arginine as substrate by Berthelot colorimetric method based Dixon/Cornish-Bowden plot analysis relative to control";"B";"BAO_0000019";"assay format";"Leishmania amazonensis";"None";"None";"None";"None";"";"";"";"CHEMBL3108635";"Arginase";"Leishmania amazonensis";"SINGLE PROTEIN";"CHEMBL4385644";"1";"Scientific Literature";"Bioorg Med Chem";"2019";"None";"";"";""
"CHEMBL267345";"AMPHOTERICIN B";"4.0";"924.09";"3";"0.71";"AmB";"C[C@@H]1[C@H](O)[C@@H](C)/C=C/C=C/C=C/C=C/C=C/C=C/C=C/[C@H](O[C@@H]2O[C@H](C)[C@@H](O)[C@H](N)[C@@H]2O)C[C@@H]2O[C@](O)(C[C@@H](O)C[C@@H](O)[C@H](O)CC[C@@H](O)C[C@@H](O)CC(=O)O[C@H]1C)C[C@H](O)[C@H]2C(=O)O";"Kis";"";"";"";"";"";"Not Determined";"";"";"";"";"";"0";"CHEMBL4387401";"Mixed type inhibition of recombinant Leishmania amazonensis arginase expressed in Escherichia coli assessed as reduction in urea production by measuring dissociation constant for enzyme-substrate-inhibitor complex using L-arginine as substrate by Berthelot colorimetric method based Dixon/Cornish-Bowden plot analysis relative to control";"B";"BAO_0000019";"assay format";"Leishmania amazonensis";"None";"None";"None";"None";"";"";"";"CHEMBL3108635";"Arginase";"Leishmania amazonensis";"SINGLE PROTEIN";"CHEMBL4385644";"1";"Scientific Literature";"Bioorg Med Chem";"2019";"None";"";"";""
"CHEMBL267345";"AMPHOTERICIN B";"4.0";"924.09";"3";"0.71";"AmB";"C[C@@H]1[C@H](O)[C@@H](C)/C=C/C=C/C=C/C=C/C=C/C=C/C=C/[C@H](O[C@@H]2O[C@H](C)[C@@H](O)[C@H](N)[C@@H]2O)C[C@@H]2O[C@](O)(C[C@@H](O)C[C@@H](O)[C@H](O)CC[C@@H](O)C[C@@H](O)CC(=O)O[C@H]1C)C[C@H](O)[C@H]2C(=O)O";"Ki";"";"";"";"";"";"Not Determined";"";"";"";"";"";"0";"CHEMBL4387398";"Competitive inhibition of recombinant Leishmania amazonensis arginase expressed in Escherichia coli assessed as reduction in urea production by measuring dissociation constant for enzyme-inhibitor complex using L-arginine as substrate by Berthelot colorimetric method based Dixon/Cornish-Bowden plot analysis relative to control";"B";"BAO_0000019";"assay format";"Leishmania amazonensis";"None";"None";"None";"None";"";"";"";"CHEMBL3108635";"Arginase";"Leishmania amazonensis";"SINGLE PROTEIN";"CHEMBL4385644";"1";"Scientific Literature";"Bioorg Med Chem";"2019";"None";"";"";""
"CHEMBL4459163";"";"None";"284.31";"0";"2.57";"12";"CC(=O)Nc1ccc(C)cc1C(F)(F)C(=O)NC(C)C";"IC50";"";"";"";"";"";"Not Active";"";"";"";"";"";"0";"CHEMBL4387399";"Inhibition of recombinant Leishmania amazonensis arginase expressed in Escherichia coli assessed as reduction in urea production using L-arginine as substrate by Berthelot colorimetric method relative to control";"B";"BAO_0000019";"assay format";"Leishmania amazonensis";"None";"None";"None";"None";"";"";"";"CHEMBL3108635";"Arginase";"Leishmania amazonensis";"SINGLE PROTEIN";"CHEMBL4385644";"1";"Scientific Literature";"Bioorg Med Chem";"2019";"None";"";"";""
"CHEMBL4216693";"";"None";"334.33";"0";"2.58";"7";"CC(=O)Nc1ccc(C)cc1C(F)(F)C(=O)NNc1ccccn1";"IC50";"'>'";"100000.0";"nM";"";"";"";"UO_0000065";"";"";"";"";"0";"CHEMBL4387399";"Inhibition of recombinant Leishmania amazonensis arginase expressed in Escherichia coli assessed as reduction in urea production using L-arginine as substrate by Berthelot colorimetric method relative to control";"B";"BAO_0000019";"assay format";"Leishmania amazonensis";"None";"None";"None";"None";"";"";"";"CHEMBL3108635";"Arginase";"Leishmania amazonensis";"SINGLE PROTEIN";"CHEMBL4385644";"1";"Scientific Literature";"Bioorg Med Chem";"2019";"None";"";"";""
"CHEMBL4216693";"";"None";"334.33";"0";"2.58";"7";"CC(=O)Nc1ccc(C)cc1C(F)(F)C(=O)NNc1ccccn1";"Kis";"";"";"";"";"";"Not Determined";"";"";"";"";"";"0";"CHEMBL4387401";"Mixed type inhibition of recombinant Leishmania amazonensis arginase expressed in Escherichia coli assessed as reduction in urea production by measuring dissociation constant for enzyme-substrate-inhibitor complex using L-arginine as substrate by Berthelot colorimetric method based Dixon/Cornish-Bowden plot analysis relative to control";"B";"BAO_0000019";"assay format";"Leishmania amazonensis";"None";"None";"None";"None";"";"";"";"CHEMBL3108635";"Arginase";"Leishmania amazonensis";"SINGLE PROTEIN";"CHEMBL4385644";"1";"Scientific Literature";"Bioorg Med Chem";"2019";"None";"";"";""
"CHEMBL4204512";"";"None";"333.34";"0";"3.19";"5";"CC(=O)Nc1ccc(C)cc1C(F)(F)C(=O)NNc1ccccc1";"Inhibition";"'>'";"70.0";"%";"";"";"";"UO_0000187";"";"";"";"";"0";"CHEMBL4387400";"Inhibition of recombinant Leishmania amazonensis arginase expressed in Escherichia coli assessed as reduction in urea production at 100 uM using L-arginine as substrate by Berthelot colorimetric method relative to control";"B";"BAO_0000019";"assay format";"Leishmania amazonensis";"None";"None";"None";"None";"";"";"";"CHEMBL3108635";"Arginase";"Leishmania amazonensis";"SINGLE PROTEIN";"CHEMBL4385644";"1";"Scientific Literature";"Bioorg Med Chem";"2019";"None";"";"";""
"CHEMBL4216180";"";"None";"319.31";"0";"2.88";"4";"CC(=O)Nc1ccccc1C(F)(F)C(=O)NNc1ccccc1";"IC50";"'='";"12000.0";"nM";"4.92";"";"";"UO_0000065";"15.41";"0.29";"2.04";"7.01";"0";"CHEMBL4387399";"Inhibition of recombinant Leishmania amazonensis arginase expressed in Escherichia coli assessed as reduction in urea production using L-arginine as substrate by Berthelot colorimetric method relative to control";"B";"BAO_0000019";"assay format";"Leishmania amazonensis";"None";"None";"None";"None";"";"";"";"CHEMBL3108635";"Arginase";"Leishmania amazonensis";"SINGLE PROTEIN";"CHEMBL4385644";"1";"Scientific Literature";"Bioorg Med Chem";"2019";"None";"";"";""
"CHEMBL4562829";"";"None";"304.30";"0";"3.38";"10";"CC(=O)Nc1ccccc1C(F)(F)C(=O)Nc1ccccc1";"Kis";"";"";"";"";"";"Not Determined";"";"";"";"";"";"0";"CHEMBL4387401";"Mixed type inhibition of recombinant Leishmania amazonensis arginase expressed in Escherichia coli assessed as reduction in urea production by measuring dissociation constant for enzyme-substrate-inhibitor complex using L-arginine as substrate by Berthelot colorimetric method based Dixon/Cornish-Bowden plot analysis relative to control";"B";"BAO_0000019";"assay format";"Leishmania amazonensis";"None";"None";"None";"None";"";"";"";"CHEMBL3108635";"Arginase";"Leishmania amazonensis";"SINGLE PROTEIN";"CHEMBL4385644";"1";"Scientific Literature";"Bioorg Med Chem";"2019";"None";"";"";""
"CHEMBL4530523";"";"None";"318.32";"0";"3.05";"9";"CC(=O)Nc1ccccc1C(F)(F)C(=O)NCc1ccccc1";"Kis";"'='";"6.5";"uM";"";"";"";"UO_0000064";"";"";"";"";"0";"CHEMBL4387401";"Mixed type inhibition of recombinant Leishmania amazonensis arginase expressed in Escherichia coli assessed as reduction in urea production by measuring dissociation constant for enzyme-substrate-inhibitor complex using L-arginine as substrate by Berthelot colorimetric method based Dixon/Cornish-Bowden plot analysis relative to control";"B";"BAO_0000019";"assay format";"Leishmania amazonensis";"None";"None";"None";"None";"";"";"";"CHEMBL3108635";"Arginase";"Leishmania amazonensis";"SINGLE PROTEIN";"CHEMBL4385644";"1";"Scientific Literature";"Bioorg Med Chem";"2019";"None";"";"";""
"CHEMBL4530523";"";"None";"318.32";"0";"3.05";"9";"CC(=O)Nc1ccccc1C(F)(F)C(=O)NCc1ccccc1";"Ki";"'='";"32000.0";"nM";"4.50";"";"";"UO_0000065";"14.12";"0.27";"1.44";"7.72";"0";"CHEMBL4387398";"Competitive inhibition of recombinant Leishmania amazonensis arginase expressed in Escherichia coli assessed as reduction in urea production by measuring dissociation constant for enzyme-inhibitor complex using L-arginine as substrate by Berthelot colorimetric method based Dixon/Cornish-Bowden plot analysis relative to control";"B";"BAO_0000019";"assay format";"Leishmania amazonensis";"None";"None";"None";"None";"";"";"";"CHEMBL3108635";"Arginase";"Leishmania amazonensis";"SINGLE PROTEIN";"CHEMBL4385644";"1";"Scientific Literature";"Bioorg Med Chem";"2019";"None";"";"";""
"CHEMBL4211729";"";"None";"320.30";"0";"2.28";"6";"CC(=O)Nc1ccccc1C(F)(F)C(=O)NNc1ccccn1";"Ki";"";"";"";"";"";"Not Determined";"";"";"";"";"";"0";"CHEMBL4387398";"Competitive inhibition of recombinant Leishmania amazonensis arginase expressed in Escherichia coli assessed as reduction in urea production by measuring dissociation constant for enzyme-inhibitor complex using L-arginine as substrate by Berthelot colorimetric method based Dixon/Cornish-Bowden plot analysis relative to control";"B";"BAO_0000019";"assay format";"Leishmania amazonensis";"None";"None";"None";"None";"";"";"";"CHEMBL3108635";"Arginase";"Leishmania amazonensis";"SINGLE PROTEIN";"CHEMBL4385644";"1";"Scientific Literature";"Bioorg Med Chem";"2019";"None";"";"";""
"CHEMBL4574177";"";"None";"387.31";"0";"3.90";"8";"CC(=O)Nc1ccccc1C(F)(F)C(=O)NNc1ccc(C(F)(F)F)cc1";"Inhibition";"'>'";"70.0";"%";"";"";"";"UO_0000187";"";"";"";"";"0";"CHEMBL4387400";"Inhibition of recombinant Leishmania amazonensis arginase expressed in Escherichia coli assessed as reduction in urea production at 100 uM using L-arginine as substrate by Berthelot colorimetric method relative to control";"B";"BAO_0000019";"assay format";"Leishmania amazonensis";"None";"None";"None";"None";"";"";"";"CHEMBL3108635";"Arginase";"Leishmania amazonensis";"SINGLE PROTEIN";"CHEMBL4385644";"1";"Scientific Literature";"Bioorg Med Chem";"2019";"None";"";"";""
"CHEMBL4467463";"";"None";"353.33";"0";"1.99";"6";"NC(=S)NNc1ncnc2c1cnn2-c1ccc(C(F)(F)F)cc1";"K";"'='";"29.0";"uM";"";"";"";"UO_0000064";"";"";"";"";"0";"CHEMBL4342351";"Uncompetitive inhibition of recombinant Leishmania amazonensis arginase expressed in Escherichia coli assessed as dissociation constant for ternary complex enzyme-substrate-inhibitor using L-arginine as substrate by Dixon or Cornish-Bowden plot analysis";"B";"BAO_0000019";"assay format";"Leishmania amazonensis";"None";"None";"None";"None";"";"";"";"CHEMBL3108635";"Arginase";"Leishmania amazonensis";"SINGLE PROTEIN";"CHEMBL4340573";"1";"Scientific Literature";"Bioorg Med Chem";"2019";"None";"";"";""
"CHEMBL361362";"SYRINGARESINOL";"None";"418.44";"0";"3.21";"3";"COc1cc([C@H]2OC[C@H]3[C@@H]2CO[C@@H]3c2cc(OC)c(O)c(OC)c2)cc(OC)c1O";"IC50";"'='";"13700.0";"nM";"4.86";"";"";"UO_0000065";"11.62";"0.22";"1.65";"5.07";"0";"CHEMBL3110798";"Inhibition of Leishmania amazonensis recombinant arginase expressed in Escherichia coli Rosetta (DE3) pLysS using L-arginine as substrate incubated for 10 mins prior to substrate addition measured after 10 mins by colorimetry";"B";"BAO_0000019";"assay format";"Leishmania amazonensis";"None";"None";"None";"None";"";"";"";"CHEMBL3108635";"Arginase";"Leishmania amazonensis";"SINGLE PROTEIN";"CHEMBL3108701";"1";"Scientific Literature";"J Nat Prod";"2014";"None";"";"";""
"CHEMBL3109443";"";"None";"430.37";"0";"2.20";"2e";"CC(=O)Oc1cc(OC(C)=O)c2c(c1)O[C@@H](c1ccc(O)c(O)c1)[C@H](OC(C)=O)C2=O";"Ki";"'='";"900.0";"nM";"6.05";"";"";"UO_0000065";"14.05";"0.27";"3.85";"4.15";"0";"CHEMBL3110797";"Noncompetitive inhibition of Leishmania amazonensis recombinant arginase expressed in Escherichia coli Rosetta (DE3) pLysS using L-arginine as substrate by Dixon reciprocal plot analysis";"B";"BAO_0000019";"assay format";"Leishmania amazonensis";"None";"None";"None";"None";"";"";"";"CHEMBL3108635";"Arginase";"Leishmania amazonensis";"SINGLE PROTEIN";"CHEMBL3108701";"1";"Scientific Literature";"J Nat Prod";"2014";"None";"";"";""
"CHEMBL583912";"(-)-EPICATECHIN";"2.0";"290.27";"0";"1.55";"2b";"Oc1cc(O)c2c(c1)O[C@H](c1ccc(O)c(O)c1)[C@H](O)C2";"Ki";"'='";"200.0";"nM";"6.70";"";"";"UO_0000065";"23.08";"0.44";"5.15";"6.07";"0";"CHEMBL3110797";"Noncompetitive inhibition of Leishmania amazonensis recombinant arginase expressed in Escherichia coli Rosetta (DE3) pLysS using L-arginine as substrate by Dixon reciprocal plot analysis";"B";"BAO_0000019";"assay format";"Leishmania amazonensis";"None";"None";"None";"None";"";"";"";"CHEMBL3108635";"Arginase";"Leishmania amazonensis";"SINGLE PROTEIN";"CHEMBL3108701";"1";"Scientific Literature";"J Nat Prod";"2014";"None";"";"";""
"CHEMBL3109443";"";"None";"430.37";"0";"2.20";"2e";"CC(=O)Oc1cc(OC(C)=O)c2c(c1)O[C@@H](c1ccc(O)c(O)c1)[C@H](OC(C)=O)C2=O";"IC50";"'='";"900.0";"nM";"6.05";"";"";"UO_0000065";"14.05";"0.27";"3.85";"4.15";"0";"CHEMBL3110798";"Inhibition of Leishmania amazonensis recombinant arginase expressed in Escherichia coli Rosetta (DE3) pLysS using L-arginine as substrate incubated for 10 mins prior to substrate addition measured after 10 mins by colorimetry";"B";"BAO_0000019";"assay format";"Leishmania amazonensis";"None";"None";"None";"None";"";"";"";"CHEMBL3108635";"Arginase";"Leishmania amazonensis";"SINGLE PROTEIN";"CHEMBL3108701";"1";"Scientific Literature";"J Nat Prod";"2014";"None";"";"";""
"CHEMBL19074";"PENTAACETYLQUERCETIN";"None";"512.42";"2";"3.09";"1i";"CC(=O)Oc1cc(OC(C)=O)c2c(=O)c(OC(C)=O)c(-c3ccc(OC(C)=O)c(OC(C)=O)c3)oc2c1";"IC50";"'='";"120800.0";"nM";"";"Outside typical range";"";"UO_0000065";"";"";"";"";"0";"CHEMBL3110798";"Inhibition of Leishmania amazonensis recombinant arginase expressed in Escherichia coli Rosetta (DE3) pLysS using L-arginine as substrate incubated for 10 mins prior to substrate addition measured after 10 mins by colorimetry";"B";"BAO_0000019";"assay format";"Leishmania amazonensis";"None";"None";"None";"None";"";"";"";"CHEMBL3108635";"Arginase";"Leishmania amazonensis";"SINGLE PROTEIN";"CHEMBL3108701";"1";"Scientific Literature";"J Nat Prod";"2014";"None";"";"";""
"CHEMBL82242";"QUERCITRIN";"None";"448.38";"2";"0.49";"1a";"C[C@@H]1O[C@@H](Oc2c(-c3ccc(O)c(O)c3)oc3cc(O)cc(O)c3c2=O)[C@H](O)[C@H](O)[C@H]1O";"Kis";"'='";"7.2";"uM";"";"";"";"UO_0000064";"";"";"";"";"0";"CHEMBL3110796";"Noncompetitive inhibition of Leishmania amazonensis recombinant arginase expressed in Escherichia coli Rosetta (DE3) pLysS using L-arginine as substrate assessed as enzyme-substrate-inhibitor complex by Dixon reciprocal plot analysis";"B";"BAO_0000019";"assay format";"Leishmania amazonensis";"None";"None";"None";"None";"";"";"";"CHEMBL3108635";"Arginase";"Leishmania amazonensis";"SINGLE PROTEIN";"CHEMBL3108701";"1";"Scientific Literature";"J Nat Prod";"2014";"None";"";"";""
"CHEMBL3109444";"";"None";"514.44";"2";"2.64";"2f";"CC(=O)Oc1cc(OC(C)=O)c2c(c1)O[C@@H](c1ccc(OC(C)=O)c(OC(C)=O)c1)[C@H](OC(C)=O)C2=O";"IC50";"'='";"4800.0";"nM";"5.32";"";"";"UO_0000065";"10.34";"0.20";"2.68";"3.37";"0";"CHEMBL3110798";"Inhibition of Leishmania amazonensis recombinant arginase expressed in Escherichia coli Rosetta (DE3) pLysS using L-arginine as substrate incubated for 10 mins prior to substrate addition measured after 10 mins by colorimetry";"B";"BAO_0000019";"assay format";"Leishmania amazonensis";"None";"None";"None";"None";"";"";"";"CHEMBL3108635";"Arginase";"Leishmania amazonensis";"SINGLE PROTEIN";"CHEMBL3108701";"1";"Scientific Literature";"J Nat Prod";"2014";"None";"";"";""
"CHEMBL164";"MYRICETIN";"None";"318.24";"1";"1.69";"1f";"O=c1c(O)c(-c2cc(O)c(O)c(O)c2)oc2cc(O)cc(O)c12";"IC50";"'='";"2100.0";"nM";"5.68";"";"";"UO_0000065";"17.84";"0.34";"3.99";"3.75";"0";"CHEMBL3110798";"Inhibition of Leishmania amazonensis recombinant arginase expressed in Escherichia coli Rosetta (DE3) pLysS using L-arginine as substrate incubated for 10 mins prior to substrate addition measured after 10 mins by colorimetry";"B";"BAO_0000019";"assay format";"Leishmania amazonensis";"None";"None";"None";"None";"";"";"";"CHEMBL3108635";"Arginase";"Leishmania amazonensis";"SINGLE PROTEIN";"CHEMBL3108701";"1";"Scientific Literature";"J Nat Prod";"2014";"None";"";"";""
"CHEMBL4467463";"";"None";"353.33";"0";"1.99";"6";"NC(=S)NNc1ncnc2c1cnn2-c1ccc(C(F)(F)F)cc1";"IC50";"'='";"47000.0";"nM";"4.33";"";"";"UO_0000065";"12.25";"0.25";"2.34";"4.62";"0";"CHEMBL4342350";"Inhibition of recombinant Leishmania amazonensis arginase expressed in Escherichia coli using L-arginine as substrate";"B";"BAO_0000019";"assay format";"Leishmania amazonensis";"None";"None";"None";"None";"";"";"";"CHEMBL3108635";"Arginase";"Leishmania amazonensis";"SINGLE PROTEIN";"CHEMBL4340573";"1";"Scientific Literature";"Bioorg Med Chem";"2019";"None";"";"";""
"CHEMBL250450";"ISOQUERCETIN";"2.0";"464.38";"2";"-0.54";"1";"O=c1c(O[C@@H]2O[C@H](CO)[C@@H](O)[C@H](O)[C@H]2O)c(-c2ccc(O)c(O)c2)oc2cc(O)cc(O)c12";"IC50";"'='";"2000.0";"nM";"5.70";"";"";"UO_0000065";"12.27";"0.24";"6.24";"2.71";"0";"CHEMBL3110798";"Inhibition of Leishmania amazonensis recombinant arginase expressed in Escherichia coli Rosetta (DE3) pLysS using L-arginine as substrate incubated for 10 mins prior to substrate addition measured after 10 mins by colorimetry";"B";"BAO_0000019";"assay format";"Leishmania amazonensis";"None";"None";"None";"None";"";"";"";"CHEMBL3108635";"Arginase";"Leishmania amazonensis";"SINGLE PROTEIN";"CHEMBL3108701";"1";"Scientific Literature";"J Nat Prod";"2014";"None";"";"";""
"CHEMBL4438412";"";"None";"303.33";"0";"1.11";"2";"NC(=S)NNc1ncnc2c1cnn2-c1ccc(F)cc1";"IC50";"'>'";"100000.0";"nM";"";"";"";"UO_0000065";"";"";"";"";"0";"CHEMBL4342350";"Inhibition of recombinant Leishmania amazonensis arginase expressed in Escherichia coli using L-arginine as substrate";"B";"BAO_0000019";"assay format";"Leishmania amazonensis";"None";"None";"None";"None";"";"";"";"CHEMBL3108635";"Arginase";"Leishmania amazonensis";"SINGLE PROTEIN";"CHEMBL4340573";"1";"Scientific Literature";"Bioorg Med Chem";"2019";"None";"";"";""
"CHEMBL4571367";"";"None";"285.34";"0";"0.98";"1";"NC(=S)NNc1ncnc2c1cnn2-c1ccccc1";"Inhibition";"'='";"74.3";"%";"";"";"";"UO_0000187";"";"";"";"";"0";"CHEMBL4342348";"Inhibition of recombinant Leishmania amazonensis arginase expressed in Escherichia coli at 100 uM using L-arginine as substrate relative to control";"B";"BAO_0000019";"assay format";"Leishmania amazonensis";"None";"None";"None";"None";"";"";"";"CHEMBL3108635";"Arginase";"Leishmania amazonensis";"SINGLE PROTEIN";"CHEMBL4340573";"1";"Scientific Literature";"Bioorg Med Chem";"2019";"None";"";"";""
"CHEMBL4515068";"";"None";"291.26";"0";"0.61";"Fig 1, Cpd V";"Cc1cc(NNC(N)=S)n2nc(C(F)(F)F)nc2n1";"IC50";"'='";"16500.0";"nM";"4.78";"";"";"UO_0000065";"16.42";"0.34";"4.17";"5.13";"0";"CHEMBL4342347";"Non-competitive inhibition of Leishmania amazonensis arginase using L-arginine as substrate incubated for 15 mins";"B";"BAO_0000357";"single protein format";"Leishmania amazonensis";"None";"None";"None";"None";"";"";"";"CHEMBL3108635";"Arginase";"Leishmania amazonensis";"SINGLE PROTEIN";"CHEMBL4340573";"1";"Scientific Literature";"Bioorg Med Chem";"2019";"None";"";"";""
"CHEMBL250450";"ISOQUERCETIN";"2.0";"464.38";"2";"-0.54";"1";"O=c1c(O[C@@H]2O[C@H](CO)[C@@H](O)[C@H](O)[C@H]2O)c(-c2ccc(O)c(O)c2)oc2cc(O)cc(O)c12";"Kis";"'='";"6.9";"uM";"";"";"";"UO_0000064";"";"";"";"";"0";"CHEMBL3110796";"Noncompetitive inhibition of Leishmania amazonensis recombinant arginase expressed in Escherichia coli Rosetta (DE3) pLysS using L-arginine as substrate assessed as enzyme-substrate-inhibitor complex by Dixon reciprocal plot analysis";"B";"BAO_0000019";"assay format";"Leishmania amazonensis";"None";"None";"None";"None";"";"";"";"CHEMBL3108635";"Arginase";"Leishmania amazonensis";"SINGLE PROTEIN";"CHEMBL3108701";"1";"Scientific Literature";"J Nat Prod";"2014";"None";"";"";""
"CHEMBL3109439";"";"None";"464.38";"2";"0.19";"1e";"C[C@H]1O[C@H](Oc2c(-c3cc(O)c(O)c(O)c3)oc3cc(O)cc(O)c3c2=O)[C@@H](O)[C@@H](O)[C@@H]1O";"IC50";"'='";"2400.0";"nM";"5.62";"";"";"UO_0000065";"12.10";"0.23";"5.43";"2.67";"0";"CHEMBL3110798";"Inhibition of Leishmania amazonensis recombinant arginase expressed in Escherichia coli Rosetta (DE3) pLysS using L-arginine as substrate incubated for 10 mins prior to substrate addition measured after 10 mins by colorimetry";"B";"BAO_0000019";"assay format";"Leishmania amazonensis";"None";"None";"None";"None";"";"";"";"CHEMBL3108635";"Arginase";"Leishmania amazonensis";"SINGLE PROTEIN";"CHEMBL3108701";"1";"Scientific Literature";"J Nat Prod";"2014";"None";"";"";""
"CHEMBL3109439";"";"None";"464.38";"2";"0.19";"1e";"C[C@H]1O[C@H](Oc2c(-c3cc(O)c(O)c(O)c3)oc3cc(O)cc(O)c3c2=O)[C@@H](O)[C@@H](O)[C@@H]1O";"Ki";"'='";"3800.0";"nM";"5.42";"";"";"UO_0000065";"11.67";"0.22";"5.23";"2.57";"0";"CHEMBL3110797";"Noncompetitive inhibition of Leishmania amazonensis recombinant arginase expressed in Escherichia coli Rosetta (DE3) pLysS using L-arginine as substrate by Dixon reciprocal plot analysis";"B";"BAO_0000019";"assay format";"Leishmania amazonensis";"None";"None";"None";"None";"";"";"";"CHEMBL3108635";"Arginase";"Leishmania amazonensis";"SINGLE PROTEIN";"CHEMBL3108701";"1";"Scientific Literature";"J Nat Prod";"2014";"None";"";"";""
"CHEMBL164";"MYRICETIN";"None";"318.24";"1";"1.69";"SID26753603";"O=c1c(O)c(-c2cc(O)c(O)c(O)c2)oc2cc(O)cc(O)c12";"Ki";"'='";"1200.0";"nM";"5.92";"";"";"UO_0000065";"18.60";"0.35";"4.23";"3.91";"0";"CHEMBL3110797";"Noncompetitive inhibition of Leishmania amazonensis recombinant arginase expressed in Escherichia coli Rosetta (DE3) pLysS using L-arginine as substrate by Dixon reciprocal plot analysis";"B";"BAO_0000019";"assay format";"Leishmania amazonensis";"None";"None";"None";"None";"";"";"";"CHEMBL3108635";"Arginase";"Leishmania amazonensis";"SINGLE PROTEIN";"CHEMBL3108701";"1";"Scientific Literature";"J Nat Prod";"2014";"None";"";"";""
"CHEMBL1078766";"TRIGONOSTEMONE";"None";"326.39";"0";"4.01";"4";"COC1=Cc2c(cc(OC)c3cc(C)c(OC)cc23)C(C)(C)C1=O";"IC50";"'='";"16600.0";"nM";"4.78";"";"";"UO_0000065";"14.64";"0.27";"0.77";"10.68";"0";"CHEMBL3110798";"Inhibition of Leishmania amazonensis recombinant arginase expressed in Escherichia coli Rosetta (DE3) pLysS using L-arginine as substrate incubated for 10 mins prior to substrate addition measured after 10 mins by colorimetry";"B";"BAO_0000019";"assay format";"Leishmania amazonensis";"None";"None";"None";"None";"";"";"";"CHEMBL3108635";"Arginase";"Leishmania amazonensis";"SINGLE PROTEIN";"CHEMBL3108701";"1";"Scientific Literature";"J Nat Prod";"2014";"None";"";"";""
"CHEMBL311498";"CIANIDANOL";"4.0";"290.27";"0";"1.55";"(+)-1";"Oc1cc(O)c2c(c1)O[C@H](c1ccc(O)c(O)c1)[C@@H](O)C2";"IC50";"'='";"1700.0";"nM";"5.77";"";"";"UO_0000065";"19.88";"0.38";"4.22";"5.23";"0";"CHEMBL3110798";"Inhibition of Leishmania amazonensis recombinant arginase expressed in Escherichia coli Rosetta (DE3) pLysS using L-arginine as substrate incubated for 10 mins prior to substrate addition measured after 10 mins by colorimetry";"B";"BAO_0000019";"assay format";"Leishmania amazonensis";"None";"None";"None";"None";"";"";"";"CHEMBL3108635";"Arginase";"Leishmania amazonensis";"SINGLE PROTEIN";"CHEMBL3108701";"1";"Scientific Literature";"J Nat Prod";"2014";"None";"";"";""
"CHEMBL3109440";"";"None";"432.43";"0";"3.52";"1j";"COc1cc(-c2oc3cc(OC)c(OC)c(OC)c3c(=O)c2OC)cc(OC)c1OC";"IC50";"'='";"127900.0";"nM";"";"Outside typical range";"";"UO_0000065";"";"";"";"";"0";"CHEMBL3110798";"Inhibition of Leishmania amazonensis recombinant arginase expressed in Escherichia coli Rosetta (DE3) pLysS using L-arginine as substrate incubated for 10 mins prior to substrate addition measured after 10 mins by colorimetry";"B";"BAO_0000019";"assay format";"Leishmania amazonensis";"None";"None";"None";"None";"";"";"";"CHEMBL3108635";"Arginase";"Leishmania amazonensis";"SINGLE PROTEIN";"CHEMBL3108701";"1";"Scientific Literature";"J Nat Prod";"2014";"None";"";"";""
"CHEMBL3109438";"";"None";"478.41";"2";"0.50";"1d";"COc1c(O)cc(-c2oc3cc(O)cc(O)c3c(=O)c2O[C@@H]2O[C@@H](C)[C@H](O)[C@@H](O)[C@H]2O)cc1O";"IC50";"'='";"223500.0";"nM";"";"Outside typical range";"";"UO_0000065";"";"";"";"";"0";"CHEMBL3110798";"Inhibition of Leishmania amazonensis recombinant arginase expressed in Escherichia coli Rosetta (DE3) pLysS using L-arginine as substrate incubated for 10 mins prior to substrate addition measured after 10 mins by colorimetry";"B";"BAO_0000019";"assay format";"Leishmania amazonensis";"None";"None";"None";"None";"";"";"";"CHEMBL3108635";"Arginase";"Leishmania amazonensis";"SINGLE PROTEIN";"CHEMBL3108701";"1";"Scientific Literature";"J Nat Prod";"2014";"None";"";"";""
"CHEMBL3109441";"";"None";"434.40";"1";"0.33";"2c";"C[C@@H]1O[C@@H](O[C@@H]2C(=O)c3c(O)cc(O)cc3O[C@H]2c2ccc(O)cc2)[C@H](O)[C@H](O)[C@H]1O";"IC50";"'='";"35100.0";"nM";"4.46";"";"";"UO_0000065";"10.25";"0.20";"4.12";"2.68";"0";"CHEMBL3110798";"Inhibition of Leishmania amazonensis recombinant arginase expressed in Escherichia coli Rosetta (DE3) pLysS using L-arginine as substrate incubated for 10 mins prior to substrate addition measured after 10 mins by colorimetry";"B";"BAO_0000019";"assay format";"Leishmania amazonensis";"None";"None";"None";"None";"";"";"";"CHEMBL3108635";"Arginase";"Leishmania amazonensis";"SINGLE PROTEIN";"CHEMBL3108701";"1";"Scientific Literature";"J Nat Prod";"2014";"None";"";"";""
"CHEMBL3109437";"";"None";"462.41";"2";"0.79";"1c";"COc1ccc(-c2oc3cc(O)cc(O)c3c(=O)c2O[C@@H]2O[C@@H](C)[C@H](O)[C@@H](O)[C@H]2O)cc1O";"IC50";"'='";"88100.0";"nM";"4.05";"";"";"UO_0000065";"8.77";"0.17";"3.27";"2.26";"0";"CHEMBL3110798";"Inhibition of Leishmania amazonensis recombinant arginase expressed in Escherichia coli Rosetta (DE3) pLysS using L-arginine as substrate incubated for 10 mins prior to substrate addition measured after 10 mins by colorimetry";"B";"BAO_0000019";"assay format";"Leishmania amazonensis";"None";"None";"None";"None";"";"";"";"CHEMBL3108635";"Arginase";"Leishmania amazonensis";"SINGLE PROTEIN";"CHEMBL3108701";"1";"Scientific Literature";"J Nat Prod";"2014";"None";"";"";""
"CHEMBL4459163";"";"None";"284.31";"0";"2.57";"12";"CC(=O)Nc1ccc(C)cc1C(F)(F)C(=O)NC(C)C";"Inhibition";"";"";"%";"";"";"Not Active";"UO_0000187";"";"";"";"";"0";"CHEMBL4387400";"Inhibition of recombinant Leishmania amazonensis arginase expressed in Escherichia coli assessed as reduction in urea production at 100 uM using L-arginine as substrate by Berthelot colorimetric method relative to control";"B";"BAO_0000019";"assay format";"Leishmania amazonensis";"None";"None";"None";"None";"";"";"";"CHEMBL3108635";"Arginase";"Leishmania amazonensis";"SINGLE PROTEIN";"CHEMBL4385644";"1";"Scientific Literature";"Bioorg Med Chem";"2019";"None";"";"";""
"CHEMBL4562829";"";"None";"304.30";"0";"3.38";"10";"CC(=O)Nc1ccccc1C(F)(F)C(=O)Nc1ccccc1";"IC50";"";"";"";"";"";"Not Active";"";"";"";"";"";"0";"CHEMBL4387399";"Inhibition of recombinant Leishmania amazonensis arginase expressed in Escherichia coli assessed as reduction in urea production using L-arginine as substrate by Berthelot colorimetric method relative to control";"B";"BAO_0000019";"assay format";"Leishmania amazonensis";"None";"None";"None";"None";"";"";"";"CHEMBL3108635";"Arginase";"Leishmania amazonensis";"SINGLE PROTEIN";"CHEMBL4385644";"1";"Scientific Literature";"Bioorg Med Chem";"2019";"None";"";"";""
"CHEMBL4562829";"";"None";"304.30";"0";"3.38";"10";"CC(=O)Nc1ccccc1C(F)(F)C(=O)Nc1ccccc1";"Inhibition";"";"";"%";"";"";"Not Active";"UO_0000187";"";"";"";"";"0";"CHEMBL4387400";"Inhibition of recombinant Leishmania amazonensis arginase expressed in Escherichia coli assessed as reduction in urea production at 100 uM using L-arginine as substrate by Berthelot colorimetric method relative to control";"B";"BAO_0000019";"assay format";"Leishmania amazonensis";"None";"None";"None";"None";"";"";"";"CHEMBL3108635";"Arginase";"Leishmania amazonensis";"SINGLE PROTEIN";"CHEMBL4385644";"1";"Scientific Literature";"Bioorg Med Chem";"2019";"None";"";"";""
"CHEMBL3109442";"";"None";"346.29";"0";"1.76";"2d";"CC(=O)O[C@@H]1C(=O)c2c(O)cc(O)cc2O[C@H]1c1ccc(O)c(O)c1";"IC50";"'='";"3700.0";"nM";"5.43";"";"";"UO_0000065";"15.69";"0.30";"3.67";"4.07";"0";"CHEMBL3110798";"Inhibition of Leishmania amazonensis recombinant arginase expressed in Escherichia coli Rosetta (DE3) pLysS using L-arginine as substrate incubated for 10 mins prior to substrate addition measured after 10 mins by colorimetry";"B";"BAO_0000019";"assay format";"Leishmania amazonensis";"None";"None";"None";"None";"";"";"";"CHEMBL3108635";"Arginase";"Leishmania amazonensis";"SINGLE PROTEIN";"CHEMBL3108701";"1";"Scientific Literature";"J Nat Prod";"2014";"None";"";"";""
"CHEMBL82242";"QUERCITRIN";"None";"448.38";"2";"0.49";"1a";"C[C@@H]1O[C@@H](Oc2c(-c3ccc(O)c(O)c3)oc3cc(O)cc(O)c3c2=O)[C@H](O)[C@H](O)[C@H]1O";"Ki";"'='";"7900.0";"nM";"5.10";"";"";"UO_0000065";"11.38";"0.22";"4.61";"2.68";"0";"CHEMBL3110797";"Noncompetitive inhibition of Leishmania amazonensis recombinant arginase expressed in Escherichia coli Rosetta (DE3) pLysS using L-arginine as substrate by Dixon reciprocal plot analysis";"B";"BAO_0000019";"assay format";"Leishmania amazonensis";"None";"None";"None";"None";"";"";"";"CHEMBL3108635";"Arginase";"Leishmania amazonensis";"SINGLE PROTEIN";"CHEMBL3108701";"1";"Scientific Literature";"J Nat Prod";"2014";"None";"";"";""
"CHEMBL4216693";"";"None";"334.33";"0";"2.58";"7";"CC(=O)Nc1ccc(C)cc1C(F)(F)C(=O)NNc1ccccn1";"Ki";"";"";"";"";"";"Not Determined";"";"";"";"";"";"0";"CHEMBL4387398";"Competitive inhibition of recombinant Leishmania amazonensis arginase expressed in Escherichia coli assessed as reduction in urea production by measuring dissociation constant for enzyme-inhibitor complex using L-arginine as substrate by Berthelot colorimetric method based Dixon/Cornish-Bowden plot analysis relative to control";"B";"BAO_0000019";"assay format";"Leishmania amazonensis";"None";"None";"None";"None";"";"";"";"CHEMBL3108635";"Arginase";"Leishmania amazonensis";"SINGLE PROTEIN";"CHEMBL4385644";"1";"Scientific Literature";"Bioorg Med Chem";"2019";"None";"";"";""
"CHEMBL4574177";"";"None";"387.31";"0";"3.90";"8";"CC(=O)Nc1ccccc1C(F)(F)C(=O)NNc1ccc(C(F)(F)F)cc1";"Kis";"'='";"11.0";"uM";"";"";"";"UO_0000064";"";"";"";"";"0";"CHEMBL4387401";"Mixed type inhibition of recombinant Leishmania amazonensis arginase expressed in Escherichia coli assessed as reduction in urea production by measuring dissociation constant for enzyme-substrate-inhibitor complex using L-arginine as substrate by Berthelot colorimetric method based Dixon/Cornish-Bowden plot analysis relative to control";"B";"BAO_0000019";"assay format";"Leishmania amazonensis";"None";"None";"None";"None";"";"";"";"CHEMBL3108635";"Arginase";"Leishmania amazonensis";"SINGLE PROTEIN";"CHEMBL4385644";"1";"Scientific Literature";"Bioorg Med Chem";"2019";"None";"";"";""
"CHEMBL4515068";"";"None";"291.26";"0";"0.61";"Fig 1, Cpd V";"Cc1cc(NNC(N)=S)n2nc(C(F)(F)F)nc2n1";"Inhibition";"'='";"81.0";"%";"";"";"";"UO_0000187";"";"";"";"";"0";"CHEMBL4342348";"Inhibition of recombinant Leishmania amazonensis arginase expressed in Escherichia coli at 100 uM using L-arginine as substrate relative to control";"B";"BAO_0000019";"assay format";"Leishmania amazonensis";"None";"None";"None";"None";"";"";"";"CHEMBL3108635";"Arginase";"Leishmania amazonensis";"SINGLE PROTEIN";"CHEMBL4340573";"1";"Scientific Literature";"Bioorg Med Chem";"2019";"None";"";"";""
"CHEMBL311498";"CIANIDANOL";"4.0";"290.27";"0";"1.55";"2a";"Oc1cc(O)c2c(c1)O[C@H](c1ccc(O)c(O)c1)[C@@H](O)C2";"Ki";"'='";"600.0";"nM";"6.22";"";"";"UO_0000065";"21.43";"0.40";"4.67";"5.64";"0";"CHEMBL3110797";"Noncompetitive inhibition of Leishmania amazonensis recombinant arginase expressed in Escherichia coli Rosetta (DE3) pLysS using L-arginine as substrate by Dixon reciprocal plot analysis";"B";"BAO_0000019";"assay format";"Leishmania amazonensis";"None";"None";"None";"None";"";"";"";"CHEMBL3108635";"Arginase";"Leishmania amazonensis";"SINGLE PROTEIN";"CHEMBL3108701";"1";"Scientific Literature";"J Nat Prod";"2014";"None";"";"";""
"CHEMBL583912";"(-)-EPICATECHIN";"2.0";"290.27";"0";"1.55";"2b";"Oc1cc(O)c2c(c1)O[C@H](c1ccc(O)c(O)c1)[C@H](O)C2";"IC50";"'='";"1600.0";"nM";"5.80";"";"";"UO_0000065";"19.97";"0.38";"4.25";"5.25";"0";"CHEMBL3110798";"Inhibition of Leishmania amazonensis recombinant arginase expressed in Escherichia coli Rosetta (DE3) pLysS using L-arginine as substrate incubated for 10 mins prior to substrate addition measured after 10 mins by colorimetry";"B";"BAO_0000019";"assay format";"Leishmania amazonensis";"None";"None";"None";"None";"";"";"";"CHEMBL3108635";"Arginase";"Leishmania amazonensis";"SINGLE PROTEIN";"CHEMBL3108701";"1";"Scientific Literature";"J Nat Prod";"2014";"None";"";"";""
"CHEMBL50";"QUERCETIN";"3.0";"302.24";"0";"1.99";"1g";"O=c1c(O)c(-c2ccc(O)c(O)c2)oc2cc(O)cc(O)c12";"IC50";"'='";"4000.0";"nM";"5.40";"";"";"UO_0000065";"17.86";"0.34";"3.41";"4.11";"0";"CHEMBL3110798";"Inhibition of Leishmania amazonensis recombinant arginase expressed in Escherichia coli Rosetta (DE3) pLysS using L-arginine as substrate incubated for 10 mins prior to substrate addition measured after 10 mins by colorimetry";"B";"BAO_0000019";"assay format";"Leishmania amazonensis";"None";"None";"None";"None";"";"";"";"CHEMBL3108635";"Arginase";"Leishmania amazonensis";"SINGLE PROTEIN";"CHEMBL3108701";"1";"Scientific Literature";"J Nat Prod";"2014";"None";"";"";""
"CHEMBL4211729";"";"None";"320.30";"0";"2.28";"6";"CC(=O)Nc1ccccc1C(F)(F)C(=O)NNc1ccccn1";"Kis";"";"";"";"";"";"Not Determined";"";"";"";"";"";"0";"CHEMBL4387401";"Mixed type inhibition of recombinant Leishmania amazonensis arginase expressed in Escherichia coli assessed as reduction in urea production by measuring dissociation constant for enzyme-substrate-inhibitor complex using L-arginine as substrate by Berthelot colorimetric method based Dixon/Cornish-Bowden plot analysis relative to control";"B";"BAO_0000019";"assay format";"Leishmania amazonensis";"None";"None";"None";"None";"";"";"";"CHEMBL3108635";"Arginase";"Leishmania amazonensis";"SINGLE PROTEIN";"CHEMBL4385644";"1";"Scientific Literature";"Bioorg Med Chem";"2019";"None";"";"";""
"CHEMBL4530523";"";"None";"318.32";"0";"3.05";"9";"CC(=O)Nc1ccccc1C(F)(F)C(=O)NCc1ccccc1";"Inhibition";"'>'";"70.0";"%";"";"";"";"UO_0000187";"";"";"";"";"0";"CHEMBL4387400";"Inhibition of recombinant Leishmania amazonensis arginase expressed in Escherichia coli assessed as reduction in urea production at 100 uM using L-arginine as substrate by Berthelot colorimetric method relative to control";"B";"BAO_0000019";"assay format";"Leishmania amazonensis";"None";"None";"None";"None";"";"";"";"CHEMBL3108635";"Arginase";"Leishmania amazonensis";"SINGLE PROTEIN";"CHEMBL4385644";"1";"Scientific Literature";"Bioorg Med Chem";"2019";"None";"";"";""
"CHEMBL4211729";"";"None";"320.30";"0";"2.28";"6";"CC(=O)Nc1ccccc1C(F)(F)C(=O)NNc1ccccn1";"Inhibition";"'='";"8.0";"%";"";"";"";"UO_0000187";"";"";"";"";"0";"CHEMBL4387400";"Inhibition of recombinant Leishmania amazonensis arginase expressed in Escherichia coli assessed as reduction in urea production at 100 uM using L-arginine as substrate by Berthelot colorimetric method relative to control";"B";"BAO_0000019";"assay format";"Leishmania amazonensis";"None";"None";"None";"None";"";"";"";"CHEMBL3108635";"Arginase";"Leishmania amazonensis";"SINGLE PROTEIN";"CHEMBL4385644";"1";"Scientific Literature";"Bioorg Med Chem";"2019";"None";"";"";""
"CHEMBL4570250";"";"None";"319.78";"0";"1.63";"3";"NC(=S)NNc1ncnc2c1cnn2-c1ccc(Cl)cc1";"Inhibition";"'='";"46.0";"%";"";"";"";"UO_0000187";"";"";"";"";"0";"CHEMBL4342348";"Inhibition of recombinant Leishmania amazonensis arginase expressed in Escherichia coli at 100 uM using L-arginine as substrate relative to control";"B";"BAO_0000019";"assay format";"Leishmania amazonensis";"None";"None";"None";"None";"";"";"";"CHEMBL3108635";"Arginase";"Leishmania amazonensis";"SINGLE PROTEIN";"CHEMBL4340573";"1";"Scientific Literature";"Bioorg Med Chem";"2019";"None";"";"";""
"CHEMBL4570250";"";"None";"319.78";"0";"1.63";"3";"NC(=S)NNc1ncnc2c1cnn2-c1ccc(Cl)cc1";"K";"";"";"";"";"";"Not Determined";"";"";"";"";"";"0";"CHEMBL4342351";"Uncompetitive inhibition of recombinant Leishmania amazonensis arginase expressed in Escherichia coli assessed as dissociation constant for ternary complex enzyme-substrate-inhibitor using L-arginine as substrate by Dixon or Cornish-Bowden plot analysis";"B";"BAO_0000019";"assay format";"Leishmania amazonensis";"None";"None";"None";"None";"";"";"";"CHEMBL3108635";"Arginase";"Leishmania amazonensis";"SINGLE PROTEIN";"CHEMBL4340573";"1";"Scientific Literature";"Bioorg Med Chem";"2019";"None";"";"";""
"CHEMBL4571367";"";"None";"285.34";"0";"0.98";"1";"NC(=S)NNc1ncnc2c1cnn2-c1ccccc1";"IC50";"'='";"12000.0";"nM";"4.92";"";"";"UO_0000065";"17.25";"0.34";"3.94";"5.25";"0";"CHEMBL4342350";"Inhibition of recombinant Leishmania amazonensis arginase expressed in Escherichia coli using L-arginine as substrate";"B";"BAO_0000019";"assay format";"Leishmania amazonensis";"None";"None";"None";"None";"";"";"";"CHEMBL3108635";"Arginase";"Leishmania amazonensis";"SINGLE PROTEIN";"CHEMBL4340573";"1";"Scientific Literature";"Bioorg Med Chem";"2019";"None";"";"";""
"CHEMBL4438412";"";"None";"303.33";"0";"1.11";"2";"NC(=S)NNc1ncnc2c1cnn2-c1ccc(F)cc1";"Inhibition";"'='";"36.4";"%";"";"";"";"UO_0000187";"";"";"";"";"0";"CHEMBL4342348";"Inhibition of recombinant Leishmania amazonensis arginase expressed in Escherichia coli at 100 uM using L-arginine as substrate relative to control";"B";"BAO_0000019";"assay format";"Leishmania amazonensis";"None";"None";"None";"None";"";"";"";"CHEMBL3108635";"Arginase";"Leishmania amazonensis";"SINGLE PROTEIN";"CHEMBL4340573";"1";"Scientific Literature";"Bioorg Med Chem";"2019";"None";"";"";""
"CHEMBL4467463";"";"None";"353.33";"0";"1.99";"6";"NC(=S)NNc1ncnc2c1cnn2-c1ccc(C(F)(F)F)cc1";"Inhibition";"";"";"%";"";"";"Not Active";"UO_0000187";"";"";"";"";"0";"CHEMBL4342349";"Competitive inhibition of recombinant Leishmania amazonensis arginase expressed in Escherichia coli using 25 to 100 mM L-arginine levels";"B";"BAO_0000019";"assay format";"Leishmania amazonensis";"None";"None";"None";"None";"";"";"";"CHEMBL3108635";"Arginase";"Leishmania amazonensis";"SINGLE PROTEIN";"CHEMBL4340573";"1";"Scientific Literature";"Bioorg Med Chem";"2019";"None";"";"";""
"CHEMBL4459163";"";"None";"284.31";"0";"2.57";"12";"CC(=O)Nc1ccc(C)cc1C(F)(F)C(=O)NC(C)C";"Kis";"";"";"";"";"";"Not Determined";"";"";"";"";"";"0";"CHEMBL4387401";"Mixed type inhibition of recombinant Leishmania amazonensis arginase expressed in Escherichia coli assessed as reduction in urea production by measuring dissociation constant for enzyme-substrate-inhibitor complex using L-arginine as substrate by Berthelot colorimetric method based Dixon/Cornish-Bowden plot analysis relative to control";"B";"BAO_0000019";"assay format";"Leishmania amazonensis";"None";"None";"None";"None";"";"";"";"CHEMBL3108635";"Arginase";"Leishmania amazonensis";"SINGLE PROTEIN";"CHEMBL4385644";"1";"Scientific Literature";"Bioorg Med Chem";"2019";"None";"";"";""
"CHEMBL4541649";"";"None";"310.35";"0";"0.85";"5";"N#Cc1ccc(-n2ncc3c(NNC(N)=S)ncnc32)cc1";"K";"";"";"";"";"";"Not Determined";"";"";"";"";"";"0";"CHEMBL4342351";"Uncompetitive inhibition of recombinant Leishmania amazonensis arginase expressed in Escherichia coli assessed as dissociation constant for ternary complex enzyme-substrate-inhibitor using L-arginine as substrate by Dixon or Cornish-Bowden plot analysis";"B";"BAO_0000019";"assay format";"Leishmania amazonensis";"None";"None";"None";"None";"";"";"";"CHEMBL3108635";"Arginase";"Leishmania amazonensis";"SINGLE PROTEIN";"CHEMBL4340573";"1";"Scientific Literature";"Bioorg Med Chem";"2019";"None";"";"";""
"CHEMBL4571367";"";"None";"285.34";"0";"0.98";"1";"NC(=S)NNc1ncnc2c1cnn2-c1ccccc1";"Inhibition";"";"";"%";"";"";"Not Active";"UO_0000187";"";"";"";"";"0";"CHEMBL4342349";"Competitive inhibition of recombinant Leishmania amazonensis arginase expressed in Escherichia coli using 25 to 100 mM L-arginine levels";"B";"BAO_0000019";"assay format";"Leishmania amazonensis";"None";"None";"None";"None";"";"";"";"CHEMBL3108635";"Arginase";"Leishmania amazonensis";"SINGLE PROTEIN";"CHEMBL4340573";"1";"Scientific Literature";"Bioorg Med Chem";"2019";"None";"";"";""
"CHEMBL4216180";"";"None";"319.31";"0";"2.88";"4";"CC(=O)Nc1ccccc1C(F)(F)C(=O)NNc1ccccc1";"Ki";"'='";"5100.0";"nM";"5.29";"";"";"UO_0000065";"16.57";"0.31";"2.41";"7.54";"0";"CHEMBL4387398";"Competitive inhibition of recombinant Leishmania amazonensis arginase expressed in Escherichia coli assessed as reduction in urea production by measuring dissociation constant for enzyme-inhibitor complex using L-arginine as substrate by Berthelot colorimetric method based Dixon/Cornish-Bowden plot analysis relative to control";"B";"BAO_0000019";"assay format";"Leishmania amazonensis";"None";"None";"None";"None";"";"";"";"CHEMBL3108635";"Arginase";"Leishmania amazonensis";"SINGLE PROTEIN";"CHEMBL4385644";"1";"Scientific Literature";"Bioorg Med Chem";"2019";"None";"";"";""
"CHEMBL4546693";"";"None";"338.74";"0";"4.03";"11";"CC(=O)Nc1ccccc1C(F)(F)C(=O)Nc1ccc(Cl)cc1";"IC50";"";"";"";"";"";"Not Active";"";"";"";"";"";"0";"CHEMBL4387399";"Inhibition of recombinant Leishmania amazonensis arginase expressed in Escherichia coli assessed as reduction in urea production using L-arginine as substrate by Berthelot colorimetric method relative to control";"B";"BAO_0000019";"assay format";"Leishmania amazonensis";"None";"None";"None";"None";"";"";"";"CHEMBL3108635";"Arginase";"Leishmania amazonensis";"SINGLE PROTEIN";"CHEMBL4385644";"1";"Scientific Literature";"Bioorg Med Chem";"2019";"None";"";"";""
"CHEMBL4530523";"";"None";"318.32";"0";"3.05";"9";"CC(=O)Nc1ccccc1C(F)(F)C(=O)NCc1ccccc1";"IC50";"'='";"37000.0";"nM";"4.43";"";"";"UO_0000065";"13.92";"0.26";"1.38";"7.61";"0";"CHEMBL4387399";"Inhibition of recombinant Leishmania amazonensis arginase expressed in Escherichia coli assessed as reduction in urea production using L-arginine as substrate by Berthelot colorimetric method relative to control";"B";"BAO_0000019";"assay format";"Leishmania amazonensis";"None";"None";"None";"None";"";"";"";"CHEMBL3108635";"Arginase";"Leishmania amazonensis";"SINGLE PROTEIN";"CHEMBL4385644";"1";"Scientific Literature";"Bioorg Med Chem";"2019";"None";"";"";""
"CHEMBL4515068";"";"None";"291.26";"0";"0.61";"Fig 1, Cpd V";"Cc1cc(NNC(N)=S)n2nc(C(F)(F)F)nc2n1";"Ki";"'='";"17000.0";"nM";"4.77";"";"";"UO_0000065";"16.38";"0.34";"4.16";"5.12";"0";"CHEMBL4342347";"Non-competitive inhibition of Leishmania amazonensis arginase using L-arginine as substrate incubated for 15 mins";"B";"BAO_0000357";"single protein format";"Leishmania amazonensis";"None";"None";"None";"None";"";"";"";"CHEMBL3108635";"Arginase";"Leishmania amazonensis";"SINGLE PROTEIN";"CHEMBL4340573";"1";"Scientific Literature";"Bioorg Med Chem";"2019";"None";"";"";""
"CHEMBL4204512";"";"None";"333.34";"0";"3.19";"5";"CC(=O)Nc1ccc(C)cc1C(F)(F)C(=O)NNc1ccccc1";"Kis";"'='";"26.0";"uM";"";"";"";"UO_0000064";"";"";"";"";"0";"CHEMBL4387401";"Mixed type inhibition of recombinant Leishmania amazonensis arginase expressed in Escherichia coli assessed as reduction in urea production by measuring dissociation constant for enzyme-substrate-inhibitor complex using L-arginine as substrate by Berthelot colorimetric method based Dixon/Cornish-Bowden plot analysis relative to control";"B";"BAO_0000019";"assay format";"Leishmania amazonensis";"None";"None";"None";"None";"";"";"";"CHEMBL3108635";"Arginase";"Leishmania amazonensis";"SINGLE PROTEIN";"CHEMBL4385644";"1";"Scientific Literature";"Bioorg Med Chem";"2019";"None";"";"";""
"CHEMBL4204512";"";"None";"333.34";"0";"3.19";"5";"CC(=O)Nc1ccc(C)cc1C(F)(F)C(=O)NNc1ccccc1";"IC50";"'='";"12000.0";"nM";"4.92";"";"";"UO_0000065";"14.76";"0.28";"1.73";"7.01";"0";"CHEMBL4387399";"Inhibition of recombinant Leishmania amazonensis arginase expressed in Escherichia coli assessed as reduction in urea production using L-arginine as substrate by Berthelot colorimetric method relative to control";"B";"BAO_0000019";"assay format";"Leishmania amazonensis";"None";"None";"None";"None";"";"";"";"CHEMBL3108635";"Arginase";"Leishmania amazonensis";"SINGLE PROTEIN";"CHEMBL4385644";"1";"Scientific Literature";"Bioorg Med Chem";"2019";"None";"";"";""
"CHEMBL4515068";"";"None";"291.26";"0";"0.61";"Fig 1, Cpd V";"Cc1cc(NNC(N)=S)n2nc(C(F)(F)F)nc2n1";"IC50";"'='";"16500.0";"nM";"4.78";"";"";"UO_0000065";"16.42";"0.34";"4.17";"5.13";"0";"CHEMBL4342350";"Inhibition of recombinant Leishmania amazonensis arginase expressed in Escherichia coli using L-arginine as substrate";"B";"BAO_0000019";"assay format";"Leishmania amazonensis";"None";"None";"None";"None";"";"";"";"CHEMBL3108635";"Arginase";"Leishmania amazonensis";"SINGLE PROTEIN";"CHEMBL4340573";"1";"Scientific Literature";"Bioorg Med Chem";"2019";"None";"";"";""
"CHEMBL4541649";"";"None";"310.35";"0";"0.85";"5";"N#Cc1ccc(-n2ncc3c(NNC(N)=S)ncnc32)cc1";"Inhibition";"'='";"59.8";"%";"";"";"";"UO_0000187";"";"";"";"";"0";"CHEMBL4342348";"Inhibition of recombinant Leishmania amazonensis arginase expressed in Escherichia coli at 100 uM using L-arginine as substrate relative to control";"B";"BAO_0000019";"assay format";"Leishmania amazonensis";"None";"None";"None";"None";"";"";"";"CHEMBL3108635";"Arginase";"Leishmania amazonensis";"SINGLE PROTEIN";"CHEMBL4340573";"1";"Scientific Literature";"Bioorg Med Chem";"2019";"None";"";"";""
"CHEMBL4456185";"";"None";"299.36";"0";"1.28";"4";"Cc1ccc(-n2ncc3c(NNC(N)=S)ncnc32)cc1";"Inhibition";"'='";"42.2";"%";"";"";"";"UO_0000187";"";"";"";"";"0";"CHEMBL4342348";"Inhibition of recombinant Leishmania amazonensis arginase expressed in Escherichia coli at 100 uM using L-arginine as substrate relative to control";"B";"BAO_0000019";"assay format";"Leishmania amazonensis";"None";"None";"None";"None";"";"";"";"CHEMBL3108635";"Arginase";"Leishmania amazonensis";"SINGLE PROTEIN";"CHEMBL4340573";"1";"Scientific Literature";"Bioorg Med Chem";"2019";"None";"";"";""
"CHEMBL4530523";"";"None";"318.32";"0";"3.05";"9";"CC(=O)Nc1ccccc1C(F)(F)C(=O)NCc1ccccc1";"Ratio";"'='";"5.0";"";"";"";"";"";"";"";"";"";"0";"CHEMBL4387404";"Ratio of Ki to Kis for inhibition of recombinant Leishmania amazonensis arginase expressed in Escherichia coli assessed as reduction in urea production using L-arginine as substrate by Berthelot colorimetric method based Dixon/Cornish-Bowden plot analysis relative to control";"B";"BAO_0000019";"assay format";"Leishmania amazonensis";"None";"None";"None";"None";"";"";"";"CHEMBL3108635";"Arginase";"Leishmania amazonensis";"SINGLE PROTEIN";"CHEMBL4385644";"1";"Scientific Literature";"Bioorg Med Chem";"2019";"None";"";"";""
"CHEMBL4541649";"";"None";"310.35";"0";"0.85";"5";"N#Cc1ccc(-n2ncc3c(NNC(N)=S)ncnc32)cc1";"IC50";"'='";"100000.0";"nM";"4.00";"";"";"UO_0000065";"12.89";"0.25";"3.15";"3.41";"0";"CHEMBL4342350";"Inhibition of recombinant Leishmania amazonensis arginase expressed in Escherichia coli using L-arginine as substrate";"B";"BAO_0000019";"assay format";"Leishmania amazonensis";"None";"None";"None";"None";"";"";"";"CHEMBL3108635";"Arginase";"Leishmania amazonensis";"SINGLE PROTEIN";"CHEMBL4340573";"1";"Scientific Literature";"Bioorg Med Chem";"2019";"None";"";"";""
"CHEMBL4570250";"";"None";"319.78";"0";"1.63";"3";"NC(=S)NNc1ncnc2c1cnn2-c1ccc(Cl)cc1";"IC50";"'>'";"100000.0";"nM";"";"";"";"UO_0000065";"";"";"";"";"0";"CHEMBL4342350";"Inhibition of recombinant Leishmania amazonensis arginase expressed in Escherichia coli using L-arginine as substrate";"B";"BAO_0000019";"assay format";"Leishmania amazonensis";"None";"None";"None";"None";"";"";"";"CHEMBL3108635";"Arginase";"Leishmania amazonensis";"SINGLE PROTEIN";"CHEMBL4340573";"1";"Scientific Literature";"Bioorg Med Chem";"2019";"None";"";"";""
"CHEMBL4456185";"";"None";"299.36";"0";"1.28";"4";"Cc1ccc(-n2ncc3c(NNC(N)=S)ncnc32)cc1";"K";"";"";"";"";"";"Not Determined";"";"";"";"";"";"0";"CHEMBL4342351";"Uncompetitive inhibition of recombinant Leishmania amazonensis arginase expressed in Escherichia coli assessed as dissociation constant for ternary complex enzyme-substrate-inhibitor using L-arginine as substrate by Dixon or Cornish-Bowden plot analysis";"B";"BAO_0000019";"assay format";"Leishmania amazonensis";"None";"None";"None";"None";"";"";"";"CHEMBL3108635";"Arginase";"Leishmania amazonensis";"SINGLE PROTEIN";"CHEMBL4340573";"1";"Scientific Literature";"Bioorg Med Chem";"2019";"None";"";"";""
"CHEMBL4546693";"";"None";"338.74";"0";"4.03";"11";"CC(=O)Nc1ccccc1C(F)(F)C(=O)Nc1ccc(Cl)cc1";"Kis";"";"";"";"";"";"Not Determined";"";"";"";"";"";"0";"CHEMBL4387401";"Mixed type inhibition of recombinant Leishmania amazonensis arginase expressed in Escherichia coli assessed as reduction in urea production by measuring dissociation constant for enzyme-substrate-inhibitor complex using L-arginine as substrate by Berthelot colorimetric method based Dixon/Cornish-Bowden plot analysis relative to control";"B";"BAO_0000019";"assay format";"Leishmania amazonensis";"None";"None";"None";"None";"";"";"";"CHEMBL3108635";"Arginase";"Leishmania amazonensis";"SINGLE PROTEIN";"CHEMBL4385644";"1";"Scientific Literature";"Bioorg Med Chem";"2019";"None";"";"";""
"CHEMBL4562829";"";"None";"304.30";"0";"3.38";"10";"CC(=O)Nc1ccccc1C(F)(F)C(=O)Nc1ccccc1";"Ki";"";"";"";"";"";"Not Determined";"";"";"";"";"";"0";"CHEMBL4387398";"Competitive inhibition of recombinant Leishmania amazonensis arginase expressed in Escherichia coli assessed as reduction in urea production by measuring dissociation constant for enzyme-inhibitor complex using L-arginine as substrate by Berthelot colorimetric method based Dixon/Cornish-Bowden plot analysis relative to control";"B";"BAO_0000019";"assay format";"Leishmania amazonensis";"None";"None";"None";"None";"";"";"";"CHEMBL3108635";"Arginase";"Leishmania amazonensis";"SINGLE PROTEIN";"CHEMBL4385644";"1";"Scientific Literature";"Bioorg Med Chem";"2019";"None";"";"";""
"CHEMBL4211729";"";"None";"320.30";"0";"2.28";"6";"CC(=O)Nc1ccccc1C(F)(F)C(=O)NNc1ccccn1";"IC50";"'>'";"100000.0";"nM";"";"";"";"UO_0000065";"";"";"";"";"0";"CHEMBL4387399";"Inhibition of recombinant Leishmania amazonensis arginase expressed in Escherichia coli assessed as reduction in urea production using L-arginine as substrate by Berthelot colorimetric method relative to control";"B";"BAO_0000019";"assay format";"Leishmania amazonensis";"None";"None";"None";"None";"";"";"";"CHEMBL3108635";"Arginase";"Leishmania amazonensis";"SINGLE PROTEIN";"CHEMBL4385644";"1";"Scientific Literature";"Bioorg Med Chem";"2019";"None";"";"";""
"CHEMBL4459163";"";"None";"284.31";"0";"2.57";"12";"CC(=O)Nc1ccc(C)cc1C(F)(F)C(=O)NC(C)C";"Ki";"";"";"";"";"";"Not Determined";"";"";"";"";"";"0";"CHEMBL4387398";"Competitive inhibition of recombinant Leishmania amazonensis arginase expressed in Escherichia coli assessed as reduction in urea production by measuring dissociation constant for enzyme-inhibitor complex using L-arginine as substrate by Berthelot colorimetric method based Dixon/Cornish-Bowden plot analysis relative to control";"B";"BAO_0000019";"assay format";"Leishmania amazonensis";"None";"None";"None";"None";"";"";"";"CHEMBL3108635";"Arginase";"Leishmania amazonensis";"SINGLE PROTEIN";"CHEMBL4385644";"1";"Scientific Literature";"Bioorg Med Chem";"2019";"None";"";"";""
"CHEMBL4574177";"";"None";"387.31";"0";"3.90";"8";"CC(=O)Nc1ccccc1C(F)(F)C(=O)NNc1ccc(C(F)(F)F)cc1";"Ki";"'='";"26000.0";"nM";"4.58";"";"";"UO_0000065";"11.84";"0.23";"0.69";"6.53";"0";"CHEMBL4387398";"Competitive inhibition of recombinant Leishmania amazonensis arginase expressed in Escherichia coli assessed as reduction in urea production by measuring dissociation constant for enzyme-inhibitor complex using L-arginine as substrate by Berthelot colorimetric method based Dixon/Cornish-Bowden plot analysis relative to control";"B";"BAO_0000019";"assay format";"Leishmania amazonensis";"None";"None";"None";"None";"";"";"";"CHEMBL3108635";"Arginase";"Leishmania amazonensis";"SINGLE PROTEIN";"CHEMBL4385644";"1";"Scientific Literature";"Bioorg Med Chem";"2019";"None";"";"";""
"CHEMBL4546693";"";"None";"338.74";"0";"4.03";"11";"CC(=O)Nc1ccccc1C(F)(F)C(=O)Nc1ccc(Cl)cc1";"Inhibition";"";"";"%";"";"";"Not Active";"UO_0000187";"";"";"";"";"0";"CHEMBL4387400";"Inhibition of recombinant Leishmania amazonensis arginase expressed in Escherichia coli assessed as reduction in urea production at 100 uM using L-arginine as substrate by Berthelot colorimetric method relative to control";"B";"BAO_0000019";"assay format";"Leishmania amazonensis";"None";"None";"None";"None";"";"";"";"CHEMBL3108635";"Arginase";"Leishmania amazonensis";"SINGLE PROTEIN";"CHEMBL4385644";"1";"Scientific Literature";"Bioorg Med Chem";"2019";"None";"";"";""
"CHEMBL444478";"ACETOSIDE";"2.0";"624.59";"3";"-1.02";"1";"C[C@@H]1O[C@@H](O[C@@H]2[C@@H](O)[C@H](OCCc3ccc(O)c(O)c3)O[C@H](CO)[C@H]2OC(=O)/C=C/c2ccc(O)c(O)c2)[C@H](O)[C@H](O)[C@H]1O";"Ki";"'='";"700.0";"nM";"6.16";"";"";"UO_0000065";"9.85";"0.19";"7.17";"2.51";"0";"CHEMBL4428368";"Competitive inhibition of Leishmania amazonensis arginase assessed as inhibition constant for enzyme-inhibitor complex using L-arginine as substrate incubated for 15 mins by Dixon plot analysis";"B";"BAO_0000357";"single protein format";"Leishmania amazonensis";"None";"None";"None";"None";"";"";"";"CHEMBL3108635";"Arginase";"Leishmania amazonensis";"SINGLE PROTEIN";"CHEMBL4428031";"1";"Scientific Literature";"J Nat Prod";"2016";"None";"";"";""
"CHEMBL4456185";"";"None";"299.36";"0";"1.28";"4";"Cc1ccc(-n2ncc3c(NNC(N)=S)ncnc32)cc1";"IC50";"'>'";"100000.0";"nM";"";"";"";"UO_0000065";"";"";"";"";"0";"CHEMBL4342350";"Inhibition of recombinant Leishmania amazonensis arginase expressed in Escherichia coli using L-arginine as substrate";"B";"BAO_0000019";"assay format";"Leishmania amazonensis";"None";"None";"None";"None";"";"";"";"CHEMBL3108635";"Arginase";"Leishmania amazonensis";"SINGLE PROTEIN";"CHEMBL4340573";"1";"Scientific Literature";"Bioorg Med Chem";"2019";"None";"";"";""
"CHEMBL4467463";"";"None";"353.33";"0";"1.99";"6";"NC(=S)NNc1ncnc2c1cnn2-c1ccc(C(F)(F)F)cc1";"Inhibition";"'='";"73.8";"%";"";"";"";"UO_0000187";"";"";"";"";"0";"CHEMBL4342348";"Inhibition of recombinant Leishmania amazonensis arginase expressed in Escherichia coli at 100 uM using L-arginine as substrate relative to control";"B";"BAO_0000019";"assay format";"Leishmania amazonensis";"None";"None";"None";"None";"";"";"";"CHEMBL3108635";"Arginase";"Leishmania amazonensis";"SINGLE PROTEIN";"CHEMBL4340573";"1";"Scientific Literature";"Bioorg Med Chem";"2019";"None";"";"";""
