"Molecule ChEMBL ID";"Molecule Name";"Molecule Max Phase";"Molecular Weight";"#RO5 Violations";"AlogP";"Compound Key";"Smiles";"Standard Type";"Standard Relation";"Standard Value";"Standard Units";"pChEMBL Value";"Data Validity Comment";"Comment";"Uo Units";"Ligand Efficiency BEI";"Ligand Efficiency LE";"Ligand Efficiency LLE";"Ligand Efficiency SEI";"Potential Duplicate";"Assay ChEMBL ID";"Assay Description";"Assay Type";"BAO Format ID";"BAO Label";"Assay Organism";"Assay Tissue ChEMBL ID";"Assay Tissue Name";"Assay Cell Type";"Assay Subcellular Fraction";"Assay Parameters";"Assay Variant Accession";"Assay Variant Mutation";"Target ChEMBL ID";"Target Name";"Target Organism";"Target Type";"Document ChEMBL ID";"Source ID";"Source Description";"Document Journal";"Document Year";"Cell ChEMBL ID";"Properties";"Action Type";"Standard Text Value"
"CHEMBL181441";"";"None";"376.41";"0";"4.72";"1";"COc1c(O)ccc2c1ccc1c(Cc3ccc(O)cc3)c(O)cc(OC)c12";"IC50";"'='";"30000.0";"nM";"4.52";"";"";"UO_0000065";"";"";"";"";"0";"CHEMBL834683";"Inhibition of tubulin polymerization interacting at the colchicine binding site.";"F";"BAO_0000019";"assay format";"None";"None";"None";"None";"None";"";"";"";"CHEMBL3186";"Beta tubulin";"Leishmania donovani";"SINGLE PROTEIN";"CHEMBL1144317";"1";"Scientific Literature";"Bioorg Med Chem Lett";"2005";"None";"";"";""
"CHEMBL182906";"";"None";"350.41";"0";"4.19";"5";"COc1cc(O)cc(CCc2cccc(O)c2)c1Cc1ccc(O)cc1";"IC50";"'='";"10000.0";"nM";"5.00";"";"";"UO_0000065";"";"";"";"";"0";"CHEMBL834683";"Inhibition of tubulin polymerization interacting at the colchicine binding site.";"F";"BAO_0000019";"assay format";"None";"None";"None";"None";"None";"";"";"";"CHEMBL3186";"Beta tubulin";"Leishmania donovani";"SINGLE PROTEIN";"CHEMBL1144317";"1";"Scientific Literature";"Bioorg Med Chem Lett";"2005";"None";"";"";""
"CHEMBL181650";"";"None";"505.73";"1";"3.69";"12a";"CN[C@H](C(=O)N[C@H](C(=O)N(C)[C@H](/C=C(\C)C(=O)O)C(C)C)C(C)(C)SC)C(C)(C)c1ccccc1";"Inhibition";"'='";"95.0";"%";"";"";"";"UO_0000187";"";"";"";"";"0";"CHEMBL826627";"Compound was evaluated for the inhibition of MAP-rich tubulin polymerisation at 0.3 uM";"F";"BAO_0000019";"assay format";"None";"None";"None";"None";"None";"";"";"";"CHEMBL3186";"Beta tubulin";"Leishmania donovani";"SINGLE PROTEIN";"CHEMBL1137168";"1";"Scientific Literature";"Bioorg Med Chem Lett";"2004";"None";"";"";""
"CHEMBL183335";"";"None";"521.72";"1";"2.71";"12b";"CN[C@H](C(=O)N[C@H](C(=O)N(C)[C@H](/C=C(\C)C(=O)O)C(C)C)C(C)(C)[S+](C)[O-])C(C)(C)c1ccccc1";"Inhibition";"'='";"43.0";"%";"";"";"";"UO_0000187";"";"";"";"";"0";"CHEMBL826627";"Compound was evaluated for the inhibition of MAP-rich tubulin polymerisation at 0.3 uM";"F";"BAO_0000019";"assay format";"None";"None";"None";"None";"None";"";"";"";"CHEMBL3186";"Beta tubulin";"Leishmania donovani";"SINGLE PROTEIN";"CHEMBL1137168";"1";"Scientific Literature";"Bioorg Med Chem Lett";"2004";"None";"";"";""
"CHEMBL360556";"";"None";"535.77";"2";"5.25";"32";"CN[C@H](C(=O)N[C@H](C(=O)N(C)[C@H](/C=C(\C)[C@H](O)c1ccccc1)C(C)C)C(C)(C)C)C(C)(C)c1ccccc1";"Inhibition";"'='";"83.0";"%";"";"";"";"UO_0000187";"";"";"";"";"0";"CHEMBL826194";"Compound was evaluated for the ability to inhibit cell-free tubulin polymerisation at 0.5 uM";"F";"BAO_0000019";"assay format";"None";"None";"None";"None";"None";"";"";"";"CHEMBL3186";"Beta tubulin";"Leishmania donovani";"SINGLE PROTEIN";"CHEMBL1137171";"1";"Scientific Literature";"Bioorg Med Chem Lett";"2004";"None";"";"";""
"CHEMBL185185";"";"None";"499.66";"0";"2.29";"35";"CN[C@H](C(=O)N[C@H](C(=O)N(C)[C@H](/C=C1\NC(=O)NC1=O)C(C)C)C(C)(C)C)C(C)(C)c1ccccc1";"Inhibition";"'='";"59.0";"%";"";"";"";"UO_0000187";"";"";"";"";"0";"CHEMBL826193";"Compound was evaluated for the ability to inhibit cell-free tubulin polymerisation at 0.3 uM";"F";"BAO_0000019";"assay format";"None";"None";"None";"None";"None";"";"";"";"CHEMBL3186";"Beta tubulin";"Leishmania donovani";"SINGLE PROTEIN";"CHEMBL1137171";"1";"Scientific Literature";"Bioorg Med Chem Lett";"2004";"None";"";"";""
"CHEMBL188453";"";"None";"453.55";"0";"3.41";"1d";"O=C(c1cccs1)N1CCc2cc(S(=O)(=O)N3C[C@H](c4ccccc4)NC3=O)ccc21";"IC50";"'='";"1600.0";"nM";"5.80";"";"";"UO_0000065";"";"";"";"";"0";"CHEMBL833941";"Compound was tested for inhibition of tubulin polymerisation";"F";"BAO_0000019";"assay format";"None";"None";"None";"None";"None";"";"";"";"CHEMBL3186";"Beta tubulin";"Leishmania donovani";"SINGLE PROTEIN";"CHEMBL1138726";"1";"Scientific Literature";"Bioorg Med Chem Lett";"2004";"None";"";"";""
"CHEMBL361893";"";"None";"476.56";"0";"3.14";"1f";"O=C(CNc1ccccc1)N1CCc2cc(S(=O)(=O)N3C[C@H](c4ccccc4)NC3=O)ccc21";"IC50";"'='";"3500.0";"nM";"5.46";"";"";"UO_0000065";"";"";"";"";"0";"CHEMBL833941";"Compound was tested for inhibition of tubulin polymerisation";"F";"BAO_0000019";"assay format";"None";"None";"None";"None";"None";"";"";"";"CHEMBL3186";"Beta tubulin";"Leishmania donovani";"SINGLE PROTEIN";"CHEMBL1138726";"1";"Scientific Literature";"Bioorg Med Chem Lett";"2004";"None";"";"";""
"CHEMBL428647";"PACLITAXEL";"4.0";"853.92";"2";"3.74";"Taxol";"CC(=O)O[C@H]1C(=O)[C@@]2(C)[C@H]([C@H](OC(=O)c3ccccc3)[C@]3(O)C[C@H](OC(=O)[C@H](O)[C@@H](NC(=O)c4ccccc4)c4ccccc4)C(C)=C1C3(C)C)[C@]1(OC(C)=O)CO[C@@H]1C[C@@H]2O";"Inhibition";"";"";"%";"";"";"promotes tubulin polymerisation";"UO_0000187";"";"";"";"";"0";"CHEMBL877096";"Compound was evaluated for the inhibition of MAP-rich tubulin polymerisation at 0.3 uM; promotes tubulin polymerisation";"F";"BAO_0000019";"assay format";"None";"None";"None";"None";"None";"";"";"";"CHEMBL3186";"Beta tubulin";"Leishmania donovani";"SINGLE PROTEIN";"CHEMBL1137168";"1";"Scientific Literature";"Bioorg Med Chem Lett";"2004";"None";"";"";""
"CHEMBL183593";"";"None";"505.75";"2";"5.67";"39";"CN[C@H](C(=O)N[C@H](C(=O)N(C)[C@H](/C=C(\C)c1ccccc1)C(C)C)C(C)(C)C)C(C)(C)c1ccccc1";"Inhibition";"'='";"13.0";"%";"";"";"";"UO_0000187";"";"";"";"";"0";"CHEMBL826193";"Compound was evaluated for the ability to inhibit cell-free tubulin polymerisation at 0.3 uM";"F";"BAO_0000019";"assay format";"None";"None";"None";"None";"None";"";"";"";"CHEMBL3186";"Beta tubulin";"Leishmania donovani";"SINGLE PROTEIN";"CHEMBL1137171";"1";"Scientific Literature";"Bioorg Med Chem Lett";"2004";"None";"";"";""
"CHEMBL362263";"";"None";"612.86";"1";"4.29";"18";"CN[C@H](C(=O)N[C@H](C(=O)N(C)[C@H](/C=C(\C)C(=O)N1CCC[C@@H]1C(=O)OC)C(C)C)C(C)(C)C)C(C)(C)c1ccc(C)c(C)c1";"Inhibition";"'='";"71.0";"%";"";"";"";"UO_0000187";"";"";"";"";"0";"CHEMBL826194";"Compound was evaluated for the ability to inhibit cell-free tubulin polymerisation at 0.5 uM";"F";"BAO_0000019";"assay format";"None";"None";"None";"None";"None";"";"";"";"CHEMBL3186";"Beta tubulin";"Leishmania donovani";"SINGLE PROTEIN";"CHEMBL1137171";"1";"Scientific Literature";"Bioorg Med Chem Lett";"2004";"None";"";"";""
"CHEMBL182319";"TALTOBULIN";"2.0";"473.66";"0";"3.60";"HTI-286 (2)";"CN[C@H](C(=O)N[C@H](C(=O)N(C)[C@H](/C=C(\C)C(=O)O)C(C)C)C(C)(C)C)C(C)(C)c1ccccc1";"Inhibition";"'='";"88.0";"%";"";"";"";"UO_0000187";"";"";"";"";"1";"CHEMBL826194";"Compound was evaluated for the ability to inhibit cell-free tubulin polymerisation at 0.5 uM";"F";"BAO_0000019";"assay format";"None";"None";"None";"None";"None";"";"";"";"CHEMBL3186";"Beta tubulin";"Leishmania donovani";"SINGLE PROTEIN";"CHEMBL1137171";"1";"Scientific Literature";"Bioorg Med Chem Lett";"2004";"None";"";"";""
"CHEMBL361244";"";"None";"448.50";"0";"2.74";"1c";"O=C(c1ccncc1)N1CCc2cc(S(=O)(=O)N3C[C@H](c4ccccc4)NC3=O)ccc21";"IC50";"'='";"10300.0";"nM";"4.99";"";"";"UO_0000065";"";"";"";"";"0";"CHEMBL833941";"Compound was tested for inhibition of tubulin polymerisation";"F";"BAO_0000019";"assay format";"None";"None";"None";"None";"None";"";"";"";"CHEMBL3186";"Beta tubulin";"Leishmania donovani";"SINGLE PROTEIN";"CHEMBL1138726";"1";"Scientific Literature";"Bioorg Med Chem Lett";"2004";"None";"";"";""
"CHEMBL362352";"";"None";"467.57";"0";"3.34";"1a";"O=C(Cc1cccs1)N1CCc2cc(S(=O)(=O)N3C[C@H](c4ccccc4)NC3=O)ccc21";"Inhibition";"'='";"82.0";"%";"";"";"";"UO_0000187";"";"";"";"";"0";"CHEMBL826249";"Compound was tested for inhibition of tubulin polymerisation at 1 uM";"F";"BAO_0000019";"assay format";"None";"None";"None";"None";"None";"";"";"";"CHEMBL3186";"Beta tubulin";"Leishmania donovani";"SINGLE PROTEIN";"CHEMBL1138726";"1";"Scientific Literature";"Bioorg Med Chem Lett";"2004";"None";"";"";""
"CHEMBL362056";"";"None";"537.72";"1";"2.37";"12c";"CN[C@H](C(=O)N[C@H](C(=O)N(C)[C@H](/C=C(\C)C(=O)O)C(C)C)C(C)(C)S(C)(=O)=O)C(C)(C)c1ccccc1";"Inhibition";"'='";"87.0";"%";"";"";"";"UO_0000187";"";"";"";"";"0";"CHEMBL826627";"Compound was evaluated for the inhibition of MAP-rich tubulin polymerisation at 0.3 uM";"F";"BAO_0000019";"assay format";"None";"None";"None";"None";"None";"";"";"";"CHEMBL3186";"Beta tubulin";"Leishmania donovani";"SINGLE PROTEIN";"CHEMBL1137168";"1";"Scientific Literature";"Bioorg Med Chem Lett";"2004";"None";"";"";""
"CHEMBL367814";"";"None";"475.63";"0";"2.32";"12i";"CN[C@H](C(=O)N[C@H](C(=O)N(C)[C@H](/C=C(\C)C(=O)O)C(C)C)C(C)(C)O)C(C)(C)c1ccccc1";"Inhibition";"'='";"84.0";"%";"";"";"";"UO_0000187";"";"";"";"";"0";"CHEMBL826627";"Compound was evaluated for the inhibition of MAP-rich tubulin polymerisation at 0.3 uM";"F";"BAO_0000019";"assay format";"None";"None";"None";"None";"None";"";"";"";"CHEMBL3186";"Beta tubulin";"Leishmania donovani";"SINGLE PROTEIN";"CHEMBL1137168";"1";"Scientific Literature";"Bioorg Med Chem Lett";"2004";"None";"";"";""
"CHEMBL182985";"";"None";"570.78";"1";"3.59";"9";"CN[C@H](C(=O)N[C@H](C(=O)N(C)[C@H](/C=C(\C)C(=O)N1CCC[C@H]1C(=O)O)C(C)C)C(C)(C)C)C(C)(C)c1ccccc1";"Inhibition";"'='";"91.0";"%";"";"";"";"UO_0000187";"";"";"";"";"0";"CHEMBL826194";"Compound was evaluated for the ability to inhibit cell-free tubulin polymerisation at 0.5 uM";"F";"BAO_0000019";"assay format";"None";"None";"None";"None";"None";"";"";"";"CHEMBL3186";"Beta tubulin";"Leishmania donovani";"SINGLE PROTEIN";"CHEMBL1137171";"1";"Scientific Literature";"Bioorg Med Chem Lett";"2004";"None";"";"";""
"CHEMBL159";"VINBLASTINE";"4.0";"810.99";"2";"3.99";"Vinblastine";"CC[C@]1(O)C[C@@H]2CN(CCc3c([nH]c4ccccc34)[C@@](C(=O)OC)(c3cc4c(cc3OC)N(C)[C@H]3[C@@](O)(C(=O)OC)[C@H](OC(C)=O)[C@]5(CC)C=CCN6CC[C@]43[C@@H]65)C2)C1";"IC50";"'='";"1000.0";"nM";"6.00";"";"";"UO_0000065";"";"";"";"";"0";"CHEMBL834683";"Inhibition of tubulin polymerization interacting at the colchicine binding site.";"F";"BAO_0000019";"assay format";"None";"None";"None";"None";"None";"";"";"";"CHEMBL3186";"Beta tubulin";"Leishmania donovani";"SINGLE PROTEIN";"CHEMBL1144317";"1";"Scientific Literature";"Bioorg Med Chem Lett";"2005";"None";"";"";""
"CHEMBL182526";"";"None";"461.60";"0";"1.93";"12g";"CN[C@H](C(=O)N[C@H](C(=O)N(C)[C@H](/C=C(\C)C(=O)O)C(C)C)C(C)O)C(C)(C)c1ccccc1";"Inhibition";"'='";"91.0";"%";"";"";"";"UO_0000187";"";"";"";"";"0";"CHEMBL826627";"Compound was evaluated for the inhibition of MAP-rich tubulin polymerisation at 0.3 uM";"F";"BAO_0000019";"assay format";"None";"None";"None";"None";"None";"";"";"";"CHEMBL3186";"Beta tubulin";"Leishmania donovani";"SINGLE PROTEIN";"CHEMBL1137168";"1";"Scientific Literature";"Bioorg Med Chem Lett";"2004";"None";"";"";""
"CHEMBL184777";"";"None";"475.63";"0";"2.59";"12h";"CN[C@H](C(=O)N[C@H](C(=O)N(C)[C@H](/C=C(\C)C(=O)O)C(C)C)C(C)OC)C(C)(C)c1ccccc1";"Inhibition";"'='";"95.0";"%";"";"";"";"UO_0000187";"";"";"";"";"0";"CHEMBL826627";"Compound was evaluated for the inhibition of MAP-rich tubulin polymerisation at 0.3 uM";"F";"BAO_0000019";"assay format";"None";"None";"None";"None";"None";"";"";"";"CHEMBL3186";"Beta tubulin";"Leishmania donovani";"SINGLE PROTEIN";"CHEMBL1137168";"1";"Scientific Literature";"Bioorg Med Chem Lett";"2004";"None";"";"";""
"CHEMBL426787";"";"None";"483.66";"0";"2.79";"46";"CN[C@H](C(=O)N[C@H](C(=O)N(C)[C@H](/C=C/c1nn[nH]n1)C(C)C)C(C)(C)C)C(C)(C)c1ccccc1";"Inhibition";"'='";"31.0";"%";"";"";"";"UO_0000187";"";"";"";"";"0";"CHEMBL826193";"Compound was evaluated for the ability to inhibit cell-free tubulin polymerisation at 0.3 uM";"F";"BAO_0000019";"assay format";"None";"None";"None";"None";"None";"";"";"";"CHEMBL3186";"Beta tubulin";"Leishmania donovani";"SINGLE PROTEIN";"CHEMBL1137171";"1";"Scientific Literature";"Bioorg Med Chem Lett";"2004";"None";"";"";""
"CHEMBL362333";"";"None";"468.56";"0";"2.99";"1l";"Nc1ccc(C(=O)N2CCc3cc(S(=O)(=O)N4CC(c5cccs5)NC4=O)ccc32)cc1";"IC50";"'='";"10500.0";"nM";"4.98";"";"";"UO_0000065";"";"";"";"";"0";"CHEMBL833941";"Compound was tested for inhibition of tubulin polymerisation";"F";"BAO_0000019";"assay format";"None";"None";"None";"None";"None";"";"";"";"CHEMBL3186";"Beta tubulin";"Leishmania donovani";"SINGLE PROTEIN";"CHEMBL1138726";"1";"Scientific Literature";"Bioorg Med Chem Lett";"2004";"None";"";"";""
"CHEMBL182868";"";"None";"456.54";"1";"5.48";"4";"COc1cc(O)c(Cc2ccc(O)cc2)c(CCc2cccc(O)c2)c1Cc1ccc(O)cc1";"IC50";"'='";"10000.0";"nM";"5.00";"";"";"UO_0000065";"";"";"";"";"0";"CHEMBL834683";"Inhibition of tubulin polymerization interacting at the colchicine binding site.";"F";"BAO_0000019";"assay format";"None";"None";"None";"None";"None";"";"";"";"CHEMBL3186";"Beta tubulin";"Leishmania donovani";"SINGLE PROTEIN";"CHEMBL1144317";"1";"Scientific Literature";"Bioorg Med Chem Lett";"2005";"None";"";"";""
"CHEMBL181587";"";"None";"454.52";"1";"5.46";"2";"COc1c(Cc2ccc(O)cc2)c(O)c(Cc2ccc(O)cc2)c2c1-c1ccc(O)cc1CC2";"IC50";"'='";"30000.0";"nM";"4.52";"";"";"UO_0000065";"";"";"";"";"0";"CHEMBL834683";"Inhibition of tubulin polymerization interacting at the colchicine binding site.";"F";"BAO_0000019";"assay format";"None";"None";"None";"None";"None";"";"";"";"CHEMBL3186";"Beta tubulin";"Leishmania donovani";"SINGLE PROTEIN";"CHEMBL1144317";"1";"Scientific Literature";"Bioorg Med Chem Lett";"2005";"None";"";"";""
"CHEMBL183063";"";"None";"433.59";"0";"2.65";"44";"CN[C@H](C(=O)N[C@H](C(=O)N(C)[C@H](C(=O)O)C(C)C)C(C)(C)C)C(C)(C)c1ccccc1";"Inhibition";"'='";"0.0";"%";"";"";"";"UO_0000187";"";"";"";"";"0";"CHEMBL826194";"Compound was evaluated for the ability to inhibit cell-free tubulin polymerisation at 0.5 uM";"F";"BAO_0000019";"assay format";"None";"None";"None";"None";"None";"";"";"";"CHEMBL3186";"Beta tubulin";"Leishmania donovani";"SINGLE PROTEIN";"CHEMBL1137171";"1";"Scientific Literature";"Bioorg Med Chem Lett";"2004";"None";"";"";""
"CHEMBL185508";"";"None";"457.66";"0";"3.71";"22";"CN[C@H](C(=O)N[C@H](C(=O)N(C)[C@H](/C=C(\C)C=O)C(C)C)C(C)(C)C)C(C)(C)c1ccccc1";"Inhibition";"'='";"71.0";"%";"";"";"";"UO_0000187";"";"";"";"";"0";"CHEMBL826193";"Compound was evaluated for the ability to inhibit cell-free tubulin polymerisation at 0.3 uM";"F";"BAO_0000019";"assay format";"None";"None";"None";"None";"None";"";"";"";"CHEMBL3186";"Beta tubulin";"Leishmania donovani";"SINGLE PROTEIN";"CHEMBL1137171";"1";"Scientific Literature";"Bioorg Med Chem Lett";"2004";"None";"";"";""
"CHEMBL185218";"";"None";"471.69";"0";"4.10";"28";"CN[C@H](C(=O)N[C@H](C(=O)N(C)[C@H](/C=C(\C)C(C)=O)C(C)C)C(C)(C)C)C(C)(C)c1ccccc1";"Inhibition";"'='";"69.0";"%";"";"";"";"UO_0000187";"";"";"";"";"0";"CHEMBL826193";"Compound was evaluated for the ability to inhibit cell-free tubulin polymerisation at 0.3 uM";"F";"BAO_0000019";"assay format";"None";"None";"None";"None";"None";"";"";"";"CHEMBL3186";"Beta tubulin";"Leishmania donovani";"SINGLE PROTEIN";"CHEMBL1137171";"1";"Scientific Literature";"Bioorg Med Chem Lett";"2004";"None";"";"";""
"CHEMBL191213";"";"None";"468.58";"0";"3.55";"1g";"O=C(NC1CCCCC1)N1CCc2cc(S(=O)(=O)N3C[C@H](c4ccccc4)NC3=O)ccc21";"IC50";"'='";"2000.0";"nM";"5.70";"";"";"UO_0000065";"";"";"";"";"0";"CHEMBL833941";"Compound was tested for inhibition of tubulin polymerisation";"F";"BAO_0000019";"assay format";"None";"None";"None";"None";"None";"";"";"";"CHEMBL3186";"Beta tubulin";"Leishmania donovani";"SINGLE PROTEIN";"CHEMBL1138726";"1";"Scientific Literature";"Bioorg Med Chem Lett";"2004";"None";"";"";""
"CHEMBL188768";"";"None";"415.47";"0";"2.66";"1i";"CCOC(=O)N1CCc2cc(S(=O)(=O)N3C[C@H](c4ccccc4)NC3=O)ccc21";"IC50";"'='";"1500.0";"nM";"5.82";"";"";"UO_0000065";"";"";"";"";"0";"CHEMBL833941";"Compound was tested for inhibition of tubulin polymerisation";"F";"BAO_0000019";"assay format";"None";"None";"None";"None";"None";"";"";"";"CHEMBL3186";"Beta tubulin";"Leishmania donovani";"SINGLE PROTEIN";"CHEMBL1138726";"1";"Scientific Literature";"Bioorg Med Chem Lett";"2004";"None";"";"";""
"CHEMBL181429";"";"None";"582.79";"1";"3.45";"6";"CN[C@H](C(=O)N[C@H](C(=O)N(C)[C@H](/C=C(\C)C(=O)N1CC=C[C@@H]1C(=O)OC)C(C)C)C(C)(C)C)C(C)(C)c1ccccc1";"Inhibition";"'='";"94.0";"%";"";"";"";"UO_0000187";"";"";"";"";"0";"CHEMBL826194";"Compound was evaluated for the ability to inhibit cell-free tubulin polymerisation at 0.5 uM";"F";"BAO_0000019";"assay format";"None";"None";"None";"None";"None";"";"";"";"CHEMBL3186";"Beta tubulin";"Leishmania donovani";"SINGLE PROTEIN";"CHEMBL1137171";"1";"Scientific Literature";"Bioorg Med Chem Lett";"2004";"None";"";"";""
"CHEMBL364096";"";"None";"513.62";"1";"1.89";"1j";"CN1CCN(CCOC(=O)N2CCc3cc(S(=O)(=O)N4C[C@H](c5ccccc5)NC4=O)ccc32)CC1";"IC50";"'='";"30000.0";"nM";"4.52";"";"";"UO_0000065";"";"";"";"";"0";"CHEMBL833941";"Compound was tested for inhibition of tubulin polymerisation";"F";"BAO_0000019";"assay format";"None";"None";"None";"None";"None";"";"";"";"CHEMBL3186";"Beta tubulin";"Leishmania donovani";"SINGLE PROTEIN";"CHEMBL1138726";"1";"Scientific Literature";"Bioorg Med Chem Lett";"2004";"None";"";"";""
"CHEMBL182422";"";"None";"535.77";"2";"5.25";"31";"CN[C@H](C(=O)N[C@H](C(=O)N(C)[C@H](/C=C(\C)[C@@H](O)c1ccccc1)C(C)C)C(C)(C)C)C(C)(C)c1ccccc1";"Inhibition";"'='";"63.0";"%";"";"";"";"UO_0000187";"";"";"";"";"0";"CHEMBL826193";"Compound was evaluated for the ability to inhibit cell-free tubulin polymerisation at 0.3 uM";"F";"BAO_0000019";"assay format";"None";"None";"None";"None";"None";"";"";"";"CHEMBL3186";"Beta tubulin";"Leishmania donovani";"SINGLE PROTEIN";"CHEMBL1137171";"1";"Scientific Literature";"Bioorg Med Chem Lett";"2004";"None";"";"";""
"CHEMBL185178";"";"None";"482.53";"1";"5.72";"8";"COc1cc(O)c(-c2c(O)cc3c(c2OC)-c2ccc(O)cc2CC3)c2c1-c1ccc(O)cc1CC2";"IC50";"'='";"30000.0";"nM";"4.52";"";"";"UO_0000065";"";"";"";"";"0";"CHEMBL834683";"Inhibition of tubulin polymerization interacting at the colchicine binding site.";"F";"BAO_0000019";"assay format";"None";"None";"None";"None";"None";"";"";"";"CHEMBL3186";"Beta tubulin";"Leishmania donovani";"SINGLE PROTEIN";"CHEMBL1144317";"1";"Scientific Literature";"Bioorg Med Chem Lett";"2005";"None";"";"";""
"CHEMBL182270";"";"None";"565.76";"1";"4.54";"12e";"CN[C@H](C(=O)N[C@H](C(=O)N(C)[C@H](/C=C(\C)C(=O)O)C(C)C)C(C)(C)c1ccc(OC)cc1)C(C)(C)c1ccccc1";"Inhibition";"'='";"56.0";"%";"";"";"";"UO_0000187";"";"";"";"";"0";"CHEMBL826627";"Compound was evaluated for the inhibition of MAP-rich tubulin polymerisation at 0.3 uM";"F";"BAO_0000019";"assay format";"None";"None";"None";"None";"None";"";"";"";"CHEMBL3186";"Beta tubulin";"Leishmania donovani";"SINGLE PROTEIN";"CHEMBL1137168";"1";"Scientific Literature";"Bioorg Med Chem Lett";"2004";"None";"";"";""
"CHEMBL185381";"";"None";"673.94";"1";"4.86";"13";"CN[C@H](C(=O)N[C@H](C(=O)N(C)[C@H](/C=C(\C)C(=O)N1CCC[C@@H]1C(=O)NCCc1ccccc1)C(C)C)C(C)(C)C)C(C)(C)c1ccccc1";"Inhibition";"'='";"86.0";"%";"";"";"";"UO_0000187";"";"";"";"";"0";"CHEMBL826193";"Compound was evaluated for the ability to inhibit cell-free tubulin polymerisation at 0.3 uM";"F";"BAO_0000019";"assay format";"None";"None";"None";"None";"None";"";"";"";"CHEMBL3186";"Beta tubulin";"Leishmania donovani";"SINGLE PROTEIN";"CHEMBL1137171";"1";"Scientific Literature";"Bioorg Med Chem Lett";"2004";"None";"";"";""
"CHEMBL361010";"";"None";"530.71";"1";"2.64";"48";"CN[C@H](C(=O)N[C@H](C(=O)N(C)[C@H](C(=O)N1CCC[C@@H]1C(=O)O)C(C)C)C(C)(C)C)C(C)(C)c1ccccc1";"Inhibition";"'='";"27.0";"%";"";"";"";"UO_0000187";"";"";"";"";"0";"CHEMBL826194";"Compound was evaluated for the ability to inhibit cell-free tubulin polymerisation at 0.5 uM";"F";"BAO_0000019";"assay format";"None";"None";"None";"None";"None";"";"";"";"CHEMBL3186";"Beta tubulin";"Leishmania donovani";"SINGLE PROTEIN";"CHEMBL1137171";"1";"Scientific Literature";"Bioorg Med Chem Lett";"2004";"None";"";"";""
"CHEMBL362315";"";"None";"347.44";"0";"3.47";"20";"COc1cc(C(=O)c2c(N)sc3c2CCCC3)cc(OC)c1OC";"IC50";"'>'";"40000.0";"nM";"";"";"";"UO_0000065";"";"";"";"";"0";"CHEMBL840833";"Concentration required to inhibit tubulin polymerization at 10 uM";"F";"BAO_0000019";"assay format";"None";"None";"None";"None";"None";"";"";"";"CHEMBL3186";"Beta tubulin";"Leishmania donovani";"SINGLE PROTEIN";"CHEMBL1142814";"1";"Scientific Literature";"Bioorg Med Chem Lett";"2005";"None";"";"";""
"CHEMBL359501";"CIRRHOPETALANTHIN";"None";"478.50";"1";"6.81";"7";"COc1cc(O)c(-c2c(O)cc(OC)c3c2ccc2cc(O)ccc23)c2ccc3cc(O)ccc3c12";"IC50";"'='";"30000.0";"nM";"4.52";"";"";"UO_0000065";"";"";"";"";"0";"CHEMBL834683";"Inhibition of tubulin polymerization interacting at the colchicine binding site.";"F";"BAO_0000019";"assay format";"None";"None";"None";"None";"None";"";"";"";"CHEMBL3186";"Beta tubulin";"Leishmania donovani";"SINGLE PROTEIN";"CHEMBL1144317";"1";"Scientific Literature";"Bioorg Med Chem Lett";"2005";"None";"";"";""
"CHEMBL183401";"";"None";"459.63";"0";"3.21";"38";"CN[C@H](C(=O)N[C@H](C(=O)N(C)[C@H](/C=C/C(=O)O)C(C)C)C(C)(C)C)C(C)(C)c1ccccc1";"Inhibition";"'='";"53.0";"%";"";"";"";"UO_0000187";"";"";"";"";"0";"CHEMBL826193";"Compound was evaluated for the ability to inhibit cell-free tubulin polymerisation at 0.3 uM";"F";"BAO_0000019";"assay format";"None";"None";"None";"None";"None";"";"";"";"CHEMBL3186";"Beta tubulin";"Leishmania donovani";"SINGLE PROTEIN";"CHEMBL1137171";"1";"Scientific Literature";"Bioorg Med Chem Lett";"2004";"None";"";"";""
"CHEMBL360879";"";"None";"513.72";"1";"4.54";"33";"CN[C@H](C(=O)N[C@H](C(=O)N(C)[C@H](/C=C(C)/C=C(\C)C(=O)O)C(C)C)C(C)(C)C)C(C)(C)c1ccccc1";"Inhibition";"'='";"90.0";"%";"";"";"";"UO_0000187";"";"";"";"";"0";"CHEMBL826194";"Compound was evaluated for the ability to inhibit cell-free tubulin polymerisation at 0.5 uM";"F";"BAO_0000019";"assay format";"None";"None";"None";"None";"None";"";"";"";"CHEMBL3186";"Beta tubulin";"Leishmania donovani";"SINGLE PROTEIN";"CHEMBL1137171";"1";"Scientific Literature";"Bioorg Med Chem Lett";"2004";"None";"";"";""
"CHEMBL185116";"";"None";"473.66";"0";"3.60";"37";"CN[C@H](C(=O)N[C@H](C(=O)N(C)[C@H](/C=C(/C)C(=O)O)C(C)C)C(C)(C)C)C(C)(C)c1ccccc1";"Inhibition";"'='";"11.0";"%";"";"";"";"UO_0000187";"";"";"";"";"0";"CHEMBL826193";"Compound was evaluated for the ability to inhibit cell-free tubulin polymerisation at 0.3 uM";"F";"BAO_0000019";"assay format";"None";"None";"None";"None";"None";"";"";"";"CHEMBL3186";"Beta tubulin";"Leishmania donovani";"SINGLE PROTEIN";"CHEMBL1137171";"1";"Scientific Literature";"Bioorg Med Chem Lett";"2004";"None";"";"";""
"CHEMBL182319";"TALTOBULIN";"2.0";"473.66";"0";"3.60";"HTI-286 (2)";"CN[C@H](C(=O)N[C@H](C(=O)N(C)[C@H](/C=C(\C)C(=O)O)C(C)C)C(C)(C)C)C(C)(C)c1ccccc1";"Inhibition";"'='";"88.0";"%";"";"";"";"UO_0000187";"";"";"";"";"0";"CHEMBL826627";"Compound was evaluated for the inhibition of MAP-rich tubulin polymerisation at 0.3 uM";"F";"BAO_0000019";"assay format";"None";"None";"None";"None";"None";"";"";"";"CHEMBL3186";"Beta tubulin";"Leishmania donovani";"SINGLE PROTEIN";"CHEMBL1137168";"1";"Scientific Literature";"Bioorg Med Chem Lett";"2004";"None";"";"";""
"CHEMBL363674";"";"None";"586.77";"1";"2.56";"12";"CN[C@H](C(=O)N[C@H](C(=O)N(C)[C@H](/C=C(\C)C(=O)N1CC(O)C[C@@H]1C(=O)O)C(C)C)C(C)(C)C)C(C)(C)c1ccccc1";"Inhibition";"'='";"96.0";"%";"";"";"";"UO_0000187";"";"";"";"";"0";"CHEMBL826194";"Compound was evaluated for the ability to inhibit cell-free tubulin polymerisation at 0.5 uM";"F";"BAO_0000019";"assay format";"None";"None";"None";"None";"None";"";"";"";"CHEMBL3186";"Beta tubulin";"Leishmania donovani";"SINGLE PROTEIN";"CHEMBL1137171";"1";"Scientific Literature";"Bioorg Med Chem Lett";"2004";"None";"";"";""
"CHEMBL361738";"";"None";"568.76";"1";"3.36";"11";"CN[C@H](C(=O)N[C@H](C(=O)N(C)[C@H](/C=C(\C)C(=O)N1CC=C[C@@H]1C(=O)O)C(C)C)C(C)(C)C)C(C)(C)c1ccccc1";"Inhibition";"'='";"90.0";"%";"";"";"";"UO_0000187";"";"";"";"";"0";"CHEMBL826194";"Compound was evaluated for the ability to inhibit cell-free tubulin polymerisation at 0.5 uM";"F";"BAO_0000019";"assay format";"None";"None";"None";"None";"None";"";"";"";"CHEMBL3186";"Beta tubulin";"Leishmania donovani";"SINGLE PROTEIN";"CHEMBL1137171";"1";"Scientific Literature";"Bioorg Med Chem Lett";"2004";"None";"";"";""
"CHEMBL184111";"";"None";"598.83";"1";"3.98";"14";"CN[C@H](C(=O)N[C@H](C(=O)N(C)[C@H](/C=C(\C)C(=O)N1CCC[C@@H]1C(=O)OC)C(C)C)C(C)(C)C)C(C)(C)c1cccc(C)c1";"Inhibition";"'='";"89.0";"%";"";"";"";"UO_0000187";"";"";"";"";"0";"CHEMBL826194";"Compound was evaluated for the ability to inhibit cell-free tubulin polymerisation at 0.5 uM";"F";"BAO_0000019";"assay format";"None";"None";"None";"None";"None";"";"";"";"CHEMBL3186";"Beta tubulin";"Leishmania donovani";"SINGLE PROTEIN";"CHEMBL1137171";"1";"Scientific Literature";"Bioorg Med Chem Lett";"2004";"None";"";"";""
"CHEMBL182063";"";"None";"584.80";"1";"3.90";"15";"CN[C@H](C(=O)N[C@H](C(=O)N(C)[C@H](/C=C(\C)C(=O)N1CCC[C@@H]1C(=O)O)C(C)C)C(C)(C)C)C(C)(C)c1cccc(C)c1";"Inhibition";"'='";"95.0";"%";"";"";"";"UO_0000187";"";"";"";"";"0";"CHEMBL826194";"Compound was evaluated for the ability to inhibit cell-free tubulin polymerisation at 0.5 uM";"F";"BAO_0000019";"assay format";"None";"None";"None";"None";"None";"";"";"";"CHEMBL3186";"Beta tubulin";"Leishmania donovani";"SINGLE PROTEIN";"CHEMBL1137171";"1";"Scientific Literature";"Bioorg Med Chem Lett";"2004";"None";"";"";""
"CHEMBL182289";"";"None";"487.69";"0";"3.07";"26";"CN[C@H](C(=O)N[C@H](C(=O)N(C)[C@H](/C=C(\C)C(=O)CO)C(C)C)C(C)(C)C)C(C)(C)c1ccccc1";"Inhibition";"'='";"76.0";"%";"";"";"";"UO_0000187";"";"";"";"";"0";"CHEMBL826194";"Compound was evaluated for the ability to inhibit cell-free tubulin polymerisation at 0.5 uM";"F";"BAO_0000019";"assay format";"None";"None";"None";"None";"None";"";"";"";"CHEMBL3186";"Beta tubulin";"Leishmania donovani";"SINGLE PROTEIN";"CHEMBL1137171";"1";"Scientific Literature";"Bioorg Med Chem Lett";"2004";"None";"";"";""
"CHEMBL365509";"";"None";"517.39";"1";"4.05";"1b";"O=C(c1cc(Cl)nc(Cl)c1)N1CCc2cc(S(=O)(=O)N3C[C@H](c4ccccc4)NC3=O)ccc21";"IC50";"'='";"22000.0";"nM";"4.66";"";"";"UO_0000065";"";"";"";"";"0";"CHEMBL833941";"Compound was tested for inhibition of tubulin polymerisation";"F";"BAO_0000019";"assay format";"None";"None";"None";"None";"None";"";"";"";"CHEMBL3186";"Beta tubulin";"Leishmania donovani";"SINGLE PROTEIN";"CHEMBL1138726";"1";"Scientific Literature";"Bioorg Med Chem Lett";"2004";"None";"";"";""
"CHEMBL186524";"";"None";"462.53";"0";"2.93";"DW2282";"Nc1ccc(C(=O)N2CCc3cc(S(=O)(=O)N4C[C@H](c5ccccc5)NC4=O)ccc32)cc1";"IC50";"'='";"1500.0";"nM";"5.82";"";"";"UO_0000065";"";"";"";"";"0";"CHEMBL833941";"Compound was tested for inhibition of tubulin polymerisation";"F";"BAO_0000019";"assay format";"None";"None";"None";"None";"None";"";"";"";"CHEMBL3186";"Beta tubulin";"Leishmania donovani";"SINGLE PROTEIN";"CHEMBL1138726";"1";"Scientific Literature";"Bioorg Med Chem Lett";"2004";"None";"";"";""
"CHEMBL362352";"";"None";"467.57";"0";"3.34";"1a";"O=C(Cc1cccs1)N1CCc2cc(S(=O)(=O)N3C[C@H](c4ccccc4)NC3=O)ccc21";"IC50";"'<'";"1000.0";"nM";"";"";"";"UO_0000065";"";"";"";"";"0";"CHEMBL833941";"Compound was tested for inhibition of tubulin polymerisation";"F";"BAO_0000019";"assay format";"None";"None";"None";"None";"None";"";"";"";"CHEMBL3186";"Beta tubulin";"Leishmania donovani";"SINGLE PROTEIN";"CHEMBL1138726";"1";"Scientific Literature";"Bioorg Med Chem Lett";"2004";"None";"";"";""
"CHEMBL362529";"";"None";"470.94";"0";"3.63";"2b";"Nc1ccc(C(=O)Nc2ccc(S(=O)(=O)N3C[C@H](c4ccccc4)NC3=O)cc2Cl)cc1";"IC50";"'='";"5500.0";"nM";"5.26";"";"";"UO_0000065";"";"";"";"";"0";"CHEMBL833941";"Compound was tested for inhibition of tubulin polymerisation";"F";"BAO_0000019";"assay format";"None";"None";"None";"None";"None";"";"";"";"CHEMBL3186";"Beta tubulin";"Leishmania donovani";"SINGLE PROTEIN";"CHEMBL1138726";"1";"Scientific Literature";"Bioorg Med Chem Lett";"2004";"None";"";"";""
"CHEMBL190320";"";"None";"357.43";"0";"4.05";"11";"COc1cc(C(=O)c2sc3cc(C)ccc3c2N)cc(OC)c1OC";"IC50";"'='";"1300.0";"nM";"5.89";"";"";"UO_0000065";"";"";"";"";"0";"CHEMBL840833";"Concentration required to inhibit tubulin polymerization at 10 uM";"F";"BAO_0000019";"assay format";"None";"None";"None";"None";"None";"";"";"";"CHEMBL3186";"Beta tubulin";"Leishmania donovani";"SINGLE PROTEIN";"CHEMBL1142814";"1";"Scientific Literature";"Bioorg Med Chem Lett";"2005";"None";"";"";""
"CHEMBL90555";"VINCRISTINE";"4.0";"824.97";"2";"3.52";"Vincristine";"CC[C@]1(O)C[C@H]2CN(CCc3c([nH]c4ccccc34)[C@@](C(=O)OC)(c3cc4c(cc3OC)N(C=O)[C@H]3[C@@](O)(C(=O)OC)[C@H](OC(C)=O)[C@]5(CC)C=CCN6CC[C@]43[C@@H]65)C2)C1";"Inhibition";"'='";"83.0";"%";"";"";"";"UO_0000187";"";"";"";"";"0";"CHEMBL826249";"Compound was tested for inhibition of tubulin polymerisation at 1 uM";"F";"BAO_0000019";"assay format";"None";"None";"None";"None";"None";"";"";"";"CHEMBL3186";"Beta tubulin";"Leishmania donovani";"SINGLE PROTEIN";"CHEMBL1138726";"1";"Scientific Literature";"Bioorg Med Chem Lett";"2004";"None";"";"";""
"CHEMBL428647";"PACLITAXEL";"4.0";"853.92";"2";"3.74";"Paclitaxel";"CC(=O)O[C@H]1C(=O)[C@@]2(C)[C@H]([C@H](OC(=O)c3ccccc3)[C@]3(O)C[C@H](OC(=O)[C@H](O)[C@@H](NC(=O)c4ccccc4)c4ccccc4)C(C)=C1C3(C)C)[C@]1(OC(C)=O)CO[C@@H]1C[C@@H]2O";"IC50";"'<'";"1000.0";"nM";"";"";"";"UO_0000065";"";"";"";"";"0";"CHEMBL834315";"Compound was tested for inhibition of tubulin polymerisation in the absence of GTP";"F";"BAO_0000019";"assay format";"None";"None";"None";"None";"None";"";"";"";"CHEMBL3186";"Beta tubulin";"Leishmania donovani";"SINGLE PROTEIN";"CHEMBL1138726";"1";"Scientific Literature";"Bioorg Med Chem Lett";"2004";"None";"";"";""
"CHEMBL67";"COMBRETASTATIN A4";"-1.0";"316.35";"0";"3.60";"1";"COc1ccc(/C=C\c2cc(OC)c(OC)c(OC)c2)cc1O";"IC50";"'='";"2000.0";"nM";"5.70";"";"";"UO_0000065";"";"";"";"";"0";"CHEMBL840833";"Concentration required to inhibit tubulin polymerization at 10 uM";"F";"BAO_0000019";"assay format";"None";"None";"None";"None";"None";"";"";"";"CHEMBL3186";"Beta tubulin";"Leishmania donovani";"SINGLE PROTEIN";"CHEMBL1142814";"1";"Scientific Literature";"Bioorg Med Chem Lett";"2005";"None";"";"";""
"CHEMBL363927";"";"None";"584.80";"1";"3.68";"4";"CN[C@H](C(=O)N[C@H](C(=O)N(C)[C@H](/C=C(\C)C(=O)N1CCC[C@H]1C(=O)OC)C(C)C)C(C)(C)C)C(C)(C)c1ccccc1";"Inhibition";"'='";"96.0";"%";"";"";"";"UO_0000187";"";"";"";"";"0";"CHEMBL826194";"Compound was evaluated for the ability to inhibit cell-free tubulin polymerisation at 0.5 uM";"F";"BAO_0000019";"assay format";"None";"None";"None";"None";"None";"";"";"";"CHEMBL3186";"Beta tubulin";"Leishmania donovani";"SINGLE PROTEIN";"CHEMBL1137171";"1";"Scientific Literature";"Bioorg Med Chem Lett";"2004";"None";"";"";""
"CHEMBL363690";"";"None";"499.59";"0";"1.55";"1h";"O=C(NCCN1CCOCC1)N1CCc2cc(S(=O)(=O)N3C[C@H](c4ccccc4)NC3=O)ccc21";"IC50";"'='";"30000.0";"nM";"4.52";"";"";"UO_0000065";"";"";"";"";"0";"CHEMBL833941";"Compound was tested for inhibition of tubulin polymerisation";"F";"BAO_0000019";"assay format";"None";"None";"None";"None";"None";"";"";"";"CHEMBL3186";"Beta tubulin";"Leishmania donovani";"SINGLE PROTEIN";"CHEMBL1138726";"1";"Scientific Literature";"Bioorg Med Chem Lett";"2004";"None";"";"";""
"CHEMBL367578";"";"None";"461.60";"0";"1.93";"12f";"CN[C@H](C(=O)N[C@@H](C(=O)N(C)[C@H](/C=C(\C)C(=O)O)C(C)C)C(C)O)C(C)(C)c1ccccc1";"Inhibition";"'='";"9.0";"%";"";"";"";"UO_0000187";"";"";"";"";"0";"CHEMBL826627";"Compound was evaluated for the inhibition of MAP-rich tubulin polymerisation at 0.3 uM";"F";"BAO_0000019";"assay format";"None";"None";"None";"None";"None";"";"";"";"CHEMBL3186";"Beta tubulin";"Leishmania donovani";"SINGLE PROTEIN";"CHEMBL1137168";"1";"Scientific Literature";"Bioorg Med Chem Lett";"2004";"None";"";"";""
"CHEMBL428647";"PACLITAXEL";"4.0";"853.92";"2";"3.74";"Paclitaxel";"CC(=O)O[C@H]1C(=O)[C@@]2(C)[C@H]([C@H](OC(=O)c3ccccc3)[C@]3(O)C[C@H](OC(=O)[C@H](O)[C@@H](NC(=O)c4ccccc4)c4ccccc4)C(C)=C1C3(C)C)[C@]1(OC(C)=O)CO[C@@H]1C[C@@H]2O";"Inhibition";"'='";"80.0";"%";"";"";"";"UO_0000187";"";"";"";"";"0";"CHEMBL826249";"Compound was tested for inhibition of tubulin polymerisation at 1 uM";"F";"BAO_0000019";"assay format";"None";"None";"None";"None";"None";"";"";"";"CHEMBL3186";"Beta tubulin";"Leishmania donovani";"SINGLE PROTEIN";"CHEMBL1138726";"1";"Scientific Literature";"Bioorg Med Chem Lett";"2004";"None";"";"";""
"CHEMBL182909";"";"None";"584.80";"1";"3.68";"3";"CN[C@H](C(=O)N[C@H](C(=O)N(C)[C@H](/C=C(\C)C(=O)N1CCC[C@@H]1C(=O)OC)C(C)C)C(C)(C)C)C(C)(C)c1ccccc1";"Inhibition";"'='";"82.0";"%";"";"";"";"UO_0000187";"";"";"";"";"0";"CHEMBL826193";"Compound was evaluated for the ability to inhibit cell-free tubulin polymerisation at 0.3 uM";"F";"BAO_0000019";"assay format";"None";"None";"None";"None";"None";"";"";"";"CHEMBL3186";"Beta tubulin";"Leishmania donovani";"SINGLE PROTEIN";"CHEMBL1137171";"1";"Scientific Literature";"Bioorg Med Chem Lett";"2004";"None";"";"";""
"CHEMBL183487";"";"None";"605.22";"1";"4.24";"17";"CN[C@H](C(=O)N[C@H](C(=O)N(C)[C@H](/C=C(\C)C(=O)N1CCC[C@@H]1C(=O)O)C(C)C)C(C)(C)C)C(C)(C)c1cccc(Cl)c1";"Inhibition";"'='";"94.0";"%";"";"";"";"UO_0000187";"";"";"";"";"0";"CHEMBL826194";"Compound was evaluated for the ability to inhibit cell-free tubulin polymerisation at 0.5 uM";"F";"BAO_0000019";"assay format";"None";"None";"None";"None";"None";"";"";"";"CHEMBL3186";"Beta tubulin";"Leishmania donovani";"SINGLE PROTEIN";"CHEMBL1137171";"1";"Scientific Literature";"Bioorg Med Chem Lett";"2004";"None";"";"";""
"CHEMBL189355";"";"None";"343.40";"0";"3.74";"7";"COc1cc(C(=O)c2c(N)sc3ccccc23)cc(OC)c1OC";"IC50";"'='";"3100.0";"nM";"5.51";"";"";"UO_0000065";"";"";"";"";"0";"CHEMBL840833";"Concentration required to inhibit tubulin polymerization at 10 uM";"F";"BAO_0000019";"assay format";"None";"None";"None";"None";"None";"";"";"";"CHEMBL3186";"Beta tubulin";"Leishmania donovani";"SINGLE PROTEIN";"CHEMBL1142814";"1";"Scientific Literature";"Bioorg Med Chem Lett";"2005";"None";"";"";""
"CHEMBL182669";"";"None";"459.68";"0";"3.50";"21";"CN[C@H](C(=O)N[C@H](C(=O)N(C)[C@H](/C=C(\C)CO)C(C)C)C(C)(C)C)C(C)(C)c1ccccc1";"Inhibition";"'='";"71.0";"%";"";"";"";"UO_0000187";"";"";"";"";"0";"CHEMBL826193";"Compound was evaluated for the ability to inhibit cell-free tubulin polymerisation at 0.3 uM";"F";"BAO_0000019";"assay format";"None";"None";"None";"None";"None";"";"";"";"CHEMBL3186";"Beta tubulin";"Leishmania donovani";"SINGLE PROTEIN";"CHEMBL1137171";"1";"Scientific Literature";"Bioorg Med Chem Lett";"2004";"None";"";"";""
"CHEMBL185242";"";"None";"523.72";"1";"4.12";"45";"CN[C@H](C(=O)N[C@H](C(=O)N(C)[C@H](/C=C(\C)C(=O)c1ncc[nH]1)C(C)C)C(C)(C)C)C(C)(C)c1ccccc1";"Inhibition";"'='";"91.0";"%";"";"";"";"UO_0000187";"";"";"";"";"0";"CHEMBL826194";"Compound was evaluated for the ability to inhibit cell-free tubulin polymerisation at 0.5 uM";"F";"BAO_0000019";"assay format";"None";"None";"None";"None";"None";"";"";"";"CHEMBL3186";"Beta tubulin";"Leishmania donovani";"SINGLE PROTEIN";"CHEMBL1137171";"1";"Scientific Literature";"Bioorg Med Chem Lett";"2004";"None";"";"";""
"CHEMBL369741";"CIRRHOPETALANTHRIN";"None";"480.52";"1";"6.27";"6";"COc1cc(O)c(-c2c(O)cc(OC)c3c2ccc2cc(O)ccc23)c2c1-c1ccc(O)cc1CC2";"IC50";"'='";"30000.0";"nM";"4.52";"";"";"UO_0000065";"";"";"";"";"0";"CHEMBL834683";"Inhibition of tubulin polymerization interacting at the colchicine binding site.";"F";"BAO_0000019";"assay format";"None";"None";"None";"None";"None";"";"";"";"CHEMBL3186";"Beta tubulin";"Leishmania donovani";"SINGLE PROTEIN";"CHEMBL1144317";"1";"Scientific Literature";"Bioorg Med Chem Lett";"2005";"None";"";"";""
"CHEMBL359700";"";"None";"600.80";"1";"2.65";"7";"CN[C@H](C(=O)N[C@H](C(=O)N(C)[C@H](/C=C(\C)C(=O)N1CC(O)C[C@@H]1C(=O)OC)C(C)C)C(C)(C)C)C(C)(C)c1ccccc1";"Inhibition";"'='";"93.0";"%";"";"";"";"UO_0000187";"";"";"";"";"0";"CHEMBL826194";"Compound was evaluated for the ability to inhibit cell-free tubulin polymerisation at 0.5 uM";"F";"BAO_0000019";"assay format";"None";"None";"None";"None";"None";"";"";"";"CHEMBL3186";"Beta tubulin";"Leishmania donovani";"SINGLE PROTEIN";"CHEMBL1137171";"1";"Scientific Literature";"Bioorg Med Chem Lett";"2004";"None";"";"";""
"CHEMBL360165";"";"None";"641.88";"2";"5.28";"12j";"CN[C@H](C(=O)N[C@H](C(=O)N(C)[C@H](/C=C(\C)C(=O)O)C(C)C)C(C)(C)SCc1ccc(OC)cc1)C(C)(C)c1ccc(OC)cc1";"Inhibition";"'='";"77.0";"%";"";"";"";"UO_0000187";"";"";"";"";"0";"CHEMBL826627";"Compound was evaluated for the inhibition of MAP-rich tubulin polymerisation at 0.3 uM";"F";"BAO_0000019";"assay format";"None";"None";"None";"None";"None";"";"";"";"CHEMBL3186";"Beta tubulin";"Leishmania donovani";"SINGLE PROTEIN";"CHEMBL1137168";"1";"Scientific Literature";"Bioorg Med Chem Lett";"2004";"None";"";"";""
"CHEMBL90555";"VINCRISTINE";"4.0";"824.97";"2";"3.52";"Vincristine";"CC[C@]1(O)C[C@H]2CN(CCc3c([nH]c4ccccc34)[C@@](C(=O)OC)(c3cc4c(cc3OC)N(C=O)[C@H]3[C@@](O)(C(=O)OC)[C@H](OC(C)=O)[C@]5(CC)C=CCN6CC[C@]43[C@@H]65)C2)C1";"IC50";"'<'";"1000.0";"nM";"";"";"";"UO_0000065";"";"";"";"";"0";"CHEMBL833941";"Compound was tested for inhibition of tubulin polymerisation";"F";"BAO_0000019";"assay format";"None";"None";"None";"None";"None";"";"";"";"CHEMBL3186";"Beta tubulin";"Leishmania donovani";"SINGLE PROTEIN";"CHEMBL1138726";"1";"Scientific Literature";"Bioorg Med Chem Lett";"2004";"None";"";"";""
"CHEMBL185336";"";"None";"598.83";"1";"4.07";"5";"CN[C@H](C(=O)N[C@H](C(=O)N(C)[C@H](/C=C(\C)C(=O)N1CCCC[C@@H]1C(=O)OC)C(C)C)C(C)(C)C)C(C)(C)c1ccccc1";"Inhibition";"'='";"77.0";"%";"";"";"";"UO_0000187";"";"";"";"";"0";"CHEMBL826194";"Compound was evaluated for the ability to inhibit cell-free tubulin polymerisation at 0.5 uM";"F";"BAO_0000019";"assay format";"None";"None";"None";"None";"None";"";"";"";"CHEMBL3186";"Beta tubulin";"Leishmania donovani";"SINGLE PROTEIN";"CHEMBL1137171";"1";"Scientific Literature";"Bioorg Med Chem Lett";"2004";"None";"";"";""
"CHEMBL182395";"";"None";"533.76";"2";"5.40";"25";"CN[C@H](C(=O)N[C@H](C(=O)N(C)[C@H](/C=C(\C)C(=O)c1ccccc1)C(C)C)C(C)(C)C)C(C)(C)c1ccccc1";"Inhibition";"'='";"70.0";"%";"";"";"";"UO_0000187";"";"";"";"";"0";"CHEMBL826194";"Compound was evaluated for the ability to inhibit cell-free tubulin polymerisation at 0.5 uM";"F";"BAO_0000019";"assay format";"None";"None";"None";"None";"None";"";"";"";"CHEMBL3186";"Beta tubulin";"Leishmania donovani";"SINGLE PROTEIN";"CHEMBL1137171";"1";"Scientific Literature";"Bioorg Med Chem Lett";"2004";"None";"";"";""
"CHEMBL371795";"";"None";"343.40";"0";"3.74";"10";"COc1cc(C(=O)c2sc3ccccc3c2N)cc(OC)c1OC";"IC50";"'='";"4200.0";"nM";"5.38";"";"";"UO_0000065";"";"";"";"";"0";"CHEMBL840833";"Concentration required to inhibit tubulin polymerization at 10 uM";"F";"BAO_0000019";"assay format";"None";"None";"None";"None";"None";"";"";"";"CHEMBL3186";"Beta tubulin";"Leishmania donovani";"SINGLE PROTEIN";"CHEMBL1142814";"1";"Scientific Literature";"Bioorg Med Chem Lett";"2005";"None";"";"";""
"CHEMBL182912";"";"None";"473.70";"0";"3.89";"29";"CN[C@H](C(=O)N[C@H](C(=O)N(C)[C@H](/C=C(\C)C(C)O)C(C)C)C(C)(C)C)C(C)(C)c1ccccc1";"Inhibition";"'='";"75.0";"%";"";"";"";"UO_0000187";"";"";"";"";"0";"CHEMBL826194";"Compound was evaluated for the ability to inhibit cell-free tubulin polymerisation at 0.5 uM";"F";"BAO_0000019";"assay format";"None";"None";"None";"None";"None";"";"";"";"CHEMBL3186";"Beta tubulin";"Leishmania donovani";"SINGLE PROTEIN";"CHEMBL1137171";"1";"Scientific Literature";"Bioorg Med Chem Lett";"2004";"None";"";"";""
"CHEMBL365485";"";"None";"348.40";"0";"4.17";"3";"COc1cc(O)c2c(c1Cc1ccc(O)cc1)CCc1cc(O)ccc1-2";"IC50";"'='";"300000.0";"nM";"";"Outside typical range";"";"UO_0000065";"";"";"";"";"0";"CHEMBL834683";"Inhibition of tubulin polymerization interacting at the colchicine binding site.";"F";"BAO_0000019";"assay format";"None";"None";"None";"None";"None";"";"";"";"CHEMBL3186";"Beta tubulin";"Leishmania donovani";"SINGLE PROTEIN";"CHEMBL1144317";"1";"Scientific Literature";"Bioorg Med Chem Lett";"2005";"None";"";"";""
"CHEMBL183385";"";"None";"584.80";"1";"3.98";"10";"CN[C@H](C(=O)N[C@H](C(=O)N(C)[C@H](/C=C(\C)C(=O)N1CCCC[C@@H]1C(=O)O)C(C)C)C(C)(C)C)C(C)(C)c1ccccc1";"Inhibition";"'='";"89.0";"%";"";"";"";"UO_0000187";"";"";"";"";"0";"CHEMBL826194";"Compound was evaluated for the ability to inhibit cell-free tubulin polymerisation at 0.5 uM";"F";"BAO_0000019";"assay format";"None";"None";"None";"None";"None";"";"";"";"CHEMBL3186";"Beta tubulin";"Leishmania donovani";"SINGLE PROTEIN";"CHEMBL1137171";"1";"Scientific Literature";"Bioorg Med Chem Lett";"2004";"None";"";"";""
"CHEMBL182217";"";"None";"619.25";"1";"4.33";"16";"CN[C@H](C(=O)N[C@H](C(=O)N(C)[C@H](/C=C(\C)C(=O)N1CCC[C@@H]1C(=O)OC)C(C)C)C(C)(C)C)C(C)(C)c1cccc(Cl)c1";"Inhibition";"'='";"88.0";"%";"";"";"";"UO_0000187";"";"";"";"";"0";"CHEMBL826194";"Compound was evaluated for the ability to inhibit cell-free tubulin polymerisation at 0.5 uM";"F";"BAO_0000019";"assay format";"None";"None";"None";"None";"None";"";"";"";"CHEMBL3186";"Beta tubulin";"Leishmania donovani";"SINGLE PROTEIN";"CHEMBL1137171";"1";"Scientific Literature";"Bioorg Med Chem Lett";"2004";"None";"";"";""
"CHEMBL361536";"";"None";"590.85";"1";"4.31";"20";"CN[C@H](C(=O)N[C@H](C(=O)N(C)[C@H](/C=C(\C)C(=O)N1CCC[C@@H]1C(=O)OC)C(C)C)C(C)(C)C)C(C)(C)C1CCCCC1";"Inhibition";"'='";"88.0";"%";"";"";"";"UO_0000187";"";"";"";"";"0";"CHEMBL826194";"Compound was evaluated for the ability to inhibit cell-free tubulin polymerisation at 0.5 uM";"F";"BAO_0000019";"assay format";"None";"None";"None";"None";"None";"";"";"";"CHEMBL3186";"Beta tubulin";"Leishmania donovani";"SINGLE PROTEIN";"CHEMBL1137171";"1";"Scientific Literature";"Bioorg Med Chem Lett";"2004";"None";"";"";""
"CHEMBL427143";"";"None";"558.76";"1";"3.12";"47";"CCOC(=O)[C@H]1CCCN1C(=O)[C@H](C(C)C)N(C)C(=O)[C@@H](NC(=O)[C@@H](NC)C(C)(C)c1ccccc1)C(C)(C)C";"Inhibition";"'='";"19.0";"%";"";"";"";"UO_0000187";"";"";"";"";"0";"CHEMBL826194";"Compound was evaluated for the ability to inhibit cell-free tubulin polymerisation at 0.5 uM";"F";"BAO_0000019";"assay format";"None";"None";"None";"None";"None";"";"";"";"CHEMBL3186";"Beta tubulin";"Leishmania donovani";"SINGLE PROTEIN";"CHEMBL1137171";"1";"Scientific Literature";"Bioorg Med Chem Lett";"2004";"None";"";"";""
"CHEMBL360439";"";"None";"535.75";"1";"3.70";"12k";"CN[C@H](C(=O)N[C@H](C(=O)N(C)[C@H](/C=C(\C)C(=O)O)C(C)C)C(C)(C)SC)C(C)(C)c1ccc(OC)cc1";"Inhibition";"'='";"88.0";"%";"";"";"";"UO_0000187";"";"";"";"";"0";"CHEMBL826627";"Compound was evaluated for the inhibition of MAP-rich tubulin polymerisation at 0.3 uM";"F";"BAO_0000019";"assay format";"None";"None";"None";"None";"None";"";"";"";"CHEMBL3186";"Beta tubulin";"Leishmania donovani";"SINGLE PROTEIN";"CHEMBL1137168";"1";"Scientific Literature";"Bioorg Med Chem Lett";"2004";"None";"";"";""
"CHEMBL443043";"";"None";"570.78";"1";"3.59";"8";"CN[C@H](C(=O)N[C@H](C(=O)N(C)[C@H](/C=C(\C)C(=O)N1CCC[C@@H]1C(=O)O)C(C)C)C(C)(C)C)C(C)(C)c1ccccc1";"Inhibition";"'='";"97.0";"%";"";"";"";"UO_0000187";"";"";"";"";"0";"CHEMBL826193";"Compound was evaluated for the ability to inhibit cell-free tubulin polymerisation at 0.3 uM";"F";"BAO_0000019";"assay format";"None";"None";"None";"None";"None";"";"";"";"CHEMBL3186";"Beta tubulin";"Leishmania donovani";"SINGLE PROTEIN";"CHEMBL1137171";"1";"Scientific Literature";"Bioorg Med Chem Lett";"2004";"None";"";"";""
"CHEMBL183477";"";"None";"598.83";"1";"4.20";"19";"CN[C@H](C(=O)N[C@H](C(=O)N(C)[C@H](/C=C(\C)C(=O)N1CCC[C@@H]1C(=O)O)C(C)C)C(C)(C)C)C(C)(C)c1ccc(C)c(C)c1";"Inhibition";"'='";"76.0";"%";"";"";"";"UO_0000187";"";"";"";"";"0";"CHEMBL826194";"Compound was evaluated for the ability to inhibit cell-free tubulin polymerisation at 0.5 uM";"F";"BAO_0000019";"assay format";"None";"None";"None";"None";"None";"";"";"";"CHEMBL3186";"Beta tubulin";"Leishmania donovani";"SINGLE PROTEIN";"CHEMBL1137171";"1";"Scientific Literature";"Bioorg Med Chem Lett";"2004";"None";"";"";""
"CHEMBL184932";"";"None";"542.79";"1";"4.70";"30";"CN[C@H](C(=O)N[C@H](C(=O)N(C)[C@H](/C=C(\C)C(O)c1nccs1)C(C)C)C(C)(C)C)C(C)(C)c1ccccc1";"Inhibition";"'='";"97.0";"%";"";"";"";"UO_0000187";"";"";"";"";"0";"CHEMBL826194";"Compound was evaluated for the ability to inhibit cell-free tubulin polymerisation at 0.5 uM";"F";"BAO_0000019";"assay format";"None";"None";"None";"None";"None";"";"";"";"CHEMBL3186";"Beta tubulin";"Leishmania donovani";"SINGLE PROTEIN";"CHEMBL1137171";"1";"Scientific Literature";"Bioorg Med Chem Lett";"2004";"None";"";"";""
"CHEMBL67";"COMBRETASTATIN A4";"-1.0";"316.35";"0";"3.60";"Combretastatin";"COc1ccc(/C=C\c2cc(OC)c(OC)c(OC)c2)cc1O";"IC50";"'='";"1900.0";"nM";"5.72";"";"";"UO_0000065";"";"";"";"";"0";"CHEMBL834683";"Inhibition of tubulin polymerization interacting at the colchicine binding site.";"F";"BAO_0000019";"assay format";"None";"None";"None";"None";"None";"";"";"";"CHEMBL3186";"Beta tubulin";"Leishmania donovani";"SINGLE PROTEIN";"CHEMBL1144317";"1";"Scientific Literature";"Bioorg Med Chem Lett";"2005";"None";"";"";""
"CHEMBL183955";"";"None";"513.68";"1";"2.63";"36";"CN[C@H](C(=O)N[C@H](C(=O)N(C)[C@H](/C=C1/C(=O)NC(=O)N1C)C(C)C)C(C)(C)C)C(C)(C)c1ccccc1";"Inhibition";"'='";"95.0";"%";"";"";"";"UO_0000187";"";"";"";"";"0";"CHEMBL826194";"Compound was evaluated for the ability to inhibit cell-free tubulin polymerisation at 0.5 uM";"F";"BAO_0000019";"assay format";"None";"None";"None";"None";"None";"";"";"";"CHEMBL3186";"Beta tubulin";"Leishmania donovani";"SINGLE PROTEIN";"CHEMBL1137171";"1";"Scientific Literature";"Bioorg Med Chem Lett";"2004";"None";"";"";""
"CHEMBL187716";"";"None";"480.52";"0";"3.07";"1m";"Nc1ccc(C(=O)N2CCc3cc(S(=O)(=O)N4CC(c5ccc(F)cc5)NC4=O)ccc32)cc1";"IC50";"'='";"25000.0";"nM";"4.60";"";"";"UO_0000065";"";"";"";"";"0";"CHEMBL833941";"Compound was tested for inhibition of tubulin polymerisation";"F";"BAO_0000019";"assay format";"None";"None";"None";"None";"None";"";"";"";"CHEMBL3186";"Beta tubulin";"Leishmania donovani";"SINGLE PROTEIN";"CHEMBL1138726";"1";"Scientific Literature";"Bioorg Med Chem Lett";"2004";"None";"";"";""
"CHEMBL188420";"";"None";"482.47";"0";"2.85";"1e";"O=C(c1ccc([N+](=O)[O-])o1)N1CCc2cc(S(=O)(=O)N3C[C@H](c4ccccc4)NC3=O)ccc21";"IC50";"'='";"40000.0";"nM";"4.40";"";"";"UO_0000065";"";"";"";"";"0";"CHEMBL833941";"Compound was tested for inhibition of tubulin polymerisation";"F";"BAO_0000019";"assay format";"None";"None";"None";"None";"None";"";"";"";"CHEMBL3186";"Beta tubulin";"Leishmania donovani";"SINGLE PROTEIN";"CHEMBL1138726";"1";"Scientific Literature";"Bioorg Med Chem Lett";"2004";"None";"";"";""
"CHEMBL182619";"";"None";"540.77";"1";"4.85";"24";"CN[C@H](C(=O)N[C@H](C(=O)N(C)[C@H](/C=C(\C)C(=O)c1nccs1)C(C)C)C(C)(C)C)C(C)(C)c1ccccc1";"Inhibition";"'='";"33.0";"%";"";"";"";"UO_0000187";"";"";"";"";"0";"CHEMBL826193";"Compound was evaluated for the ability to inhibit cell-free tubulin polymerisation at 0.3 uM";"F";"BAO_0000019";"assay format";"None";"None";"None";"None";"None";"";"";"";"CHEMBL3186";"Beta tubulin";"Leishmania donovani";"SINGLE PROTEIN";"CHEMBL1137171";"1";"Scientific Literature";"Bioorg Med Chem Lett";"2004";"None";"";"";""
"CHEMBL363453";"";"None";"477.62";"0";"3.30";"15";"CN[C@H](C(=O)N[C@H](C(=O)N(C)[C@H](/C=C(\C)C(=O)O)C(C)C)C(C)(C)F)C(C)(C)c1ccccc1";"Inhibition";"'='";"91.0";"%";"";"";"";"UO_0000187";"";"";"";"";"0";"CHEMBL826627";"Compound was evaluated for the inhibition of MAP-rich tubulin polymerisation at 0.3 uM";"F";"BAO_0000019";"assay format";"None";"None";"None";"None";"None";"";"";"";"CHEMBL3186";"Beta tubulin";"Leishmania donovani";"SINGLE PROTEIN";"CHEMBL1137168";"1";"Scientific Literature";"Bioorg Med Chem Lett";"2004";"None";"";"";""
"CHEMBL187414";"";"None";"403.46";"0";"3.02";"2a";"CCOC(=O)Nc1ccc(S(=O)(=O)N2C[C@H](c3ccccc3)NC2=O)cc1C";"IC50";"'='";"6000.0";"nM";"5.22";"";"";"UO_0000065";"";"";"";"";"0";"CHEMBL833941";"Compound was tested for inhibition of tubulin polymerisation";"F";"BAO_0000019";"assay format";"None";"None";"None";"None";"None";"";"";"";"CHEMBL3186";"Beta tubulin";"Leishmania donovani";"SINGLE PROTEIN";"CHEMBL1138726";"1";"Scientific Literature";"Bioorg Med Chem Lett";"2004";"None";"";"";""
"CHEMBL182109";"";"None";"611.85";"2";"5.27";"12d";"CN[C@H](C(=O)N[C@H](C(=O)N(C)[C@H](/C=C(\C)C(=O)O)C(C)C)C(C)(C)SCc1ccc(OC)cc1)C(C)(C)c1ccccc1";"Inhibition";"'='";"94.0";"%";"";"";"";"UO_0000187";"";"";"";"";"0";"CHEMBL826627";"Compound was evaluated for the inhibition of MAP-rich tubulin polymerisation at 0.3 uM";"F";"BAO_0000019";"assay format";"None";"None";"None";"None";"None";"";"";"";"CHEMBL3186";"Beta tubulin";"Leishmania donovani";"SINGLE PROTEIN";"CHEMBL1137168";"1";"Scientific Literature";"Bioorg Med Chem Lett";"2004";"None";"";"";""
"CHEMBL190702";"";"None";"443.51";"0";"3.00";"1k";"O=C(c1ccco1)N1CCc2cc(S(=O)(=O)N3CC(c4cccs4)NC3=O)ccc21";"IC50";"'='";"4000.0";"nM";"5.40";"";"";"UO_0000065";"";"";"";"";"0";"CHEMBL833941";"Compound was tested for inhibition of tubulin polymerisation";"F";"BAO_0000019";"assay format";"None";"None";"None";"None";"None";"";"";"";"CHEMBL3186";"Beta tubulin";"Leishmania donovani";"SINGLE PROTEIN";"CHEMBL1138726";"1";"Scientific Literature";"Bioorg Med Chem Lett";"2004";"None";"";"";""
