"Molecule ChEMBL ID";"Molecule Name";"Molecule Max Phase";"Molecular Weight";"#RO5 Violations";"AlogP";"Compound Key";"Smiles";"Standard Type";"Standard Relation";"Standard Value";"Standard Units";"pChEMBL Value";"Data Validity Comment";"Comment";"Uo Units";"Ligand Efficiency BEI";"Ligand Efficiency LE";"Ligand Efficiency LLE";"Ligand Efficiency SEI";"Potential Duplicate";"Assay ChEMBL ID";"Assay Description";"Assay Type";"BAO Format ID";"BAO Label";"Assay Organism";"Assay Tissue ChEMBL ID";"Assay Tissue Name";"Assay Cell Type";"Assay Subcellular Fraction";"Assay Parameters";"Assay Variant Accession";"Assay Variant Mutation";"Target ChEMBL ID";"Target Name";"Target Organism";"Target Type";"Document ChEMBL ID";"Source ID";"Source Description";"Document Journal";"Document Year";"Cell ChEMBL ID";"Properties";"Action Type";"Standard Text Value"
"CHEMBL31088";"DEOXIEPINEPHRINE";"None";"167.21";"0";"0.86";"SID90341311";"CNCCc1ccc(O)c(O)c1";"Potency";"";"23934.1";"nM";"";"";"inconclusive";"UO_0000065";"";"";"";"";"0";"CHEMBL1738570";"PUBCHEM_BIOASSAY: qHTS Validation Assay to Find Inhibitors of Phosphoglycerate Mutase. (Class of assay: confirmatory) [Related pubchem assays (depositor defined):AID504639]";"F";"BAO_0000019";"assay format";"Leishmania major strain Friedlin";"None";"None";"None";"None";"";"";"";"CHEMBL1741202";"2,3-bisphosphoglycerate-independent phosphoglycerate mutase";"Leishmania major";"SINGLE PROTEIN";"CHEMBL1201862";"7";"PubChem BioAssays";"";"";"None";"";"";""
"CHEMBL28";"APIGENIN";"None";"270.24";"0";"2.58";"SID90341029";"O=c1cc(-c2ccc(O)cc2)oc2cc(O)cc(O)c12";"Potency";"";"19011.5";"nM";"";"";"inconclusive";"UO_0000065";"";"";"";"";"0";"CHEMBL1738570";"PUBCHEM_BIOASSAY: qHTS Validation Assay to Find Inhibitors of Phosphoglycerate Mutase. (Class of assay: confirmatory) [Related pubchem assays (depositor defined):AID504639]";"F";"BAO_0000019";"assay format";"Leishmania major strain Friedlin";"None";"None";"None";"None";"";"";"";"CHEMBL1741202";"2,3-bisphosphoglycerate-independent phosphoglycerate mutase";"Leishmania major";"SINGLE PROTEIN";"CHEMBL1201862";"7";"PubChem BioAssays";"";"";"None";"";"";""
"CHEMBL275938";"AURINTRICARBOXYLIC ACID";"None";"422.35";"0";"2.45";"SID90341082";"O=C(O)C1=CC(=C(c2ccc(O)c(C(=O)O)c2)c2ccc(O)c(C(=O)O)c2)C=CC1=O";"Potency";"";"30131.3";"nM";"";"";"inconclusive";"UO_0000065";"";"";"";"";"0";"CHEMBL1738570";"PUBCHEM_BIOASSAY: qHTS Validation Assay to Find Inhibitors of Phosphoglycerate Mutase. (Class of assay: confirmatory) [Related pubchem assays (depositor defined):AID504639]";"F";"BAO_0000019";"assay format";"Leishmania major strain Friedlin";"None";"None";"None";"None";"";"";"";"CHEMBL1741202";"2,3-bisphosphoglycerate-independent phosphoglycerate mutase";"Leishmania major";"SINGLE PROTEIN";"CHEMBL1201862";"7";"PubChem BioAssays";"";"";"None";"";"";""
"CHEMBL1188627";"";"None";"267.36";"0";"3.13";"SID90341338";"C/N=c1/nc(-c2ccccc2)n(-c2ccccc2)s1";"Potency";"";"21331.3";"nM";"";"";"inconclusive";"UO_0000065";"";"";"";"";"0";"CHEMBL1738570";"PUBCHEM_BIOASSAY: qHTS Validation Assay to Find Inhibitors of Phosphoglycerate Mutase. (Class of assay: confirmatory) [Related pubchem assays (depositor defined):AID504639]";"F";"BAO_0000019";"assay format";"Leishmania major strain Friedlin";"None";"None";"None";"None";"";"";"";"CHEMBL1741202";"2,3-bisphosphoglycerate-independent phosphoglycerate mutase";"Leishmania major";"SINGLE PROTEIN";"CHEMBL1201862";"7";"PubChem BioAssays";"";"";"None";"";"";""
"CHEMBL51085";"EBSELEN";"3.0";"274.18";"None";"None";"SID90341336";"O=c1c2ccccc2[se]n1-c1ccccc1";"Potency";"";"7568.6";"nM";"";"";"Active";"UO_0000065";"";"";"";"";"0";"CHEMBL1738570";"PUBCHEM_BIOASSAY: qHTS Validation Assay to Find Inhibitors of Phosphoglycerate Mutase. (Class of assay: confirmatory) [Related pubchem assays (depositor defined):AID504639]";"F";"BAO_0000019";"assay format";"Leishmania major strain Friedlin";"None";"None";"None";"None";"";"";"";"CHEMBL1741202";"2,3-bisphosphoglycerate-independent phosphoglycerate mutase";"Leishmania major";"SINGLE PROTEIN";"CHEMBL1201862";"7";"PubChem BioAssays";"";"";"None";"";"";""
"CHEMBL174271";"";"None";"573.64";"None";"None";"SID90340741";"";"Potency";"";"37933.0";"nM";"";"";"inconclusive";"UO_0000065";"";"";"";"";"0";"CHEMBL1738570";"PUBCHEM_BIOASSAY: qHTS Validation Assay to Find Inhibitors of Phosphoglycerate Mutase. (Class of assay: confirmatory) [Related pubchem assays (depositor defined):AID504639]";"F";"BAO_0000019";"assay format";"Leishmania major strain Friedlin";"None";"None";"None";"None";"";"";"";"CHEMBL1741202";"2,3-bisphosphoglycerate-independent phosphoglycerate mutase";"Leishmania major";"SINGLE PROTEIN";"CHEMBL1201862";"7";"PubChem BioAssays";"";"";"None";"";"";""
"CHEMBL434";"ISOPROTERENOL";"4.0";"211.26";"0";"1.13";"SID90340610";"CC(C)NCC(O)c1ccc(O)c(O)c1";"Potency";"";"23934.1";"nM";"";"";"inconclusive";"UO_0000065";"";"";"";"";"0";"CHEMBL1738570";"PUBCHEM_BIOASSAY: qHTS Validation Assay to Find Inhibitors of Phosphoglycerate Mutase. (Class of assay: confirmatory) [Related pubchem assays (depositor defined):AID504639]";"F";"BAO_0000019";"assay format";"Leishmania major strain Friedlin";"None";"None";"None";"None";"";"";"";"CHEMBL1741202";"2,3-bisphosphoglycerate-independent phosphoglycerate mutase";"Leishmania major";"SINGLE PROTEIN";"CHEMBL1201862";"7";"PubChem BioAssays";"";"";"None";"";"";""
"CHEMBL415";"CLOMIPRAMINE";"4.0";"314.86";"0";"4.53";"SID90340575";"CN(C)CCCN1c2ccccc2CCc2ccc(Cl)cc21";"Potency";"";"47.8";"nM";"";"";"inconclusive";"UO_0000065";"";"";"";"";"0";"CHEMBL1738570";"PUBCHEM_BIOASSAY: qHTS Validation Assay to Find Inhibitors of Phosphoglycerate Mutase. (Class of assay: confirmatory) [Related pubchem assays (depositor defined):AID504639]";"F";"BAO_0000019";"assay format";"Leishmania major strain Friedlin";"None";"None";"None";"None";"";"";"";"CHEMBL1741202";"2,3-bisphosphoglycerate-independent phosphoglycerate mutase";"Leishmania major";"SINGLE PROTEIN";"CHEMBL1201862";"7";"PubChem BioAssays";"";"";"None";"";"";""
"CHEMBL88612";"";"None";"195.26";"0";"3.56";"SID90341151";"Cc1cccc(/C=C/c2ccccc2)n1";"Potency";"";"23934.1";"nM";"";"";"inconclusive";"UO_0000065";"";"";"";"";"0";"CHEMBL1738570";"PUBCHEM_BIOASSAY: qHTS Validation Assay to Find Inhibitors of Phosphoglycerate Mutase. (Class of assay: confirmatory) [Related pubchem assays (depositor defined):AID504639]";"F";"BAO_0000019";"assay format";"Leishmania major strain Friedlin";"None";"None";"None";"None";"";"";"";"CHEMBL1741202";"2,3-bisphosphoglycerate-independent phosphoglycerate mutase";"Leishmania major";"SINGLE PROTEIN";"CHEMBL1201862";"7";"PubChem BioAssays";"";"";"None";"";"";""
"CHEMBL1725279";"SP-600125";"None";"220.23";"0";"4.43";"SID90341633";"Oc1c2ccccc2c2c3c(cccc13)N=N2";"Potency";"";"21331.3";"nM";"";"";"Active";"UO_0000065";"";"";"";"";"0";"CHEMBL1738570";"PUBCHEM_BIOASSAY: qHTS Validation Assay to Find Inhibitors of Phosphoglycerate Mutase. (Class of assay: confirmatory) [Related pubchem assays (depositor defined):AID504639]";"F";"BAO_0000019";"assay format";"Leishmania major strain Friedlin";"None";"None";"None";"None";"";"";"";"CHEMBL1741202";"2,3-bisphosphoglycerate-independent phosphoglycerate mutase";"Leishmania major";"SINGLE PROTEIN";"CHEMBL1201862";"7";"PubChem BioAssays";"";"";"None";"";"";""
"CHEMBL601364";"";"None";"361.53";"1";"5.53";"SID90341734";"CC[n+]1c(C=CC=C2N(C)c3ccccc3C2(C)C)sc2ccccc21";"Potency";"";"19011.5";"nM";"";"";"Active";"UO_0000065";"";"";"";"";"0";"CHEMBL1738570";"PUBCHEM_BIOASSAY: qHTS Validation Assay to Find Inhibitors of Phosphoglycerate Mutase. (Class of assay: confirmatory) [Related pubchem assays (depositor defined):AID504639]";"F";"BAO_0000019";"assay format";"Leishmania major strain Friedlin";"None";"None";"None";"None";"";"";"";"CHEMBL1741202";"2,3-bisphosphoglycerate-independent phosphoglycerate mutase";"Leishmania major";"SINGLE PROTEIN";"CHEMBL1201862";"7";"PubChem BioAssays";"";"";"None";"";"";""
"CHEMBL1160723";"LEVISOPRENALINE";"2.0";"211.26";"0";"1.13";"SID90340747";"CC(C)NC[C@H](O)c1ccc(O)c(O)c1";"Potency";"";"33807.8";"nM";"";"";"inconclusive";"UO_0000065";"";"";"";"";"0";"CHEMBL1738570";"PUBCHEM_BIOASSAY: qHTS Validation Assay to Find Inhibitors of Phosphoglycerate Mutase. (Class of assay: confirmatory) [Related pubchem assays (depositor defined):AID504639]";"F";"BAO_0000019";"assay format";"Leishmania major strain Friedlin";"None";"None";"None";"None";"";"";"";"CHEMBL1741202";"2,3-bisphosphoglycerate-independent phosphoglycerate mutase";"Leishmania major";"SINGLE PROTEIN";"CHEMBL1201862";"7";"PubChem BioAssays";"";"";"None";"";"";""
"CHEMBL85139";"RUTAECARPINE";"None";"287.32";"0";"3.10";"SID90341446";"O=c1c2ccccc2nc2n1CCc1c-2[nH]c2ccccc12";"Potency";"";"23934.1";"nM";"";"";"inconclusive";"UO_0000065";"";"";"";"";"0";"CHEMBL1738570";"PUBCHEM_BIOASSAY: qHTS Validation Assay to Find Inhibitors of Phosphoglycerate Mutase. (Class of assay: confirmatory) [Related pubchem assays (depositor defined):AID504639]";"F";"BAO_0000019";"assay format";"Leishmania major strain Friedlin";"None";"None";"None";"None";"";"";"";"CHEMBL1741202";"2,3-bisphosphoglycerate-independent phosphoglycerate mutase";"Leishmania major";"SINGLE PROTEIN";"CHEMBL1201862";"7";"PubChem BioAssays";"";"";"None";"";"";""
"CHEMBL129795";"ISOLIQUIRITIGENIN";"None";"256.26";"0";"2.70";"1";"O=C(/C=C/c1ccc(O)cc1)c1ccc(O)cc1O";"Potency";"";"37933.0";"nM";"";"";"inconclusive";"UO_0000065";"";"";"";"";"0";"CHEMBL1738570";"PUBCHEM_BIOASSAY: qHTS Validation Assay to Find Inhibitors of Phosphoglycerate Mutase. (Class of assay: confirmatory) [Related pubchem assays (depositor defined):AID504639]";"F";"BAO_0000019";"assay format";"Leishmania major strain Friedlin";"None";"None";"None";"None";"";"";"";"CHEMBL1741202";"2,3-bisphosphoglycerate-independent phosphoglycerate mutase";"Leishmania major";"SINGLE PROTEIN";"CHEMBL1201862";"7";"PubChem BioAssays";"";"";"None";"";"";""
"CHEMBL575867";"4-CHLOROMERCURIBENZOIC ACID";"None";"357.16";"None";"None";"SID90341247";"";"Potency";"";"37933.0";"nM";"";"";"inconclusive";"UO_0000065";"";"";"";"";"0";"CHEMBL1738570";"PUBCHEM_BIOASSAY: qHTS Validation Assay to Find Inhibitors of Phosphoglycerate Mutase. (Class of assay: confirmatory) [Related pubchem assays (depositor defined):AID504639]";"F";"BAO_0000019";"assay format";"Leishmania major strain Friedlin";"None";"None";"None";"None";"";"";"";"CHEMBL1741202";"2,3-bisphosphoglycerate-independent phosphoglycerate mutase";"Leishmania major";"SINGLE PROTEIN";"CHEMBL1201862";"7";"PubChem BioAssays";"";"";"None";"";"";""
"CHEMBL258805";"SU-9516";"1.0";"241.25";"0";"1.91";"SID90341527";"COc1ccc2c(c1)/C(=C/c1cnc[nH]1)C(=O)N2";"Potency";"";"26854.5";"nM";"";"";"inconclusive";"UO_0000065";"";"";"";"";"0";"CHEMBL1738570";"PUBCHEM_BIOASSAY: qHTS Validation Assay to Find Inhibitors of Phosphoglycerate Mutase. (Class of assay: confirmatory) [Related pubchem assays (depositor defined):AID504639]";"F";"BAO_0000019";"assay format";"Leishmania major strain Friedlin";"None";"None";"None";"None";"";"";"";"CHEMBL1741202";"2,3-bisphosphoglycerate-independent phosphoglycerate mutase";"Leishmania major";"SINGLE PROTEIN";"CHEMBL1201862";"7";"PubChem BioAssays";"";"";"None";"";"";""
"CHEMBL1551767";"";"None";"272.39";"0";"4.64";"SID90341412";"O=C1/C(=C/c2ccsc2)CC/C1=C\c1cccs1";"Potency";"";"37933.0";"nM";"";"";"inconclusive";"UO_0000065";"";"";"";"";"0";"CHEMBL1738570";"PUBCHEM_BIOASSAY: qHTS Validation Assay to Find Inhibitors of Phosphoglycerate Mutase. (Class of assay: confirmatory) [Related pubchem assays (depositor defined):AID504639]";"F";"BAO_0000019";"assay format";"Leishmania major strain Friedlin";"None";"None";"None";"None";"";"";"";"CHEMBL1741202";"2,3-bisphosphoglycerate-independent phosphoglycerate mutase";"Leishmania major";"SINGLE PROTEIN";"CHEMBL1201862";"7";"PubChem BioAssays";"";"";"None";"";"";""
"CHEMBL58";"MITOXANTRONE";"4.0";"444.49";"1";"-0.14";"SID90341083";"O=C1c2c(O)ccc(O)c2C(=O)c2c(NCCNCCO)ccc(NCCNCCO)c21";"Potency";"";"23934.1";"nM";"";"";"inconclusive";"UO_0000065";"";"";"";"";"0";"CHEMBL1738570";"PUBCHEM_BIOASSAY: qHTS Validation Assay to Find Inhibitors of Phosphoglycerate Mutase. (Class of assay: confirmatory) [Related pubchem assays (depositor defined):AID504639]";"F";"BAO_0000019";"assay format";"Leishmania major strain Friedlin";"None";"None";"None";"None";"";"";"";"CHEMBL1741202";"2,3-bisphosphoglycerate-independent phosphoglycerate mutase";"Leishmania major";"SINGLE PROTEIN";"CHEMBL1201862";"7";"PubChem BioAssays";"";"";"None";"";"";""
"CHEMBL7568";"QUINACRINE";"2.0";"399.97";"1";"5.97";"SID90341425";"CCN(CC)CCCC(C)Nc1c2ccc(Cl)cc2nc2ccc(OC)cc12";"Potency";"";"5358.2";"nM";"";"";"inconclusive";"UO_0000065";"";"";"";"";"0";"CHEMBL1738570";"PUBCHEM_BIOASSAY: qHTS Validation Assay to Find Inhibitors of Phosphoglycerate Mutase. (Class of assay: confirmatory) [Related pubchem assays (depositor defined):AID504639]";"F";"BAO_0000019";"assay format";"Leishmania major strain Friedlin";"None";"None";"None";"None";"";"";"";"CHEMBL1741202";"2,3-bisphosphoglycerate-independent phosphoglycerate mutase";"Leishmania major";"SINGLE PROTEIN";"CHEMBL1201862";"7";"PubChem BioAssays";"";"";"None";"";"";""
"CHEMBL106516";"THIOCITRULLINE";"None";"205.28";"0";"0.07";"SID90340870";"CSC(=N)NCCC[C@H](N)C(=O)O";"Potency";"";"16.9";"nM";"";"";"inconclusive";"UO_0000065";"";"";"";"";"0";"CHEMBL1738570";"PUBCHEM_BIOASSAY: qHTS Validation Assay to Find Inhibitors of Phosphoglycerate Mutase. (Class of assay: confirmatory) [Related pubchem assays (depositor defined):AID504639]";"F";"BAO_0000019";"assay format";"Leishmania major strain Friedlin";"None";"None";"None";"None";"";"";"";"CHEMBL1741202";"2,3-bisphosphoglycerate-independent phosphoglycerate mutase";"Leishmania major";"SINGLE PROTEIN";"CHEMBL1201862";"7";"PubChem BioAssays";"";"";"None";"";"";""
"CHEMBL1160025";"";"None";"774.17";"3";"3.85";"SID90341648";"Nc1c(S(=O)(=O)O)cc(Nc2ccc(Nc3nc(Cl)nc(Nc4ccc(S(=O)(=O)O)cc4)n3)c(S(=O)(=O)O)c2)c2c1C(=O)c1ccccc1C2=O";"Potency";"";"37933.0";"nM";"";"";"inconclusive";"UO_0000065";"";"";"";"";"0";"CHEMBL1738570";"PUBCHEM_BIOASSAY: qHTS Validation Assay to Find Inhibitors of Phosphoglycerate Mutase. (Class of assay: confirmatory) [Related pubchem assays (depositor defined):AID504639]";"F";"BAO_0000019";"assay format";"Leishmania major strain Friedlin";"None";"None";"None";"None";"";"";"";"CHEMBL1741202";"2,3-bisphosphoglycerate-independent phosphoglycerate mutase";"Leishmania major";"SINGLE PROTEIN";"CHEMBL1201862";"7";"PubChem BioAssays";"";"";"None";"";"";""
"CHEMBL289277";"EMODIN";"None";"270.24";"0";"1.89";"SID90340961";"Cc1cc(O)c2c(c1)C(=O)c1cc(O)cc(O)c1C2=O";"Potency";"";"37933.0";"nM";"";"";"inconclusive";"UO_0000065";"";"";"";"";"0";"CHEMBL1738570";"PUBCHEM_BIOASSAY: qHTS Validation Assay to Find Inhibitors of Phosphoglycerate Mutase. (Class of assay: confirmatory) [Related pubchem assays (depositor defined):AID504639]";"F";"BAO_0000019";"assay format";"Leishmania major strain Friedlin";"None";"None";"None";"None";"";"";"";"CHEMBL1741202";"2,3-bisphosphoglycerate-independent phosphoglycerate mutase";"Leishmania major";"SINGLE PROTEIN";"CHEMBL1201862";"7";"PubChem BioAssays";"";"";"None";"";"";""
"CHEMBL16687";"CGS-15943";"None";"285.69";"0";"2.77";"SID90341657";"Nc1nc2ccc(Cl)cc2c2nc(-c3ccco3)nn12";"Potency";"";"21331.3";"nM";"";"";"inconclusive";"UO_0000065";"";"";"";"";"0";"CHEMBL1738570";"PUBCHEM_BIOASSAY: qHTS Validation Assay to Find Inhibitors of Phosphoglycerate Mutase. (Class of assay: confirmatory) [Related pubchem assays (depositor defined):AID504639]";"F";"BAO_0000019";"assay format";"Leishmania major strain Friedlin";"None";"None";"None";"None";"";"";"";"CHEMBL1741202";"2,3-bisphosphoglycerate-independent phosphoglycerate mutase";"Leishmania major";"SINGLE PROTEIN";"CHEMBL1201862";"7";"PubChem BioAssays";"";"";"None";"";"";""
"CHEMBL596674";"";"None";"331.46";"1";"5.32";"SID90340872";"CC(C)N(CCC(=O)c1ccc2ccccc2c1)Cc1ccccc1";"Potency";"";"37933.0";"nM";"";"";"inconclusive";"UO_0000065";"";"";"";"";"0";"CHEMBL1738570";"PUBCHEM_BIOASSAY: qHTS Validation Assay to Find Inhibitors of Phosphoglycerate Mutase. (Class of assay: confirmatory) [Related pubchem assays (depositor defined):AID504639]";"F";"BAO_0000019";"assay format";"Leishmania major strain Friedlin";"None";"None";"None";"None";"";"";"";"CHEMBL1741202";"2,3-bisphosphoglycerate-independent phosphoglycerate mutase";"Leishmania major";"SINGLE PROTEIN";"CHEMBL1201862";"7";"PubChem BioAssays";"";"";"None";"";"";""
"CHEMBL13045";"CHELERYTHRINE";"None";"348.38";"0";"3.72";"SID90340614";"COc1ccc2c(c[n+](C)c3c4cc5c(cc4ccc23)OCO5)c1OC";"Potency";"";"15101.4";"nM";"";"";"inconclusive";"UO_0000065";"";"";"";"";"0";"CHEMBL1738570";"PUBCHEM_BIOASSAY: qHTS Validation Assay to Find Inhibitors of Phosphoglycerate Mutase. (Class of assay: confirmatory) [Related pubchem assays (depositor defined):AID504639]";"F";"BAO_0000019";"assay format";"Leishmania major strain Friedlin";"None";"None";"None";"None";"";"";"";"CHEMBL1741202";"2,3-bisphosphoglycerate-independent phosphoglycerate mutase";"Leishmania major";"SINGLE PROTEIN";"CHEMBL1201862";"7";"PubChem BioAssays";"";"";"None";"";"";""
"CHEMBL88553";"";"None";"213.24";"0";"3.51";"SID90340963";"Cc1ccc(O)c(/N=N/c2ccccc2)n1";"Potency";"";"10691.0";"nM";"";"";"Active";"UO_0000065";"";"";"";"";"0";"CHEMBL1738570";"PUBCHEM_BIOASSAY: qHTS Validation Assay to Find Inhibitors of Phosphoglycerate Mutase. (Class of assay: confirmatory) [Related pubchem assays (depositor defined):AID504639]";"F";"BAO_0000019";"assay format";"Leishmania major strain Friedlin";"None";"None";"None";"None";"";"";"";"CHEMBL1741202";"2,3-bisphosphoglycerate-independent phosphoglycerate mutase";"Leishmania major";"SINGLE PROTEIN";"CHEMBL1201862";"7";"PubChem BioAssays";"";"";"None";"";"";""
"CHEMBL425294";"";"None";"478.55";"1";"5.18";"SID90341802";"O=C1c2ccccc2C(=O)c2c(NCCc3ccc(O)cc3)ccc(NCCc3ccc(O)cc3)c21";"Potency";"";"23934.1";"nM";"";"";"inconclusive";"UO_0000065";"";"";"";"";"0";"CHEMBL1738570";"PUBCHEM_BIOASSAY: qHTS Validation Assay to Find Inhibitors of Phosphoglycerate Mutase. (Class of assay: confirmatory) [Related pubchem assays (depositor defined):AID504639]";"F";"BAO_0000019";"assay format";"Leishmania major strain Friedlin";"None";"None";"None";"None";"";"";"";"CHEMBL1741202";"2,3-bisphosphoglycerate-independent phosphoglycerate mutase";"Leishmania major";"SINGLE PROTEIN";"CHEMBL1201862";"7";"PubChem BioAssays";"";"";"None";"";"";""
"CHEMBL718";"METHYLDOPA (RACEMIC)";"1.0";"211.22";"0";"0.44";"SID90340754";"CC(N)(Cc1ccc(O)c(O)c1)C(=O)O";"Potency";"";"30131.3";"nM";"";"";"inconclusive";"UO_0000065";"";"";"";"";"0";"CHEMBL1738570";"PUBCHEM_BIOASSAY: qHTS Validation Assay to Find Inhibitors of Phosphoglycerate Mutase. (Class of assay: confirmatory) [Related pubchem assays (depositor defined):AID504639]";"F";"BAO_0000019";"assay format";"Leishmania major strain Friedlin";"None";"None";"None";"None";"";"";"";"CHEMBL1741202";"2,3-bisphosphoglycerate-independent phosphoglycerate mutase";"Leishmania major";"SINGLE PROTEIN";"CHEMBL1201862";"7";"PubChem BioAssays";"";"";"None";"";"";""
"CHEMBL459";"METHYLDOPA";"4.0";"211.22";"0";"0.44";"SID90341702";"C[C@](N)(Cc1ccc(O)c(O)c1)C(=O)O";"Potency";"";"37933.0";"nM";"";"";"inconclusive";"UO_0000065";"";"";"";"";"0";"CHEMBL1738570";"PUBCHEM_BIOASSAY: qHTS Validation Assay to Find Inhibitors of Phosphoglycerate Mutase. (Class of assay: confirmatory) [Related pubchem assays (depositor defined):AID504639]";"F";"BAO_0000019";"assay format";"Leishmania major strain Friedlin";"None";"None";"None";"None";"";"";"";"CHEMBL1741202";"2,3-bisphosphoglycerate-independent phosphoglycerate mutase";"Leishmania major";"SINGLE PROTEIN";"CHEMBL1201862";"7";"PubChem BioAssays";"";"";"None";"";"";""
"CHEMBL126077";"INDIRUBIN-3-MONOXIME";"None";"277.28";"0";"4.42";"SID90340596";"O=Nc1c(-c2c(O)[nH]c3ccccc23)[nH]c2ccccc12";"Potency";"";"37933.0";"nM";"";"";"inconclusive";"UO_0000065";"";"";"";"";"0";"CHEMBL1738570";"PUBCHEM_BIOASSAY: qHTS Validation Assay to Find Inhibitors of Phosphoglycerate Mutase. (Class of assay: confirmatory) [Related pubchem assays (depositor defined):AID504639]";"F";"BAO_0000019";"assay format";"Leishmania major strain Friedlin";"None";"None";"None";"None";"";"";"";"CHEMBL1741202";"2,3-bisphosphoglycerate-independent phosphoglycerate mutase";"Leishmania major";"SINGLE PROTEIN";"CHEMBL1201862";"7";"PubChem BioAssays";"";"";"None";"";"";""
"CHEMBL288096";"";"None";"311.38";"0";"3.34";"SID90340698";"CCCN1CCc2cc(O)cc3c2[C@H]1Cc1ccc(O)c(O)c1-3";"Potency";"";"37933.0";"nM";"";"";"inconclusive";"UO_0000065";"";"";"";"";"0";"CHEMBL1738570";"PUBCHEM_BIOASSAY: qHTS Validation Assay to Find Inhibitors of Phosphoglycerate Mutase. (Class of assay: confirmatory) [Related pubchem assays (depositor defined):AID504639]";"F";"BAO_0000019";"assay format";"Leishmania major strain Friedlin";"None";"None";"None";"None";"";"";"";"CHEMBL1741202";"2,3-bisphosphoglycerate-independent phosphoglycerate mutase";"Leishmania major";"SINGLE PROTEIN";"CHEMBL1201862";"7";"PubChem BioAssays";"";"";"None";"";"";""
"CHEMBL1201213";"ISOETHARINE";"4.0";"239.31";"0";"1.91";"SID90341304";"CCC(NC(C)C)C(O)c1ccc(O)c(O)c1";"Potency";"";"37933.0";"nM";"";"";"inconclusive";"UO_0000065";"";"";"";"";"0";"CHEMBL1738570";"PUBCHEM_BIOASSAY: qHTS Validation Assay to Find Inhibitors of Phosphoglycerate Mutase. (Class of assay: confirmatory) [Related pubchem assays (depositor defined):AID504639]";"F";"BAO_0000019";"assay format";"Leishmania major strain Friedlin";"None";"None";"None";"None";"";"";"";"CHEMBL1741202";"2,3-bisphosphoglycerate-independent phosphoglycerate mutase";"Leishmania major";"SINGLE PROTEIN";"CHEMBL1201862";"7";"PubChem BioAssays";"";"";"None";"";"";""
"CHEMBL59";"DOPAMINE";"4.0";"153.18";"0";"0.60";"SID90341661";"NCCc1ccc(O)c(O)c1";"Potency";"";"23934.1";"nM";"";"";"inconclusive";"UO_0000065";"";"";"";"";"0";"CHEMBL1738570";"PUBCHEM_BIOASSAY: qHTS Validation Assay to Find Inhibitors of Phosphoglycerate Mutase. (Class of assay: confirmatory) [Related pubchem assays (depositor defined):AID504639]";"F";"BAO_0000019";"assay format";"Leishmania major strain Friedlin";"None";"None";"None";"None";"";"";"";"CHEMBL1741202";"2,3-bisphosphoglycerate-independent phosphoglycerate mutase";"Leishmania major";"SINGLE PROTEIN";"CHEMBL1201862";"7";"PubChem BioAssays";"";"";"None";"";"";""
"CHEMBL19130";"";"None";"283.33";"0";"2.56";"SID90340939";"CN1CCc2cc(O)cc3c2[C@H]1Cc1ccc(O)c(O)c1-3";"Potency";"";"19011.5";"nM";"";"";"inconclusive";"UO_0000065";"";"";"";"";"0";"CHEMBL1738570";"PUBCHEM_BIOASSAY: qHTS Validation Assay to Find Inhibitors of Phosphoglycerate Mutase. (Class of assay: confirmatory) [Related pubchem assays (depositor defined):AID504639]";"F";"BAO_0000019";"assay format";"Leishmania major strain Friedlin";"None";"None";"None";"None";"";"";"";"CHEMBL1741202";"2,3-bisphosphoglycerate-independent phosphoglycerate mutase";"Leishmania major";"SINGLE PROTEIN";"CHEMBL1201862";"7";"PubChem BioAssays";"";"";"None";"";"";""
"CHEMBL1357488";"";"None";"198.23";"0";"1.87";"SID90341808";"CCCC1(C)C(C#N)(C#N)C1(C#N)C#N";"Potency";"";"15.1";"nM";"";"";"inconclusive";"UO_0000065";"";"";"";"";"0";"CHEMBL1738570";"PUBCHEM_BIOASSAY: qHTS Validation Assay to Find Inhibitors of Phosphoglycerate Mutase. (Class of assay: confirmatory) [Related pubchem assays (depositor defined):AID504639]";"F";"BAO_0000019";"assay format";"Leishmania major strain Friedlin";"None";"None";"None";"None";"";"";"";"CHEMBL1741202";"2,3-bisphosphoglycerate-independent phosphoglycerate mutase";"Leishmania major";"SINGLE PROTEIN";"CHEMBL1201862";"7";"PubChem BioAssays";"";"";"None";"";"";""
"CHEMBL51483";"GOSSYPOL";"3.0";"518.56";"3";"6.38";"SID90341416";"Cc1cc2c(C(C)C)c(O)c(O)c(C=O)c2c(O)c1-c1c(C)cc2c(C(C)C)c(O)c(O)c(C=O)c2c1O";"Potency";"";"15.1";"nM";"";"";"inconclusive";"UO_0000065";"";"";"";"";"0";"CHEMBL1738570";"PUBCHEM_BIOASSAY: qHTS Validation Assay to Find Inhibitors of Phosphoglycerate Mutase. (Class of assay: confirmatory) [Related pubchem assays (depositor defined):AID504639]";"F";"BAO_0000019";"assay format";"Leishmania major strain Friedlin";"None";"None";"None";"None";"";"";"";"CHEMBL1741202";"2,3-bisphosphoglycerate-independent phosphoglycerate mutase";"Leishmania major";"SINGLE PROTEIN";"CHEMBL1201862";"7";"PubChem BioAssays";"";"";"None";"";"";""
"CHEMBL1370446";"METIZOLINE";"2.0";"230.34";"0";"2.75";"SID90341028";"Cc1sc2ccccc2c1CC1=NCCN1";"Potency";"";"33807.8";"nM";"";"";"inconclusive";"UO_0000065";"";"";"";"";"0";"CHEMBL1738570";"PUBCHEM_BIOASSAY: qHTS Validation Assay to Find Inhibitors of Phosphoglycerate Mutase. (Class of assay: confirmatory) [Related pubchem assays (depositor defined):AID504639]";"F";"BAO_0000019";"assay format";"Leishmania major strain Friedlin";"None";"None";"None";"None";"";"";"";"CHEMBL1741202";"2,3-bisphosphoglycerate-independent phosphoglycerate mutase";"Leishmania major";"SINGLE PROTEIN";"CHEMBL1201862";"7";"PubChem BioAssays";"";"";"None";"";"";""
"CHEMBL373937";"";"None";"433.72";"0";"4.61";"SID29217668";"Brc1c(Br)c(Br)c2[nH]cnc2c1Br";"Potency";"";"15101.4";"nM";"";"";"inconclusive";"UO_0000065";"";"";"";"";"0";"CHEMBL1738570";"PUBCHEM_BIOASSAY: qHTS Validation Assay to Find Inhibitors of Phosphoglycerate Mutase. (Class of assay: confirmatory) [Related pubchem assays (depositor defined):AID504639]";"F";"BAO_0000019";"assay format";"Leishmania major strain Friedlin";"None";"None";"None";"None";"";"";"";"CHEMBL1741202";"2,3-bisphosphoglycerate-independent phosphoglycerate mutase";"Leishmania major";"SINGLE PROTEIN";"CHEMBL1201862";"7";"PubChem BioAssays";"";"";"None";"";"";""
"CHEMBL66654";"";"None";"193.25";"0";"2.79";"SID90340900";"Cc1cccc(C#Cc2ccccc2)n1";"Potency";"";"23934.1";"nM";"";"";"inconclusive";"UO_0000065";"";"";"";"";"0";"CHEMBL1738570";"PUBCHEM_BIOASSAY: qHTS Validation Assay to Find Inhibitors of Phosphoglycerate Mutase. (Class of assay: confirmatory) [Related pubchem assays (depositor defined):AID504639]";"F";"BAO_0000019";"assay format";"Leishmania major strain Friedlin";"None";"None";"None";"None";"";"";"";"CHEMBL1741202";"2,3-bisphosphoglycerate-independent phosphoglycerate mutase";"Leishmania major";"SINGLE PROTEIN";"CHEMBL1201862";"7";"PubChem BioAssays";"";"";"None";"";"";""
"CHEMBL1367076";"";"None";"287.75";"0";"4.00";"SID90340613";"COc1ccc(NC(=O)/C=C/c2ccc(Cl)cc2)cc1";"Potency";"";"37933.0";"nM";"";"";"inconclusive";"UO_0000065";"";"";"";"";"0";"CHEMBL1738570";"PUBCHEM_BIOASSAY: qHTS Validation Assay to Find Inhibitors of Phosphoglycerate Mutase. (Class of assay: confirmatory) [Related pubchem assays (depositor defined):AID504639]";"F";"BAO_0000019";"assay format";"Leishmania major strain Friedlin";"None";"None";"None";"None";"";"";"";"CHEMBL1741202";"2,3-bisphosphoglycerate-independent phosphoglycerate mutase";"Leishmania major";"SINGLE PROTEIN";"CHEMBL1201862";"7";"PubChem BioAssays";"";"";"None";"";"";""
"CHEMBL355496";"";"None";"356.18";"1";"5.18";"SID90341740";"O=Nc1c(-c2c(O)[nH]c3cc(Br)ccc23)[nH]c2ccccc12";"Potency";"";"21331.3";"nM";"";"";"Active";"UO_0000065";"";"";"";"";"0";"CHEMBL1738570";"PUBCHEM_BIOASSAY: qHTS Validation Assay to Find Inhibitors of Phosphoglycerate Mutase. (Class of assay: confirmatory) [Related pubchem assays (depositor defined):AID504639]";"F";"BAO_0000019";"assay format";"Leishmania major strain Friedlin";"None";"None";"None";"None";"";"";"";"CHEMBL1741202";"2,3-bisphosphoglycerate-independent phosphoglycerate mutase";"Leishmania major";"SINGLE PROTEIN";"CHEMBL1201862";"7";"PubChem BioAssays";"";"";"None";"";"";""
"CHEMBL56393";"";"None";"297.27";"0";"2.30";"SID90340715";"N#C/C(=C\c1ccc(O)c(O)c1)C(=O)c1ccc(O)c(O)c1";"Potency";"";"37933.0";"nM";"";"";"inconclusive";"UO_0000065";"";"";"";"";"0";"CHEMBL1738570";"PUBCHEM_BIOASSAY: qHTS Validation Assay to Find Inhibitors of Phosphoglycerate Mutase. (Class of assay: confirmatory) [Related pubchem assays (depositor defined):AID504639]";"F";"BAO_0000019";"assay format";"Leishmania major strain Friedlin";"None";"None";"None";"None";"";"";"";"CHEMBL1741202";"2,3-bisphosphoglycerate-independent phosphoglycerate mutase";"Leishmania major";"SINGLE PROTEIN";"CHEMBL1201862";"7";"PubChem BioAssays";"";"";"None";"";"";""
"CHEMBL318111";"";"None";"293.37";"0";"3.41";"SID90340982";"C=CCN1CCc2cccc3c2[C@H]1Cc1ccc(O)c(O)c1-3";"Potency";"";"37933.0";"nM";"";"";"inconclusive";"UO_0000065";"";"";"";"";"0";"CHEMBL1738570";"PUBCHEM_BIOASSAY: qHTS Validation Assay to Find Inhibitors of Phosphoglycerate Mutase. (Class of assay: confirmatory) [Related pubchem assays (depositor defined):AID504639]";"F";"BAO_0000019";"assay format";"Leishmania major strain Friedlin";"None";"None";"None";"None";"";"";"";"CHEMBL1741202";"2,3-bisphosphoglycerate-independent phosphoglycerate mutase";"Leishmania major";"SINGLE PROTEIN";"CHEMBL1201862";"7";"PubChem BioAssays";"";"";"None";"";"";""
"CHEMBL288174";"";"None";"582.79";"2";"6.80";"SID90340748";"CCCCOC(=O)NS(=O)(=O)c1sc(CC(C)C)cc1-c1ccc(Cn2c(CC)nc3c(C)cc(C)nc32)cc1";"Potency";"";"13.5";"nM";"";"";"inconclusive";"UO_0000065";"";"";"";"";"0";"CHEMBL1738570";"PUBCHEM_BIOASSAY: qHTS Validation Assay to Find Inhibitors of Phosphoglycerate Mutase. (Class of assay: confirmatory) [Related pubchem assays (depositor defined):AID504639]";"F";"BAO_0000019";"assay format";"Leishmania major strain Friedlin";"None";"None";"None";"None";"";"";"";"CHEMBL1741202";"2,3-bisphosphoglycerate-independent phosphoglycerate mutase";"Leishmania major";"SINGLE PROTEIN";"CHEMBL1201862";"7";"PubChem BioAssays";"";"";"None";"";"";""
"CHEMBL28564";"ELIPRODIL";"2.0";"347.86";"0";"4.47";"SID90340808";"OC(CN1CCC(Cc2ccc(F)cc2)CC1)c1ccc(Cl)cc1";"Potency";"";"10.7";"nM";"";"";"inconclusive";"UO_0000065";"";"";"";"";"0";"CHEMBL1738570";"PUBCHEM_BIOASSAY: qHTS Validation Assay to Find Inhibitors of Phosphoglycerate Mutase. (Class of assay: confirmatory) [Related pubchem assays (depositor defined):AID504639]";"F";"BAO_0000019";"assay format";"Leishmania major strain Friedlin";"None";"None";"None";"None";"";"";"";"CHEMBL1741202";"2,3-bisphosphoglycerate-independent phosphoglycerate mutase";"Leishmania major";"SINGLE PROTEIN";"CHEMBL1201862";"7";"PubChem BioAssays";"";"";"None";"";"";""
"CHEMBL286136";"";"None";"312.80";"0";"2.57";"SID90340665";"COc1cc(N)c(Cl)cc1C(=O)OCCN1CCCCC1";"Potency";"";"53.6";"nM";"";"";"inconclusive";"UO_0000065";"";"";"";"";"0";"CHEMBL1738570";"PUBCHEM_BIOASSAY: qHTS Validation Assay to Find Inhibitors of Phosphoglycerate Mutase. (Class of assay: confirmatory) [Related pubchem assays (depositor defined):AID504639]";"F";"BAO_0000019";"assay format";"Leishmania major strain Friedlin";"None";"None";"None";"None";"";"";"";"CHEMBL1741202";"2,3-bisphosphoglycerate-independent phosphoglycerate mutase";"Leishmania major";"SINGLE PROTEIN";"CHEMBL1201862";"7";"PubChem BioAssays";"";"";"None";"";"";""
