"Molecule ChEMBL ID";"Molecule Name";"Molecule Max Phase";"Molecular Weight";"#RO5 Violations";"AlogP";"Compound Key";"Smiles";"Standard Type";"Standard Relation";"Standard Value";"Standard Units";"pChEMBL Value";"Data Validity Comment";"Comment";"Uo Units";"Ligand Efficiency BEI";"Ligand Efficiency LE";"Ligand Efficiency LLE";"Ligand Efficiency SEI";"Potential Duplicate";"Assay ChEMBL ID";"Assay Description";"Assay Type";"BAO Format ID";"BAO Label";"Assay Organism";"Assay Tissue ChEMBL ID";"Assay Tissue Name";"Assay Cell Type";"Assay Subcellular Fraction";"Assay Parameters";"Assay Variant Accession";"Assay Variant Mutation";"Target ChEMBL ID";"Target Name";"Target Organism";"Target Type";"Document ChEMBL ID";"Source ID";"Source Description";"Document Journal";"Document Year";"Cell ChEMBL ID";"Properties";"Action Type";"Standard Text Value"
"CHEMBL4206570";"";"None";"738.52";"2";"5.01";"Ref 97, Table 2, cpd 4";"Br.Br.O=C1c2cccc3cccc(c23)C(=O)N1CCNCCCCCCCNCCN1C(=O)c2cccc3cccc(c23)C1=O";"IC50";"'='";"5700.0";"nM";"5.24";"";"";"UO_0000065";"9.09";"0.17";"0.23";"5.31";"0";"CHEMBL4185229";"Inhibition of N-terminal His6-tagged recombinant Leishmania infantum SIR2RP1 expressed in Escherichia coli in presence of NAD+ by fluorimetric method";"B";"BAO_0000019";"assay format";"Leishmania infantum";"None";"None";"None";"None";"";"";"";"CHEMBL2311240";"Putative silent information regulator 2";"Leishmania infantum";"SINGLE PROTEIN";"CHEMBL4184137";"1";"Scientific Literature";"J Med Chem";"2017";"None";"";"";""
"CHEMBL4214749";"";"None";"766.57";"2";"5.80";"Ref 97, Table 2, cpd 6";"Br.Br.O=C1c2cccc3cccc(c23)C(=O)N1CCNCCCCCCCCCNCCN1C(=O)c2cccc3cccc(c23)C1=O";"IC50";"'='";"5700.0";"nM";"5.24";"";"";"UO_0000065";"8.67";"0.16";"-0.56";"5.31";"0";"CHEMBL4185229";"Inhibition of N-terminal His6-tagged recombinant Leishmania infantum SIR2RP1 expressed in Escherichia coli in presence of NAD+ by fluorimetric method";"B";"BAO_0000019";"assay format";"Leishmania infantum";"None";"None";"None";"None";"";"";"";"CHEMBL2311240";"Putative silent information regulator 2";"Leishmania infantum";"SINGLE PROTEIN";"CHEMBL4184137";"1";"Scientific Literature";"J Med Chem";"2017";"None";"";"";""
"CHEMBL4205463";"";"None";"834.45";"1";"3.82";"Ref 97, Table 2, cpd 9";"Br.Br.Br.O=C1c2cccc3cccc(c23)C(=O)N1CCNCCCCNCCCNCCN1C(=O)c2cccc3cccc(c23)C1=O";"IC50";"'='";"5700.0";"nM";"5.24";"";"";"UO_0000065";"8.86";"0.16";"1.42";"4.73";"0";"CHEMBL4185229";"Inhibition of N-terminal His6-tagged recombinant Leishmania infantum SIR2RP1 expressed in Escherichia coli in presence of NAD+ by fluorimetric method";"B";"BAO_0000019";"assay format";"Leishmania infantum";"None";"None";"None";"None";"";"";"";"CHEMBL2311240";"Putative silent information regulator 2";"Leishmania infantum";"SINGLE PROTEIN";"CHEMBL4184137";"1";"Scientific Literature";"J Med Chem";"2017";"None";"";"";""
"CHEMBL4205986";"";"None";"972.46";"1";"3.80";"Ref 97, Table 2, cpd 10";"Br.Br.Br.Br.O=C1c2cccc3cccc(c23)C(=O)N1CCNCCCNCCCCNCCCNCCN1C(=O)c2cccc3cccc(c23)C1=O";"IC50";"'='";"5700.0";"nM";"5.24";"";"";"UO_0000065";"8.08";"0.15";"1.44";"4.27";"0";"CHEMBL4185229";"Inhibition of N-terminal His6-tagged recombinant Leishmania infantum SIR2RP1 expressed in Escherichia coli in presence of NAD+ by fluorimetric method";"B";"BAO_0000019";"assay format";"Leishmania infantum";"None";"None";"None";"None";"";"";"";"CHEMBL2311240";"Putative silent information regulator 2";"Leishmania infantum";"SINGLE PROTEIN";"CHEMBL4184137";"1";"Scientific Literature";"J Med Chem";"2017";"None";"";"";""
"CHEMBL4204117";"";"None";"710.47";"1";"4.23";"Ref 97, Table 2, cpd 2";"Br.Br.O=C1c2cccc3cccc(c23)C(=O)N1CCNCCCCCNCCN1C(=O)c2cccc3cccc(c23)C1=O";"IC50";"'='";"5700.0";"nM";"5.24";"";"";"UO_0000065";"9.56";"0.17";"1.01";"5.31";"0";"CHEMBL4185229";"Inhibition of N-terminal His6-tagged recombinant Leishmania infantum SIR2RP1 expressed in Escherichia coli in presence of NAD+ by fluorimetric method";"B";"BAO_0000019";"assay format";"Leishmania infantum";"None";"None";"None";"None";"";"";"";"CHEMBL2311240";"Putative silent information regulator 2";"Leishmania infantum";"SINGLE PROTEIN";"CHEMBL4184137";"1";"Scientific Literature";"J Med Chem";"2017";"None";"";"";""
"CHEMBL4217062";"";"None";"808.66";"2";"6.97";"Ref 97, Table 2, cpd 8";"Br.Br.O=C1c2cccc3cccc(c23)C(=O)N1CCNCCCCCCCCCCCCNCCN1C(=O)c2cccc3cccc(c23)C1=O";"IC50";"'='";"5700.0";"nM";"5.24";"";"";"UO_0000065";"8.11";"0.15";"-1.73";"5.31";"0";"CHEMBL4185229";"Inhibition of N-terminal His6-tagged recombinant Leishmania infantum SIR2RP1 expressed in Escherichia coli in presence of NAD+ by fluorimetric method";"B";"BAO_0000019";"assay format";"Leishmania infantum";"None";"None";"None";"None";"";"";"";"CHEMBL2311240";"Putative silent information regulator 2";"Leishmania infantum";"SINGLE PROTEIN";"CHEMBL4184137";"1";"Scientific Literature";"J Med Chem";"2017";"None";"";"";""
"CHEMBL3040216";"";"None";"1297.30";"None";"None";"Suramin";"CC1=CCC(C(=O)/N=C2\CC=C(S(=O)(=O)O)c3cc(S(=O)(=O)O)cc(S(=O)(=O)O)c32)=C/C1=N/C(=O)C1=CC=C/C(=N\C(=O)/N=C2\C=CC=C(C(=O)/N=C3/CC(C(=O)/N=C4\CC=C(S(=O)(=O)O)c5cc(S(=O)(=O)O)cc(S(=O)(=O)O)c54)=CC=C3C)C2)C1";"IC50";"'='";"7000.0";"nM";"5.16";"";"";"UO_0000065";"3.97";"None";"None";"None";"0";"CHEMBL4185229";"Inhibition of N-terminal His6-tagged recombinant Leishmania infantum SIR2RP1 expressed in Escherichia coli in presence of NAD+ by fluorimetric method";"B";"BAO_0000019";"assay format";"Leishmania infantum";"None";"None";"None";"None";"";"";"";"CHEMBL2311240";"Putative silent information regulator 2";"Leishmania infantum";"SINGLE PROTEIN";"CHEMBL4184137";"1";"Scientific Literature";"J Med Chem";"2017";"None";"";"";""
"CHEMBL4211460";"";"None";"752.55";"2";"5.41";"Ref 97, Table 2, cpd 5";"Br.Br.O=C1c2cccc3cccc(c23)C(=O)N1CCNCCCCCCCCNCCN1C(=O)c2cccc3cccc(c23)C1=O";"IC50";"'='";"5700.0";"nM";"5.24";"";"";"UO_0000065";"8.88";"0.16";"-0.17";"5.31";"0";"CHEMBL4185229";"Inhibition of N-terminal His6-tagged recombinant Leishmania infantum SIR2RP1 expressed in Escherichia coli in presence of NAD+ by fluorimetric method";"B";"BAO_0000019";"assay format";"Leishmania infantum";"None";"None";"None";"None";"";"";"";"CHEMBL2311240";"Putative silent information regulator 2";"Leishmania infantum";"SINGLE PROTEIN";"CHEMBL4184137";"1";"Scientific Literature";"J Med Chem";"2017";"None";"";"";""
"CHEMBL4218232";"";"None";"792.37";"1";"2.65";"Ref 97, Table 2, cpd 12";"Br.Br.Br.O=C1c2cccc3cccc(c23)C(=O)N1CCNCCNCCNCCN1C(=O)c2cccc3cccc(c23)C1=O";"IC50";"'='";"5700.0";"nM";"5.24";"";"";"UO_0000065";"9.54";"0.17";"2.59";"4.73";"0";"CHEMBL4185229";"Inhibition of N-terminal His6-tagged recombinant Leishmania infantum SIR2RP1 expressed in Escherichia coli in presence of NAD+ by fluorimetric method";"B";"BAO_0000019";"assay format";"Leishmania infantum";"None";"None";"None";"None";"";"";"";"CHEMBL2311240";"Putative silent information regulator 2";"Leishmania infantum";"SINGLE PROTEIN";"CHEMBL4184137";"1";"Scientific Literature";"J Med Chem";"2017";"None";"";"";""
"CHEMBL380797";"SIRTINOL";"None";"394.47";"1";"5.79";"Sirtinol";"CC(NC(=O)c1ccccc1/N=C/c1c(O)ccc2ccccc12)c1ccccc1";"IC50";"'='";"193800.0";"nM";"";"Outside typical range";"";"UO_0000065";"";"";"";"";"0";"CHEMBL2320160";"Inhibition of Leishmania infantum SIR2RP1";"B";"BAO_0000357";"single protein format";"Leishmania infantum";"None";"None";"None";"None";"";"";"";"CHEMBL2311240";"Putative silent information regulator 2";"Leishmania infantum";"SINGLE PROTEIN";"CHEMBL2311430";"1";"Scientific Literature";"Eur J Med Chem";"2013";"None";"";"";""
"CHEMBL228002";"BNIPDANON";"None";"632.80";"2";"6.58";"BNIP9";"O=C1c2cccc3cccc(c23)C(=O)N1CCCNCCCCCCCCCNCCCN1C(=O)c2cccc3cccc(c23)C1=O";"IC50";"'='";"5700.0";"nM";"5.24";"";"";"UO_0000065";"8.29";"0.15";"-1.34";"5.31";"0";"CHEMBL2320160";"Inhibition of Leishmania infantum SIR2RP1";"B";"BAO_0000357";"single protein format";"Leishmania infantum";"None";"None";"None";"None";"";"";"";"CHEMBL2311240";"Putative silent information regulator 2";"Leishmania infantum";"SINGLE PROTEIN";"CHEMBL2311430";"1";"Scientific Literature";"Eur J Med Chem";"2013";"None";"";"";""
"CHEMBL228067";"BNIPDAOCT";"None";"618.78";"2";"6.19";"BNIP8";"O=C1c2cccc3cccc(c23)C(=O)N1CCCNCCCCCCCCNCCCN1C(=O)c2cccc3cccc(c23)C1=O";"IC50";"'='";"9200.0";"nM";"5.04";"";"";"UO_0000065";"8.14";"0.15";"-1.15";"5.10";"0";"CHEMBL2320160";"Inhibition of Leishmania infantum SIR2RP1";"B";"BAO_0000357";"single protein format";"Leishmania infantum";"None";"None";"None";"None";"";"";"";"CHEMBL2311240";"Putative silent information regulator 2";"Leishmania infantum";"SINGLE PROTEIN";"CHEMBL2311430";"1";"Scientific Literature";"Eur J Med Chem";"2013";"None";"";"";""
"CHEMBL1140";"NIACINAMIDE";"4.0";"122.13";"0";"0.18";"Nicotinamide";"NC(=O)c1cccnc1";"IC50";"'='";"39400.0";"nM";"4.41";"";"";"UO_0000065";"36.06";"0.67";"4.22";"7.87";"0";"CHEMBL2320160";"Inhibition of Leishmania infantum SIR2RP1";"B";"BAO_0000357";"single protein format";"Leishmania infantum";"None";"None";"None";"None";"";"";"";"CHEMBL2311240";"Putative silent information regulator 2";"Leishmania infantum";"SINGLE PROTEIN";"CHEMBL2311430";"1";"Scientific Literature";"Eur J Med Chem";"2013";"None";"";"";""
"CHEMBL380797";"SIRTINOL";"None";"394.47";"1";"5.79";"7";"CC(NC(=O)c1ccccc1/N=C/c1c(O)ccc2ccccc12)c1ccccc1";"IC50";"'='";"194000.0";"nM";"";"Outside typical range";"";"UO_0000065";"";"";"";"";"0";"CHEMBL4185229";"Inhibition of N-terminal His6-tagged recombinant Leishmania infantum SIR2RP1 expressed in Escherichia coli in presence of NAD+ by fluorimetric method";"B";"BAO_0000019";"assay format";"Leishmania infantum";"None";"None";"None";"None";"";"";"";"CHEMBL2311240";"Putative silent information regulator 2";"Leishmania infantum";"SINGLE PROTEIN";"CHEMBL4184137";"1";"Scientific Literature";"J Med Chem";"2017";"None";"";"";""
"CHEMBL1140";"NIACINAMIDE";"4.0";"122.13";"0";"0.18";"43";"NC(=O)c1cccnc1";"IC50";"'='";"40000.0";"nM";"4.40";"";"";"UO_0000065";"36.01";"0.67";"4.22";"7.86";"0";"CHEMBL4185229";"Inhibition of N-terminal His6-tagged recombinant Leishmania infantum SIR2RP1 expressed in Escherichia coli in presence of NAD+ by fluorimetric method";"B";"BAO_0000019";"assay format";"Leishmania infantum";"None";"None";"None";"None";"";"";"";"CHEMBL2311240";"Putative silent information regulator 2";"Leishmania infantum";"SINGLE PROTEIN";"CHEMBL4184137";"1";"Scientific Literature";"J Med Chem";"2017";"None";"";"";""
"CHEMBL4216559";"";"None";"794.63";"2";"6.58";"51; BNIP9";"Br.Br.O=C1c2cccc3cccc(c23)C(=O)N1CCCNCCCCCCCCCNCCCN1C(=O)c2cccc3cccc(c23)C1=O";"IC50";"'='";"5700.0";"nM";"5.24";"";"";"UO_0000065";"8.29";"0.15";"-1.34";"5.31";"0";"CHEMBL4185229";"Inhibition of N-terminal His6-tagged recombinant Leishmania infantum SIR2RP1 expressed in Escherichia coli in presence of NAD+ by fluorimetric method";"B";"BAO_0000019";"assay format";"Leishmania infantum";"None";"None";"None";"None";"";"";"";"CHEMBL2311240";"Putative silent information regulator 2";"Leishmania infantum";"SINGLE PROTEIN";"CHEMBL4184137";"1";"Scientific Literature";"J Med Chem";"2017";"None";"";"";""
"CHEMBL4215363";"";"None";"724.49";"1";"4.62";"Ref 97, Table 2, cpd 3";"Br.Br.O=C1c2cccc3cccc(c23)C(=O)N1CCNCCCCCCNCCN1C(=O)c2cccc3cccc(c23)C1=O";"IC50";"'='";"5700.0";"nM";"5.24";"";"";"UO_0000065";"9.32";"0.17";"0.62";"5.31";"0";"CHEMBL4185229";"Inhibition of N-terminal His6-tagged recombinant Leishmania infantum SIR2RP1 expressed in Escherichia coli in presence of NAD+ by fluorimetric method";"B";"BAO_0000019";"assay format";"Leishmania infantum";"None";"None";"None";"None";"";"";"";"CHEMBL2311240";"Putative silent information regulator 2";"Leishmania infantum";"SINGLE PROTEIN";"CHEMBL4184137";"1";"Scientific Literature";"J Med Chem";"2017";"None";"";"";""
"CHEMBL508272";"SURFACTIN";"None";"1036.36";"None";"None";"Surfactin";"CC(C)CCCCCCCCC[C@@H]1CC(=O)N[C@@H](CCC(=O)O)C(=O)N[C@@H](CC(C)C)C(=O)N[C@H](CC(C)C)C(=O)N[C@@H](C(C)C)C(=O)N[C@@H](CC(=O)O)C(=O)N[C@H](CC(C)C)C(=O)N[C@@H](CC(C)C)C(=O)O1";"IC50";"'='";"35200.0";"nM";"4.45";"";"";"UO_0000065";"4.30";"None";"None";"None";"0";"CHEMBL2320160";"Inhibition of Leishmania infantum SIR2RP1";"B";"BAO_0000357";"single protein format";"Leishmania infantum";"None";"None";"None";"None";"";"";"";"CHEMBL2311240";"Putative silent information regulator 2";"Leishmania infantum";"SINGLE PROTEIN";"CHEMBL2311430";"1";"Scientific Literature";"Eur J Med Chem";"2013";"None";"";"";""
"CHEMBL4211052";"";"None";"696.44";"1";"3.84";"Ref 97, Table 2, cpd 1";"Br.Br.O=C1c2cccc3cccc(c23)C(=O)N1CCNCCCCNCCN1C(=O)c2cccc3cccc(c23)C1=O";"IC50";"'='";"5700.0";"nM";"5.24";"";"";"UO_0000065";"9.81";"0.18";"1.40";"5.31";"0";"CHEMBL4185229";"Inhibition of N-terminal His6-tagged recombinant Leishmania infantum SIR2RP1 expressed in Escherichia coli in presence of NAD+ by fluorimetric method";"B";"BAO_0000019";"assay format";"Leishmania infantum";"None";"None";"None";"None";"";"";"";"CHEMBL2311240";"Putative silent information regulator 2";"Leishmania infantum";"SINGLE PROTEIN";"CHEMBL4184137";"1";"Scientific Literature";"J Med Chem";"2017";"None";"";"";""
"CHEMBL4209842";"";"None";"780.60";"2";"6.19";"Ref 97, Table 2, cpd 7";"Br.Br.O=C1c2cccc3cccc(c23)C(=O)N1CCNCCCCCCCCCCNCCN1C(=O)c2cccc3cccc(c23)C1=O";"IC50";"'='";"5700.0";"nM";"5.24";"";"";"UO_0000065";"8.47";"0.16";"-0.95";"5.31";"0";"CHEMBL4185229";"Inhibition of N-terminal His6-tagged recombinant Leishmania infantum SIR2RP1 expressed in Escherichia coli in presence of NAD+ by fluorimetric method";"B";"BAO_0000019";"assay format";"Leishmania infantum";"None";"None";"None";"None";"";"";"";"CHEMBL2311240";"Putative silent information regulator 2";"Leishmania infantum";"SINGLE PROTEIN";"CHEMBL4184137";"1";"Scientific Literature";"J Med Chem";"2017";"None";"";"";""
"CHEMBL4217704";"";"None";"820.42";"1";"3.43";"Ref 97, Table 2, cpd 11";"Br.Br.Br.O=C1c2cccc3cccc(c23)C(=O)N1CCNCCCNCCCNCCN1C(=O)c2cccc3cccc(c23)C1=O";"IC50";"'='";"5700.0";"nM";"5.24";"";"";"UO_0000065";"9.08";"0.17";"1.81";"4.73";"0";"CHEMBL4185229";"Inhibition of N-terminal His6-tagged recombinant Leishmania infantum SIR2RP1 expressed in Escherichia coli in presence of NAD+ by fluorimetric method";"B";"BAO_0000019";"assay format";"Leishmania infantum";"None";"None";"None";"None";"";"";"";"CHEMBL2311240";"Putative silent information regulator 2";"Leishmania infantum";"SINGLE PROTEIN";"CHEMBL4184137";"1";"Scientific Literature";"J Med Chem";"2017";"None";"";"";""
