"Molecule ChEMBL ID";"Molecule Name";"Molecule Max Phase";"Molecular Weight";"#RO5 Violations";"AlogP";"Compound Key";"Smiles";"Standard Type";"Standard Relation";"Standard Value";"Standard Units";"pChEMBL Value";"Data Validity Comment";"Comment";"Uo Units";"Ligand Efficiency BEI";"Ligand Efficiency LE";"Ligand Efficiency LLE";"Ligand Efficiency SEI";"Potential Duplicate";"Assay ChEMBL ID";"Assay Description";"Assay Type";"BAO Format ID";"BAO Label";"Assay Organism";"Assay Tissue ChEMBL ID";"Assay Tissue Name";"Assay Cell Type";"Assay Subcellular Fraction";"Assay Parameters";"Assay Variant Accession";"Assay Variant Mutation";"Target ChEMBL ID";"Target Name";"Target Organism";"Target Type";"Document ChEMBL ID";"Source ID";"Source Description";"Document Journal";"Document Year";"Cell ChEMBL ID";"Properties";"Action Type";"Standard Text Value"
"CHEMBL3735855";"";"None";"412.45";"0";"4.23";"8g";"COC(=O)c1cc2c([nH]c3ccccc32)c(C2Nc3ccccc3C(=O)N2C2CC2)n1";"Ki";"";"";"";"";"";"Not Determined";"";"";"";"";"";"0";"CHEMBL3737690";"Competitive inhibition of recombinant Leishmania donovani trypanothione reductase expressed in Escherichia coli BL21 (DE3) by Dixon plot analysis in presence of trypanothione disulphide";"B";"BAO_0000019";"assay format";"Leishmania donovani";"None";"None";"None";"None";"";"";"";"CHEMBL2176840";"Trypanothione reductase";"Leishmania donovani";"SINGLE PROTEIN";"CHEMBL3734756";"1";"Scientific Literature";"Medchemcomm";"2015";"None";"";"";""
"CHEMBL3735942";"";"None";"466.47";"1";"5.41";"8l";"COC(=O)c1cc2c([nH]c3ccccc32)c(C2Nc3ccccc3C(=O)N2c2ccc(F)cc2)n1";"Inhibition";"'='";"96.0";"%";"";"";"";"UO_0000187";"";"";"";"";"0";"CHEMBL3737688";"Inhibition of recombinant Leishmania donovani trypanothione reductase expressed in Escherichia coli BL21 (DE3) using trypanothione disulphide as substrate at 100 uM preincubated for 5 mins followed by substrate addition by microplate reader analysis relative to control";"B";"BAO_0000019";"assay format";"Leishmania donovani";"None";"None";"None";"None";"";"";"";"CHEMBL2176840";"Trypanothione reductase";"Leishmania donovani";"SINGLE PROTEIN";"CHEMBL3734756";"1";"Scientific Literature";"Medchemcomm";"2015";"None";"";"";""
"CHEMBL3735037";"";"None";"448.48";"1";"5.27";"8a";"COC(=O)c1cc2c([nH]c3ccccc32)c(C2Nc3ccccc3C(=O)N2c2ccccc2)n1";"Inhibition";"'='";"16.0";"%";"";"";"";"UO_0000187";"";"";"";"";"0";"CHEMBL3737689";"Inhibition of recombinant Leishmania donovani trypanothione reductase expressed in Escherichia coli BL21 (DE3) using trypanothione disulphide as substrate at 50 uM preincubated for 5 mins followed by substrate addition by microplate reader analysis relative to control";"B";"BAO_0000019";"assay format";"Leishmania donovani";"None";"None";"None";"None";"";"";"";"CHEMBL2176840";"Trypanothione reductase";"Leishmania donovani";"SINGLE PROTEIN";"CHEMBL3734756";"1";"Scientific Literature";"Medchemcomm";"2015";"None";"";"";""
"CHEMBL3735148";"";"None";"428.49";"0";"4.87";"8d";"CCCCN1C(=O)c2ccccc2NC1c1nc(C(=O)OC)cc2c1[nH]c1ccccc12";"Inhibition";"'='";"35.0";"%";"";"";"";"UO_0000187";"";"";"";"";"0";"CHEMBL3737688";"Inhibition of recombinant Leishmania donovani trypanothione reductase expressed in Escherichia coli BL21 (DE3) using trypanothione disulphide as substrate at 100 uM preincubated for 5 mins followed by substrate addition by microplate reader analysis relative to control";"B";"BAO_0000019";"assay format";"Leishmania donovani";"None";"None";"None";"None";"";"";"";"CHEMBL2176840";"Trypanothione reductase";"Leishmania donovani";"SINGLE PROTEIN";"CHEMBL3734756";"1";"Scientific Literature";"Medchemcomm";"2015";"None";"";"";""
"CHEMBL3735120";"";"None";"414.47";"0";"4.48";"8c";"CCCN1C(=O)c2ccccc2NC1c1nc(C(=O)OC)cc2c1[nH]c1ccccc12";"Inhibition";"'='";"7.0";"%";"";"";"";"UO_0000187";"";"";"";"";"0";"CHEMBL3737689";"Inhibition of recombinant Leishmania donovani trypanothione reductase expressed in Escherichia coli BL21 (DE3) using trypanothione disulphide as substrate at 50 uM preincubated for 5 mins followed by substrate addition by microplate reader analysis relative to control";"B";"BAO_0000019";"assay format";"Leishmania donovani";"None";"None";"None";"None";"";"";"";"CHEMBL2176840";"Trypanothione reductase";"Leishmania donovani";"SINGLE PROTEIN";"CHEMBL3734756";"1";"Scientific Literature";"Medchemcomm";"2015";"None";"";"";""
"CHEMBL3735855";"";"None";"412.45";"0";"4.23";"8g";"COC(=O)c1cc2c([nH]c3ccccc32)c(C2Nc3ccccc3C(=O)N2C2CC2)n1";"Inhibition";"";"";"%";"";"";"Not Active";"UO_0000187";"";"";"";"";"0";"CHEMBL3737689";"Inhibition of recombinant Leishmania donovani trypanothione reductase expressed in Escherichia coli BL21 (DE3) using trypanothione disulphide as substrate at 50 uM preincubated for 5 mins followed by substrate addition by microplate reader analysis relative to control";"B";"BAO_0000019";"assay format";"Leishmania donovani";"None";"None";"None";"None";"";"";"";"CHEMBL2176840";"Trypanothione reductase";"Leishmania donovani";"SINGLE PROTEIN";"CHEMBL3734756";"1";"Scientific Literature";"Medchemcomm";"2015";"None";"";"";""
"CHEMBL3735110";"";"None";"400.44";"0";"4.09";"8j";"CCN1C(=O)c2ccccc2NC1c1nc(C(=O)OC)cc2c1[nH]c1ccccc12";"Ki";"'='";"6500.0";"nM";"5.19";"";"";"UO_0000065";"12.95";"0.24";"1.10";"5.94";"0";"CHEMBL3737690";"Competitive inhibition of recombinant Leishmania donovani trypanothione reductase expressed in Escherichia coli BL21 (DE3) by Dixon plot analysis in presence of trypanothione disulphide";"B";"BAO_0000019";"assay format";"Leishmania donovani";"None";"None";"None";"None";"";"";"";"CHEMBL2176840";"Trypanothione reductase";"Leishmania donovani";"SINGLE PROTEIN";"CHEMBL3734756";"1";"Scientific Literature";"Medchemcomm";"2015";"None";"";"";""
"CHEMBL3735109";"";"None";"492.54";"1";"5.28";"8m";"COC(=O)c1cc2c([nH]c3ccccc32)c(C2Nc3ccccc3C(=O)N2Cc2ccc(OC)cc2)n1";"Ki";"'='";"9200.0";"nM";"5.04";"";"";"UO_0000065";"10.22";"0.19";"-0.24";"5.22";"0";"CHEMBL3737690";"Competitive inhibition of recombinant Leishmania donovani trypanothione reductase expressed in Escherichia coli BL21 (DE3) by Dixon plot analysis in presence of trypanothione disulphide";"B";"BAO_0000019";"assay format";"Leishmania donovani";"None";"None";"None";"None";"";"";"";"CHEMBL2176840";"Trypanothione reductase";"Leishmania donovani";"SINGLE PROTEIN";"CHEMBL3734756";"1";"Scientific Literature";"Medchemcomm";"2015";"None";"";"";""
"CHEMBL505478";"ARBORTRISTOSIDE C";"None";"552.53";"3";"-1.21";"c";"COC(=O)C1=CO[C@@H](O[C@@H]2O[C@H](CO)[C@@H](O)[C@H](O)[C@H]2O)[C@@H]2[C@@H](C)[C@@H](OC(=O)/C=C/c3ccc(O)cc3)[C@@H](O)[C@H]12";"Inhibition";"'='";"82.76";"%";"";"";"";"UO_0000187";"";"";"";"";"0";"CHEMBL2185723";"Inhibition of Leishmania donovani DD8 axenic form trypanothione reductase assessed as decrease in reduced thiol level at 3.125 uM after 48 hrs by DTNB-based spectrophotometric analysis relative to control";"B";"BAO_0000357";"single protein format";"Leishmania donovani";"None";"None";"None";"None";"";"";"";"CHEMBL2176840";"Trypanothione reductase";"Leishmania donovani";"SINGLE PROTEIN";"CHEMBL2177063";"1";"Scientific Literature";"Eur J Med Chem";"2012";"None";"";"";""
"CHEMBL506451";"ARBORTRISTOSIDE B";"None";"584.53";"3";"-2.53";"b";"COC(=O)C1=CO[C@@H](O[C@@H]2O[C@H](CO)[C@@H](O)[C@H](O)[C@H]2O)[C@@H]2[C@@H](CO)[C@@H](OC(=O)/C=C/c3ccc(O)c(O)c3)[C@@H](O)[C@H]12";"Inhibition";"'='";"77.53";"%";"";"";"";"UO_0000187";"";"";"";"";"0";"CHEMBL2185723";"Inhibition of Leishmania donovani DD8 axenic form trypanothione reductase assessed as decrease in reduced thiol level at 3.125 uM after 48 hrs by DTNB-based spectrophotometric analysis relative to control";"B";"BAO_0000357";"single protein format";"Leishmania donovani";"None";"None";"None";"None";"";"";"";"CHEMBL2176840";"Trypanothione reductase";"Leishmania donovani";"SINGLE PROTEIN";"CHEMBL2177063";"1";"Scientific Literature";"Eur J Med Chem";"2012";"None";"";"";""
"CHEMBL505478";"ARBORTRISTOSIDE C";"None";"552.53";"3";"-1.21";"c";"COC(=O)C1=CO[C@@H](O[C@@H]2O[C@H](CO)[C@@H](O)[C@H](O)[C@H]2O)[C@@H]2[C@@H](C)[C@@H](OC(=O)/C=C/c3ccc(O)cc3)[C@@H](O)[C@H]12";"Inhibition";"'='";"78.87";"%";"";"";"";"UO_0000187";"";"";"";"";"0";"CHEMBL2185727";"Inhibition of Leishmania donovani DD8 promastigote form trypanothione reductase assessed as decrease in reduced thiol level at 3.125 uM after 48 hrs by DTNB-based spectrophotometric analysis relative to control";"B";"BAO_0000357";"single protein format";"Leishmania donovani";"None";"None";"None";"None";"";"";"";"CHEMBL2176840";"Trypanothione reductase";"Leishmania donovani";"SINGLE PROTEIN";"CHEMBL2177063";"1";"Scientific Literature";"Eur J Med Chem";"2012";"None";"";"";""
"CHEMBL506451";"ARBORTRISTOSIDE B";"None";"584.53";"3";"-2.53";"b";"COC(=O)C1=CO[C@@H](O[C@@H]2O[C@H](CO)[C@@H](O)[C@H](O)[C@H]2O)[C@@H]2[C@@H](CO)[C@@H](OC(=O)/C=C/c3ccc(O)c(O)c3)[C@@H](O)[C@H]12";"Inhibition";"'='";"67.87";"%";"";"";"";"UO_0000187";"";"";"";"";"0";"CHEMBL2185727";"Inhibition of Leishmania donovani DD8 promastigote form trypanothione reductase assessed as decrease in reduced thiol level at 3.125 uM after 48 hrs by DTNB-based spectrophotometric analysis relative to control";"B";"BAO_0000357";"single protein format";"Leishmania donovani";"None";"None";"None";"None";"";"";"";"CHEMBL2176840";"Trypanothione reductase";"Leishmania donovani";"SINGLE PROTEIN";"CHEMBL2177063";"1";"Scientific Literature";"Eur J Med Chem";"2012";"None";"";"";""
"CHEMBL3735283";"";"None";"454.53";"1";"5.40";"8e";"COC(=O)c1cc2c([nH]c3ccccc32)c(C2Nc3ccccc3C(=O)N2C2CCCCC2)n1";"Inhibition";"'='";"1.0";"%";"";"";"";"UO_0000187";"";"";"";"";"0";"CHEMBL3737688";"Inhibition of recombinant Leishmania donovani trypanothione reductase expressed in Escherichia coli BL21 (DE3) using trypanothione disulphide as substrate at 100 uM preincubated for 5 mins followed by substrate addition by microplate reader analysis relative to control";"B";"BAO_0000019";"assay format";"Leishmania donovani";"None";"None";"None";"None";"";"";"";"CHEMBL2176840";"Trypanothione reductase";"Leishmania donovani";"SINGLE PROTEIN";"CHEMBL3734756";"1";"Scientific Literature";"Medchemcomm";"2015";"None";"";"";""
"CHEMBL3735316";"";"None";"478.51";"1";"5.28";"8f";"COC(=O)c1cc2c([nH]c3ccccc32)c(C2Nc3ccccc3C(=O)N2c2ccc(OC)cc2)n1";"Inhibition";"";"";"%";"";"";"Not Active";"UO_0000187";"";"";"";"";"0";"CHEMBL3737689";"Inhibition of recombinant Leishmania donovani trypanothione reductase expressed in Escherichia coli BL21 (DE3) using trypanothione disulphide as substrate at 50 uM preincubated for 5 mins followed by substrate addition by microplate reader analysis relative to control";"B";"BAO_0000019";"assay format";"Leishmania donovani";"None";"None";"None";"None";"";"";"";"CHEMBL2176840";"Trypanothione reductase";"Leishmania donovani";"SINGLE PROTEIN";"CHEMBL3734756";"1";"Scientific Literature";"Medchemcomm";"2015";"None";"";"";""
"CHEMBL3735440";"";"None";"440.50";"1";"5.01";"8i";"COC(=O)c1cc2c([nH]c3ccccc32)c(C2Nc3ccccc3C(=O)N2C2CCCC2)n1";"Ki";"";"";"";"";"";"Not Determined";"";"";"";"";"";"0";"CHEMBL3737690";"Competitive inhibition of recombinant Leishmania donovani trypanothione reductase expressed in Escherichia coli BL21 (DE3) by Dixon plot analysis in presence of trypanothione disulphide";"B";"BAO_0000019";"assay format";"Leishmania donovani";"None";"None";"None";"None";"";"";"";"CHEMBL2176840";"Trypanothione reductase";"Leishmania donovani";"SINGLE PROTEIN";"CHEMBL3734756";"1";"Scientific Literature";"Medchemcomm";"2015";"None";"";"";""
"CHEMBL505478";"ARBORTRISTOSIDE C";"None";"552.53";"3";"-1.21";"c";"COC(=O)C1=CO[C@@H](O[C@@H]2O[C@H](CO)[C@@H](O)[C@H](O)[C@H]2O)[C@@H]2[C@@H](C)[C@@H](OC(=O)/C=C/c3ccc(O)cc3)[C@@H](O)[C@H]12";"Inhibition";"'='";"67.76";"%";"";"";"";"UO_0000187";"";"";"";"";"0";"CHEMBL2185306";"Inhibition of Leishmania donovani DD8 axenic form trypanothione reductase assessed as decrease in reduced thiol level at 100 uM after 12 hrs by DTNB-based spectrophotometric analysis relative to control";"B";"BAO_0000357";"single protein format";"Leishmania donovani";"None";"None";"None";"None";"";"";"";"CHEMBL2176840";"Trypanothione reductase";"Leishmania donovani";"SINGLE PROTEIN";"CHEMBL2177063";"1";"Scientific Literature";"Eur J Med Chem";"2012";"None";"";"";""
"CHEMBL506451";"ARBORTRISTOSIDE B";"None";"584.53";"3";"-2.53";"b";"COC(=O)C1=CO[C@@H](O[C@@H]2O[C@H](CO)[C@@H](O)[C@H](O)[C@H]2O)[C@@H]2[C@@H](CO)[C@@H](OC(=O)/C=C/c3ccc(O)c(O)c3)[C@@H](O)[C@H]12";"Inhibition";"'='";"67.87";"%";"";"";"";"UO_0000187";"";"";"";"";"0";"CHEMBL2185306";"Inhibition of Leishmania donovani DD8 axenic form trypanothione reductase assessed as decrease in reduced thiol level at 100 uM after 12 hrs by DTNB-based spectrophotometric analysis relative to control";"B";"BAO_0000357";"single protein format";"Leishmania donovani";"None";"None";"None";"None";"";"";"";"CHEMBL2176840";"Trypanothione reductase";"Leishmania donovani";"SINGLE PROTEIN";"CHEMBL2177063";"1";"Scientific Literature";"Eur J Med Chem";"2012";"None";"";"";""
"CHEMBL3735440";"";"None";"440.50";"1";"5.01";"8i";"COC(=O)c1cc2c([nH]c3ccccc32)c(C2Nc3ccccc3C(=O)N2C2CCCC2)n1";"Inhibition";"'='";"30.0";"%";"";"";"";"UO_0000187";"";"";"";"";"0";"CHEMBL3737688";"Inhibition of recombinant Leishmania donovani trypanothione reductase expressed in Escherichia coli BL21 (DE3) using trypanothione disulphide as substrate at 100 uM preincubated for 5 mins followed by substrate addition by microplate reader analysis relative to control";"B";"BAO_0000019";"assay format";"Leishmania donovani";"None";"None";"None";"None";"";"";"";"CHEMBL2176840";"Trypanothione reductase";"Leishmania donovani";"SINGLE PROTEIN";"CHEMBL3734756";"1";"Scientific Literature";"Medchemcomm";"2015";"None";"";"";""
"CHEMBL3736154";"";"None";"482.93";"1";"5.93";"8k";"COC(=O)c1cc2c([nH]c3ccccc32)c(C2Nc3ccccc3C(=O)N2c2ccc(Cl)cc2)n1";"Inhibition";"'='";"67.0";"%";"";"";"";"UO_0000187";"";"";"";"";"0";"CHEMBL3737688";"Inhibition of recombinant Leishmania donovani trypanothione reductase expressed in Escherichia coli BL21 (DE3) using trypanothione disulphide as substrate at 100 uM preincubated for 5 mins followed by substrate addition by microplate reader analysis relative to control";"B";"BAO_0000019";"assay format";"Leishmania donovani";"None";"None";"None";"None";"";"";"";"CHEMBL2176840";"Trypanothione reductase";"Leishmania donovani";"SINGLE PROTEIN";"CHEMBL3734756";"1";"Scientific Literature";"Medchemcomm";"2015";"None";"";"";""
"CHEMBL3736154";"";"None";"482.93";"1";"5.93";"8k";"COC(=O)c1cc2c([nH]c3ccccc32)c(C2Nc3ccccc3C(=O)N2c2ccc(Cl)cc2)n1";"Inhibition";"'='";"64.0";"%";"";"";"";"UO_0000187";"";"";"";"";"0";"CHEMBL3737689";"Inhibition of recombinant Leishmania donovani trypanothione reductase expressed in Escherichia coli BL21 (DE3) using trypanothione disulphide as substrate at 50 uM preincubated for 5 mins followed by substrate addition by microplate reader analysis relative to control";"B";"BAO_0000019";"assay format";"Leishmania donovani";"None";"None";"None";"None";"";"";"";"CHEMBL2176840";"Trypanothione reductase";"Leishmania donovani";"SINGLE PROTEIN";"CHEMBL3734756";"1";"Scientific Literature";"Medchemcomm";"2015";"None";"";"";""
"CHEMBL505478";"ARBORTRISTOSIDE C";"None";"552.53";"3";"-1.21";"c";"COC(=O)C1=CO[C@@H](O[C@@H]2O[C@H](CO)[C@@H](O)[C@H](O)[C@H]2O)[C@@H]2[C@@H](C)[C@@H](OC(=O)/C=C/c3ccc(O)cc3)[C@@H](O)[C@H]12";"Inhibition";"'='";"95.3";"%";"";"";"";"UO_0000187";"";"";"";"";"0";"CHEMBL2187984";"Inhibition of Leishmania donovani DD8 promastigote form trypanothione reductase assessed as decrease in reduced thiol level at 3.125 uM after 12 hrs by DTNB-based spectrophotometric analysis relative to control";"B";"BAO_0000357";"single protein format";"Leishmania donovani";"None";"None";"None";"None";"";"";"";"CHEMBL2176840";"Trypanothione reductase";"Leishmania donovani";"SINGLE PROTEIN";"CHEMBL2177063";"1";"Scientific Literature";"Eur J Med Chem";"2012";"None";"";"";""
"CHEMBL3735148";"";"None";"428.49";"0";"4.87";"8d";"CCCCN1C(=O)c2ccccc2NC1c1nc(C(=O)OC)cc2c1[nH]c1ccccc12";"Inhibition";"'='";"28.0";"%";"";"";"";"UO_0000187";"";"";"";"";"0";"CHEMBL3737689";"Inhibition of recombinant Leishmania donovani trypanothione reductase expressed in Escherichia coli BL21 (DE3) using trypanothione disulphide as substrate at 50 uM preincubated for 5 mins followed by substrate addition by microplate reader analysis relative to control";"B";"BAO_0000019";"assay format";"Leishmania donovani";"None";"None";"None";"None";"";"";"";"CHEMBL2176840";"Trypanothione reductase";"Leishmania donovani";"SINGLE PROTEIN";"CHEMBL3734756";"1";"Scientific Literature";"Medchemcomm";"2015";"None";"";"";""
"CHEMBL3735148";"";"None";"428.49";"0";"4.87";"8d";"CCCCN1C(=O)c2ccccc2NC1c1nc(C(=O)OC)cc2c1[nH]c1ccccc12";"Ki";"";"";"";"";"";"Not Determined";"";"";"";"";"";"0";"CHEMBL3737690";"Competitive inhibition of recombinant Leishmania donovani trypanothione reductase expressed in Escherichia coli BL21 (DE3) by Dixon plot analysis in presence of trypanothione disulphide";"B";"BAO_0000019";"assay format";"Leishmania donovani";"None";"None";"None";"None";"";"";"";"CHEMBL2176840";"Trypanothione reductase";"Leishmania donovani";"SINGLE PROTEIN";"CHEMBL3734756";"1";"Scientific Literature";"Medchemcomm";"2015";"None";"";"";""
"CHEMBL3736017";"";"None";"531.40";"2";"6.58";"8n";"COC(=O)c1cc2c([nH]c3ccccc32)c(C2Nc3ccccc3C(=O)N2Cc2ccc(Cl)c(Cl)c2)n1";"Ki";"'='";"3700.0";"nM";"5.43";"";"";"UO_0000065";"10.22";"0.20";"-1.15";"6.22";"0";"CHEMBL3737690";"Competitive inhibition of recombinant Leishmania donovani trypanothione reductase expressed in Escherichia coli BL21 (DE3) by Dixon plot analysis in presence of trypanothione disulphide";"B";"BAO_0000019";"assay format";"Leishmania donovani";"None";"None";"None";"None";"";"";"";"CHEMBL2176840";"Trypanothione reductase";"Leishmania donovani";"SINGLE PROTEIN";"CHEMBL3734756";"1";"Scientific Literature";"Medchemcomm";"2015";"None";"";"";""
"CHEMBL3735109";"";"None";"492.54";"1";"5.28";"8m";"COC(=O)c1cc2c([nH]c3ccccc32)c(C2Nc3ccccc3C(=O)N2Cc2ccc(OC)cc2)n1";"Inhibition";"'='";"60.0";"%";"";"";"";"UO_0000187";"";"";"";"";"0";"CHEMBL3737688";"Inhibition of recombinant Leishmania donovani trypanothione reductase expressed in Escherichia coli BL21 (DE3) using trypanothione disulphide as substrate at 100 uM preincubated for 5 mins followed by substrate addition by microplate reader analysis relative to control";"B";"BAO_0000019";"assay format";"Leishmania donovani";"None";"None";"None";"None";"";"";"";"CHEMBL2176840";"Trypanothione reductase";"Leishmania donovani";"SINGLE PROTEIN";"CHEMBL3734756";"1";"Scientific Literature";"Medchemcomm";"2015";"None";"";"";""
"CHEMBL505478";"ARBORTRISTOSIDE C";"None";"552.53";"3";"-1.21";"c";"COC(=O)C1=CO[C@@H](O[C@@H]2O[C@H](CO)[C@@H](O)[C@H](O)[C@H]2O)[C@@H]2[C@@H](C)[C@@H](OC(=O)/C=C/c3ccc(O)cc3)[C@@H](O)[C@H]12";"Inhibition";"'='";"46.87";"%";"";"";"";"UO_0000187";"";"";"";"";"0";"CHEMBL2185725";"Inhibition of Leishmania donovani DD8 promastigote form trypanothione reductase assessed as decrease in reduced thiol level at 100 uM after 48 hrs by DTNB-based spectrophotometric analysis relative to control";"B";"BAO_0000357";"single protein format";"Leishmania donovani";"None";"None";"None";"None";"";"";"";"CHEMBL2176840";"Trypanothione reductase";"Leishmania donovani";"SINGLE PROTEIN";"CHEMBL2177063";"1";"Scientific Literature";"Eur J Med Chem";"2012";"None";"";"";""
"CHEMBL505478";"ARBORTRISTOSIDE C";"None";"552.53";"3";"-1.21";"c";"COC(=O)C1=CO[C@@H](O[C@@H]2O[C@H](CO)[C@@H](O)[C@H](O)[C@H]2O)[C@@H]2[C@@H](C)[C@@H](OC(=O)/C=C/c3ccc(O)cc3)[C@@H](O)[C@H]12";"Inhibition";"'='";"51.66";"%";"";"";"";"UO_0000187";"";"";"";"";"0";"CHEMBL2185305";"Inhibition of Leishmania donovani DD8 axenic form trypanothione reductase assessed as decrease in reduced thiol level at 100 uM after 48 hrs by DTNB-based spectrophotometric analysis relative to control";"B";"BAO_0000357";"single protein format";"Leishmania donovani";"None";"None";"None";"None";"";"";"";"CHEMBL2176840";"Trypanothione reductase";"Leishmania donovani";"SINGLE PROTEIN";"CHEMBL2177063";"1";"Scientific Literature";"Eur J Med Chem";"2012";"None";"";"";""
"CHEMBL504519";"ARBORTRISTOSIDE A";"None";"566.56";"2";"-0.91";"a";"COC(=O)C1=CO[C@@H](O[C@@H]2O[C@H](CO)[C@@H](O)[C@H](O)[C@H]2O)[C@@H]2[C@@H](C)[C@@H](OC(=O)/C=C/c3ccc(OC)cc3)[C@@H](O)[C@H]12";"Inhibition";"'='";"97.87";"%";"";"";"";"UO_0000187";"";"";"";"";"0";"CHEMBL2185724";"Inhibition of Leishmania donovani DD8 axenic form trypanothione reductase assessed as decrease in reduced thiol level at 3.125 uM after 12 hrs by DTNB-based spectrophotometric analysis relative to control";"B";"BAO_0000357";"single protein format";"Leishmania donovani";"None";"None";"None";"None";"";"";"";"CHEMBL2176840";"Trypanothione reductase";"Leishmania donovani";"SINGLE PROTEIN";"CHEMBL2177063";"1";"Scientific Literature";"Eur J Med Chem";"2012";"None";"";"";""
"CHEMBL506451";"ARBORTRISTOSIDE B";"None";"584.53";"3";"-2.53";"b";"COC(=O)C1=CO[C@@H](O[C@@H]2O[C@H](CO)[C@@H](O)[C@H](O)[C@H]2O)[C@@H]2[C@@H](CO)[C@@H](OC(=O)/C=C/c3ccc(O)c(O)c3)[C@@H](O)[C@H]12";"Inhibition";"'='";"41.87";"%";"";"";"";"UO_0000187";"";"";"";"";"0";"CHEMBL2185725";"Inhibition of Leishmania donovani DD8 promastigote form trypanothione reductase assessed as decrease in reduced thiol level at 100 uM after 48 hrs by DTNB-based spectrophotometric analysis relative to control";"B";"BAO_0000357";"single protein format";"Leishmania donovani";"None";"None";"None";"None";"";"";"";"CHEMBL2176840";"Trypanothione reductase";"Leishmania donovani";"SINGLE PROTEIN";"CHEMBL2177063";"1";"Scientific Literature";"Eur J Med Chem";"2012";"None";"";"";""
"CHEMBL506451";"ARBORTRISTOSIDE B";"None";"584.53";"3";"-2.53";"b";"COC(=O)C1=CO[C@@H](O[C@@H]2O[C@H](CO)[C@@H](O)[C@H](O)[C@H]2O)[C@@H]2[C@@H](CO)[C@@H](OC(=O)/C=C/c3ccc(O)c(O)c3)[C@@H](O)[C@H]12";"Inhibition";"'='";"63.63";"%";"";"";"";"UO_0000187";"";"";"";"";"0";"CHEMBL2185726";"Inhibition of Leishmania donovani DD8 promastigote form trypanothione reductase assessed as decrease in reduced thiol level at 100 uM after 12 hrs by DTNB-based spectrophotometric analysis relative to control";"B";"BAO_0000357";"single protein format";"Leishmania donovani";"None";"None";"None";"None";"";"";"";"CHEMBL2176840";"Trypanothione reductase";"Leishmania donovani";"SINGLE PROTEIN";"CHEMBL2177063";"1";"Scientific Literature";"Eur J Med Chem";"2012";"None";"";"";""
"CHEMBL504519";"ARBORTRISTOSIDE A";"None";"566.56";"2";"-0.91";"a";"COC(=O)C1=CO[C@@H](O[C@@H]2O[C@H](CO)[C@@H](O)[C@H](O)[C@H]2O)[C@@H]2[C@@H](C)[C@@H](OC(=O)/C=C/c3ccc(OC)cc3)[C@@H](O)[C@H]12";"Inhibition";"'='";"73.43";"%";"";"";"";"UO_0000187";"";"";"";"";"0";"CHEMBL2185723";"Inhibition of Leishmania donovani DD8 axenic form trypanothione reductase assessed as decrease in reduced thiol level at 3.125 uM after 48 hrs by DTNB-based spectrophotometric analysis relative to control";"B";"BAO_0000357";"single protein format";"Leishmania donovani";"None";"None";"None";"None";"";"";"";"CHEMBL2176840";"Trypanothione reductase";"Leishmania donovani";"SINGLE PROTEIN";"CHEMBL2177063";"1";"Scientific Literature";"Eur J Med Chem";"2012";"None";"";"";""
"CHEMBL504519";"ARBORTRISTOSIDE A";"None";"566.56";"2";"-0.91";"a";"COC(=O)C1=CO[C@@H](O[C@@H]2O[C@H](CO)[C@@H](O)[C@H](O)[C@H]2O)[C@@H]2[C@@H](C)[C@@H](OC(=O)/C=C/c3ccc(OC)cc3)[C@@H](O)[C@H]12";"Inhibition";"'='";"33.82";"%";"";"";"";"UO_0000187";"";"";"";"";"0";"CHEMBL2185725";"Inhibition of Leishmania donovani DD8 promastigote form trypanothione reductase assessed as decrease in reduced thiol level at 100 uM after 48 hrs by DTNB-based spectrophotometric analysis relative to control";"B";"BAO_0000357";"single protein format";"Leishmania donovani";"None";"None";"None";"None";"";"";"";"CHEMBL2176840";"Trypanothione reductase";"Leishmania donovani";"SINGLE PROTEIN";"CHEMBL2177063";"1";"Scientific Literature";"Eur J Med Chem";"2012";"None";"";"";""
"CHEMBL506451";"ARBORTRISTOSIDE B";"None";"584.53";"3";"-2.53";"b";"COC(=O)C1=CO[C@@H](O[C@@H]2O[C@H](CO)[C@@H](O)[C@H](O)[C@H]2O)[C@@H]2[C@@H](CO)[C@@H](OC(=O)/C=C/c3ccc(O)c(O)c3)[C@@H](O)[C@H]12";"Inhibition";"'='";"46.87";"%";"";"";"";"UO_0000187";"";"";"";"";"0";"CHEMBL2185305";"Inhibition of Leishmania donovani DD8 axenic form trypanothione reductase assessed as decrease in reduced thiol level at 100 uM after 48 hrs by DTNB-based spectrophotometric analysis relative to control";"B";"BAO_0000357";"single protein format";"Leishmania donovani";"None";"None";"None";"None";"";"";"";"CHEMBL2176840";"Trypanothione reductase";"Leishmania donovani";"SINGLE PROTEIN";"CHEMBL2177063";"1";"Scientific Literature";"Eur J Med Chem";"2012";"None";"";"";""
"CHEMBL504519";"ARBORTRISTOSIDE A";"None";"566.56";"2";"-0.91";"a";"COC(=O)C1=CO[C@@H](O[C@@H]2O[C@H](CO)[C@@H](O)[C@H](O)[C@H]2O)[C@@H]2[C@@H](C)[C@@H](OC(=O)/C=C/c3ccc(OC)cc3)[C@@H](O)[C@H]12";"Inhibition";"'='";"65.77";"%";"";"";"";"UO_0000187";"";"";"";"";"0";"CHEMBL2185306";"Inhibition of Leishmania donovani DD8 axenic form trypanothione reductase assessed as decrease in reduced thiol level at 100 uM after 12 hrs by DTNB-based spectrophotometric analysis relative to control";"B";"BAO_0000357";"single protein format";"Leishmania donovani";"None";"None";"None";"None";"";"";"";"CHEMBL2176840";"Trypanothione reductase";"Leishmania donovani";"SINGLE PROTEIN";"CHEMBL2177063";"1";"Scientific Literature";"Eur J Med Chem";"2012";"None";"";"";""
"CHEMBL504519";"ARBORTRISTOSIDE A";"None";"566.56";"2";"-0.91";"a";"COC(=O)C1=CO[C@@H](O[C@@H]2O[C@H](CO)[C@@H](O)[C@H](O)[C@H]2O)[C@@H]2[C@@H](C)[C@@H](OC(=O)/C=C/c3ccc(OC)cc3)[C@@H](O)[C@H]12";"Inhibition";"'='";"60.09";"%";"";"";"";"UO_0000187";"";"";"";"";"0";"CHEMBL2185726";"Inhibition of Leishmania donovani DD8 promastigote form trypanothione reductase assessed as decrease in reduced thiol level at 100 uM after 12 hrs by DTNB-based spectrophotometric analysis relative to control";"B";"BAO_0000357";"single protein format";"Leishmania donovani";"None";"None";"None";"None";"";"";"";"CHEMBL2176840";"Trypanothione reductase";"Leishmania donovani";"SINGLE PROTEIN";"CHEMBL2177063";"1";"Scientific Literature";"Eur J Med Chem";"2012";"None";"";"";""
"CHEMBL3735110";"";"None";"400.44";"0";"4.09";"8j";"CCN1C(=O)c2ccccc2NC1c1nc(C(=O)OC)cc2c1[nH]c1ccccc12";"Inhibition";"'='";"58.0";"%";"";"";"";"UO_0000187";"";"";"";"";"0";"CHEMBL3737689";"Inhibition of recombinant Leishmania donovani trypanothione reductase expressed in Escherichia coli BL21 (DE3) using trypanothione disulphide as substrate at 50 uM preincubated for 5 mins followed by substrate addition by microplate reader analysis relative to control";"B";"BAO_0000019";"assay format";"Leishmania donovani";"None";"None";"None";"None";"";"";"";"CHEMBL2176840";"Trypanothione reductase";"Leishmania donovani";"SINGLE PROTEIN";"CHEMBL3734756";"1";"Scientific Literature";"Medchemcomm";"2015";"None";"";"";""
"CHEMBL3735228";"";"None";"468.56";"1";"5.79";"8h";"COC(=O)c1cc2c([nH]c3ccccc32)c(C2Nc3ccccc3C(=O)N2C2CCCCCC2)n1";"Ki";"";"";"";"";"";"Not Determined";"";"";"";"";"";"0";"CHEMBL3737690";"Competitive inhibition of recombinant Leishmania donovani trypanothione reductase expressed in Escherichia coli BL21 (DE3) by Dixon plot analysis in presence of trypanothione disulphide";"B";"BAO_0000019";"assay format";"Leishmania donovani";"None";"None";"None";"None";"";"";"";"CHEMBL2176840";"Trypanothione reductase";"Leishmania donovani";"SINGLE PROTEIN";"CHEMBL3734756";"1";"Scientific Literature";"Medchemcomm";"2015";"None";"";"";""
"CHEMBL3735035";"";"None";"442.52";"1";"5.26";"8o";"CCCCCN1C(=O)c2ccccc2NC1c1nc(C(=O)OC)cc2c1[nH]c1ccccc12";"Ki";"'='";"800.0";"nM";"6.10";"";"";"UO_0000065";"13.78";"0.25";"0.84";"6.98";"0";"CHEMBL3737690";"Competitive inhibition of recombinant Leishmania donovani trypanothione reductase expressed in Escherichia coli BL21 (DE3) by Dixon plot analysis in presence of trypanothione disulphide";"B";"BAO_0000019";"assay format";"Leishmania donovani";"None";"None";"None";"None";"";"";"";"CHEMBL2176840";"Trypanothione reductase";"Leishmania donovani";"SINGLE PROTEIN";"CHEMBL3734756";"1";"Scientific Literature";"Medchemcomm";"2015";"None";"";"";""
"CHEMBL3735942";"";"None";"466.47";"1";"5.41";"8l";"COC(=O)c1cc2c([nH]c3ccccc32)c(C2Nc3ccccc3C(=O)N2c2ccc(F)cc2)n1";"Ki";"'='";"3900.0";"nM";"5.41";"";"";"UO_0000065";"11.60";"0.21";"0.00";"6.19";"0";"CHEMBL3737690";"Competitive inhibition of recombinant Leishmania donovani trypanothione reductase expressed in Escherichia coli BL21 (DE3) by Dixon plot analysis in presence of trypanothione disulphide";"B";"BAO_0000019";"assay format";"Leishmania donovani";"None";"None";"None";"None";"";"";"";"CHEMBL2176840";"Trypanothione reductase";"Leishmania donovani";"SINGLE PROTEIN";"CHEMBL3734756";"1";"Scientific Literature";"Medchemcomm";"2015";"None";"";"";""
"CHEMBL3736017";"";"None";"531.40";"2";"6.58";"8n";"COC(=O)c1cc2c([nH]c3ccccc32)c(C2Nc3ccccc3C(=O)N2Cc2ccc(Cl)c(Cl)c2)n1";"Inhibition";"'='";"77.0";"%";"";"";"";"UO_0000187";"";"";"";"";"0";"CHEMBL3737689";"Inhibition of recombinant Leishmania donovani trypanothione reductase expressed in Escherichia coli BL21 (DE3) using trypanothione disulphide as substrate at 50 uM preincubated for 5 mins followed by substrate addition by microplate reader analysis relative to control";"B";"BAO_0000019";"assay format";"Leishmania donovani";"None";"None";"None";"None";"";"";"";"CHEMBL2176840";"Trypanothione reductase";"Leishmania donovani";"SINGLE PROTEIN";"CHEMBL3734756";"1";"Scientific Literature";"Medchemcomm";"2015";"None";"";"";""
"CHEMBL3735140";"";"None";"462.51";"1";"5.27";"8b";"COC(=O)c1cc2c([nH]c3ccccc32)c(C2Nc3ccccc3C(=O)N2Cc2ccccc2)n1";"Inhibition";"'='";"11.0";"%";"";"";"";"UO_0000187";"";"";"";"";"0";"CHEMBL3737688";"Inhibition of recombinant Leishmania donovani trypanothione reductase expressed in Escherichia coli BL21 (DE3) using trypanothione disulphide as substrate at 100 uM preincubated for 5 mins followed by substrate addition by microplate reader analysis relative to control";"B";"BAO_0000019";"assay format";"Leishmania donovani";"None";"None";"None";"None";"";"";"";"CHEMBL2176840";"Trypanothione reductase";"Leishmania donovani";"SINGLE PROTEIN";"CHEMBL3734756";"1";"Scientific Literature";"Medchemcomm";"2015";"None";"";"";""
"CHEMBL3735120";"";"None";"414.47";"0";"4.48";"8c";"CCCN1C(=O)c2ccccc2NC1c1nc(C(=O)OC)cc2c1[nH]c1ccccc12";"Inhibition";"'='";"9.0";"%";"";"";"";"UO_0000187";"";"";"";"";"0";"CHEMBL3737688";"Inhibition of recombinant Leishmania donovani trypanothione reductase expressed in Escherichia coli BL21 (DE3) using trypanothione disulphide as substrate at 100 uM preincubated for 5 mins followed by substrate addition by microplate reader analysis relative to control";"B";"BAO_0000019";"assay format";"Leishmania donovani";"None";"None";"None";"None";"";"";"";"CHEMBL2176840";"Trypanothione reductase";"Leishmania donovani";"SINGLE PROTEIN";"CHEMBL3734756";"1";"Scientific Literature";"Medchemcomm";"2015";"None";"";"";""
"CHEMBL3735228";"";"None";"468.56";"1";"5.79";"8h";"COC(=O)c1cc2c([nH]c3ccccc32)c(C2Nc3ccccc3C(=O)N2C2CCCCCC2)n1";"Inhibition";"";"";"%";"";"";"Not Active";"UO_0000187";"";"";"";"";"0";"CHEMBL3737688";"Inhibition of recombinant Leishmania donovani trypanothione reductase expressed in Escherichia coli BL21 (DE3) using trypanothione disulphide as substrate at 100 uM preincubated for 5 mins followed by substrate addition by microplate reader analysis relative to control";"B";"BAO_0000019";"assay format";"Leishmania donovani";"None";"None";"None";"None";"";"";"";"CHEMBL2176840";"Trypanothione reductase";"Leishmania donovani";"SINGLE PROTEIN";"CHEMBL3734756";"1";"Scientific Literature";"Medchemcomm";"2015";"None";"";"";""
"CHEMBL3735110";"";"None";"400.44";"0";"4.09";"8j";"CCN1C(=O)c2ccccc2NC1c1nc(C(=O)OC)cc2c1[nH]c1ccccc12";"Inhibition";"'='";"75.0";"%";"";"";"";"UO_0000187";"";"";"";"";"0";"CHEMBL3737688";"Inhibition of recombinant Leishmania donovani trypanothione reductase expressed in Escherichia coli BL21 (DE3) using trypanothione disulphide as substrate at 100 uM preincubated for 5 mins followed by substrate addition by microplate reader analysis relative to control";"B";"BAO_0000019";"assay format";"Leishmania donovani";"None";"None";"None";"None";"";"";"";"CHEMBL2176840";"Trypanothione reductase";"Leishmania donovani";"SINGLE PROTEIN";"CHEMBL3734756";"1";"Scientific Literature";"Medchemcomm";"2015";"None";"";"";""
"CHEMBL3735140";"";"None";"462.51";"1";"5.27";"8b";"COC(=O)c1cc2c([nH]c3ccccc32)c(C2Nc3ccccc3C(=O)N2Cc2ccccc2)n1";"Inhibition";"'='";"6.0";"%";"";"";"";"UO_0000187";"";"";"";"";"0";"CHEMBL3737689";"Inhibition of recombinant Leishmania donovani trypanothione reductase expressed in Escherichia coli BL21 (DE3) using trypanothione disulphide as substrate at 50 uM preincubated for 5 mins followed by substrate addition by microplate reader analysis relative to control";"B";"BAO_0000019";"assay format";"Leishmania donovani";"None";"None";"None";"None";"";"";"";"CHEMBL2176840";"Trypanothione reductase";"Leishmania donovani";"SINGLE PROTEIN";"CHEMBL3734756";"1";"Scientific Literature";"Medchemcomm";"2015";"None";"";"";""
"CHEMBL3735035";"";"None";"442.52";"1";"5.26";"8o";"CCCCCN1C(=O)c2ccccc2NC1c1nc(C(=O)OC)cc2c1[nH]c1ccccc12";"Inhibition";"'='";"90.0";"%";"";"";"";"UO_0000187";"";"";"";"";"0";"CHEMBL3737689";"Inhibition of recombinant Leishmania donovani trypanothione reductase expressed in Escherichia coli BL21 (DE3) using trypanothione disulphide as substrate at 50 uM preincubated for 5 mins followed by substrate addition by microplate reader analysis relative to control";"B";"BAO_0000019";"assay format";"Leishmania donovani";"None";"None";"None";"None";"";"";"";"CHEMBL2176840";"Trypanothione reductase";"Leishmania donovani";"SINGLE PROTEIN";"CHEMBL3734756";"1";"Scientific Literature";"Medchemcomm";"2015";"None";"";"";""
"CHEMBL3735283";"";"None";"454.53";"1";"5.40";"8e";"COC(=O)c1cc2c([nH]c3ccccc32)c(C2Nc3ccccc3C(=O)N2C2CCCCC2)n1";"Ki";"";"";"";"";"";"Not Determined";"";"";"";"";"";"0";"CHEMBL3737690";"Competitive inhibition of recombinant Leishmania donovani trypanothione reductase expressed in Escherichia coli BL21 (DE3) by Dixon plot analysis in presence of trypanothione disulphide";"B";"BAO_0000019";"assay format";"Leishmania donovani";"None";"None";"None";"None";"";"";"";"CHEMBL2176840";"Trypanothione reductase";"Leishmania donovani";"SINGLE PROTEIN";"CHEMBL3734756";"1";"Scientific Literature";"Medchemcomm";"2015";"None";"";"";""
"CHEMBL504519";"ARBORTRISTOSIDE A";"None";"566.56";"2";"-0.91";"a";"COC(=O)C1=CO[C@@H](O[C@@H]2O[C@H](CO)[C@@H](O)[C@H](O)[C@H]2O)[C@@H]2[C@@H](C)[C@@H](OC(=O)/C=C/c3ccc(OC)cc3)[C@@H](O)[C@H]12";"Inhibition";"'='";"92.54";"%";"";"";"";"UO_0000187";"";"";"";"";"0";"CHEMBL2187984";"Inhibition of Leishmania donovani DD8 promastigote form trypanothione reductase assessed as decrease in reduced thiol level at 3.125 uM after 12 hrs by DTNB-based spectrophotometric analysis relative to control";"B";"BAO_0000357";"single protein format";"Leishmania donovani";"None";"None";"None";"None";"";"";"";"CHEMBL2176840";"Trypanothione reductase";"Leishmania donovani";"SINGLE PROTEIN";"CHEMBL2177063";"1";"Scientific Literature";"Eur J Med Chem";"2012";"None";"";"";""
"CHEMBL505478";"ARBORTRISTOSIDE C";"None";"552.53";"3";"-1.21";"c";"COC(=O)C1=CO[C@@H](O[C@@H]2O[C@H](CO)[C@@H](O)[C@H](O)[C@H]2O)[C@@H]2[C@@H](C)[C@@H](OC(=O)/C=C/c3ccc(O)cc3)[C@@H](O)[C@H]12";"Inhibition";"'='";"97.66";"%";"";"";"";"UO_0000187";"";"";"";"";"0";"CHEMBL2185724";"Inhibition of Leishmania donovani DD8 axenic form trypanothione reductase assessed as decrease in reduced thiol level at 3.125 uM after 12 hrs by DTNB-based spectrophotometric analysis relative to control";"B";"BAO_0000357";"single protein format";"Leishmania donovani";"None";"None";"None";"None";"";"";"";"CHEMBL2176840";"Trypanothione reductase";"Leishmania donovani";"SINGLE PROTEIN";"CHEMBL2177063";"1";"Scientific Literature";"Eur J Med Chem";"2012";"None";"";"";""
"CHEMBL504519";"ARBORTRISTOSIDE A";"None";"566.56";"2";"-0.91";"a";"COC(=O)C1=CO[C@@H](O[C@@H]2O[C@H](CO)[C@@H](O)[C@H](O)[C@H]2O)[C@@H]2[C@@H](C)[C@@H](OC(=O)/C=C/c3ccc(OC)cc3)[C@@H](O)[C@H]12";"Inhibition";"'='";"63.72";"%";"";"";"";"UO_0000187";"";"";"";"";"0";"CHEMBL2185727";"Inhibition of Leishmania donovani DD8 promastigote form trypanothione reductase assessed as decrease in reduced thiol level at 3.125 uM after 48 hrs by DTNB-based spectrophotometric analysis relative to control";"B";"BAO_0000357";"single protein format";"Leishmania donovani";"None";"None";"None";"None";"";"";"";"CHEMBL2176840";"Trypanothione reductase";"Leishmania donovani";"SINGLE PROTEIN";"CHEMBL2177063";"1";"Scientific Literature";"Eur J Med Chem";"2012";"None";"";"";""
"CHEMBL504519";"ARBORTRISTOSIDE A";"None";"566.56";"2";"-0.91";"a";"COC(=O)C1=CO[C@@H](O[C@@H]2O[C@H](CO)[C@@H](O)[C@H](O)[C@H]2O)[C@@H]2[C@@H](C)[C@@H](OC(=O)/C=C/c3ccc(OC)cc3)[C@@H](O)[C@H]12";"Inhibition";"'='";"41.87";"%";"";"";"";"UO_0000187";"";"";"";"";"0";"CHEMBL2185305";"Inhibition of Leishmania donovani DD8 axenic form trypanothione reductase assessed as decrease in reduced thiol level at 100 uM after 48 hrs by DTNB-based spectrophotometric analysis relative to control";"B";"BAO_0000357";"single protein format";"Leishmania donovani";"None";"None";"None";"None";"";"";"";"CHEMBL2176840";"Trypanothione reductase";"Leishmania donovani";"SINGLE PROTEIN";"CHEMBL2177063";"1";"Scientific Literature";"Eur J Med Chem";"2012";"None";"";"";""
"CHEMBL506451";"ARBORTRISTOSIDE B";"None";"584.53";"3";"-2.53";"b";"COC(=O)C1=CO[C@@H](O[C@@H]2O[C@H](CO)[C@@H](O)[C@H](O)[C@H]2O)[C@@H]2[C@@H](CO)[C@@H](OC(=O)/C=C/c3ccc(O)c(O)c3)[C@@H](O)[C@H]12";"Inhibition";"'='";"96.88";"%";"";"";"";"UO_0000187";"";"";"";"";"0";"CHEMBL2185724";"Inhibition of Leishmania donovani DD8 axenic form trypanothione reductase assessed as decrease in reduced thiol level at 3.125 uM after 12 hrs by DTNB-based spectrophotometric analysis relative to control";"B";"BAO_0000357";"single protein format";"Leishmania donovani";"None";"None";"None";"None";"";"";"";"CHEMBL2176840";"Trypanothione reductase";"Leishmania donovani";"SINGLE PROTEIN";"CHEMBL2177063";"1";"Scientific Literature";"Eur J Med Chem";"2012";"None";"";"";""
"CHEMBL505478";"ARBORTRISTOSIDE C";"None";"552.53";"3";"-1.21";"c";"COC(=O)C1=CO[C@@H](O[C@@H]2O[C@H](CO)[C@@H](O)[C@H](O)[C@H]2O)[C@@H]2[C@@H](C)[C@@H](OC(=O)/C=C/c3ccc(O)cc3)[C@@H](O)[C@H]12";"Inhibition";"'='";"62.67";"%";"";"";"";"UO_0000187";"";"";"";"";"0";"CHEMBL2185726";"Inhibition of Leishmania donovani DD8 promastigote form trypanothione reductase assessed as decrease in reduced thiol level at 100 uM after 12 hrs by DTNB-based spectrophotometric analysis relative to control";"B";"BAO_0000357";"single protein format";"Leishmania donovani";"None";"None";"None";"None";"";"";"";"CHEMBL2176840";"Trypanothione reductase";"Leishmania donovani";"SINGLE PROTEIN";"CHEMBL2177063";"1";"Scientific Literature";"Eur J Med Chem";"2012";"None";"";"";""
"CHEMBL506451";"ARBORTRISTOSIDE B";"None";"584.53";"3";"-2.53";"b";"COC(=O)C1=CO[C@@H](O[C@@H]2O[C@H](CO)[C@@H](O)[C@H](O)[C@H]2O)[C@@H]2[C@@H](CO)[C@@H](OC(=O)/C=C/c3ccc(O)c(O)c3)[C@@H](O)[C@H]12";"Inhibition";"'='";"92.58";"%";"";"";"";"UO_0000187";"";"";"";"";"0";"CHEMBL2187984";"Inhibition of Leishmania donovani DD8 promastigote form trypanothione reductase assessed as decrease in reduced thiol level at 3.125 uM after 12 hrs by DTNB-based spectrophotometric analysis relative to control";"B";"BAO_0000357";"single protein format";"Leishmania donovani";"None";"None";"None";"None";"";"";"";"CHEMBL2176840";"Trypanothione reductase";"Leishmania donovani";"SINGLE PROTEIN";"CHEMBL2177063";"1";"Scientific Literature";"Eur J Med Chem";"2012";"None";"";"";""
"CHEMBL5205053";"";"None";"590.72";"2";"6.75";"178";"CCOC(=O)c1cc2c([nH]c3ccccc32)c(C(C(=O)NC(C)(C)C)N(Cc2ccc(CC)cc2)C(=O)c2ccccc2)n1";"Inhibition";"'='";"87.0";"%";"";"";"";"UO_0000187";"";"";"";"";"0";"CHEMBL5098237";"Inhibition of Leishmania donovani trypanothione reductase expressed in Escherichia coli BL21(DE3) using TS2 and NADPH as substrate at 100 uM preincubated for 5 mins followed by substrate addition by DTNB-reagent based spectrophotometric method";"B";"BAO_0000019";"assay format";"Leishmania donovani";"None";"None";"None";"None";"";"";"";"CHEMBL2176840";"Trypanothione reductase";"Leishmania donovani";"SINGLE PROTEIN";"CHEMBL5096192";"1";"Scientific Literature";"Eur J Med Chem";"2021";"None";"Dose = 100.0 microM | TIME = 0.08333 hr";"INHIBITOR";""
"CHEMBL5182792";"";"None";"530.71";"2";"6.24";"179";"C=C(C1c2[nH]c3ccccc3c2CCN1C(=O)OC(C)(C)C)N(CC(=O)NC(C)(C)C)Cc1ccc(C)cc1";"Inhibition";"'='";"53.0";"%";"";"";"";"UO_0000187";"";"";"";"";"0";"CHEMBL5098237";"Inhibition of Leishmania donovani trypanothione reductase expressed in Escherichia coli BL21(DE3) using TS2 and NADPH as substrate at 100 uM preincubated for 5 mins followed by substrate addition by DTNB-reagent based spectrophotometric method";"B";"BAO_0000019";"assay format";"Leishmania donovani";"None";"None";"None";"None";"";"";"";"CHEMBL2176840";"Trypanothione reductase";"Leishmania donovani";"SINGLE PROTEIN";"CHEMBL5096192";"1";"Scientific Literature";"Eur J Med Chem";"2021";"None";"Dose = 100.0 microM | TIME = 0.08333 hr";"INHIBITOR";""
"CHEMBL3735037";"";"None";"448.48";"1";"5.27";"8a";"COC(=O)c1cc2c([nH]c3ccccc32)c(C2Nc3ccccc3C(=O)N2c2ccccc2)n1";"Inhibition";"'='";"18.0";"%";"";"";"";"UO_0000187";"";"";"";"";"0";"CHEMBL3737688";"Inhibition of recombinant Leishmania donovani trypanothione reductase expressed in Escherichia coli BL21 (DE3) using trypanothione disulphide as substrate at 100 uM preincubated for 5 mins followed by substrate addition by microplate reader analysis relative to control";"B";"BAO_0000019";"assay format";"Leishmania donovani";"None";"None";"None";"None";"";"";"";"CHEMBL2176840";"Trypanothione reductase";"Leishmania donovani";"SINGLE PROTEIN";"CHEMBL3734756";"1";"Scientific Literature";"Medchemcomm";"2015";"None";"";"";""
"CHEMBL3735035";"";"None";"442.52";"1";"5.26";"8o";"CCCCCN1C(=O)c2ccccc2NC1c1nc(C(=O)OC)cc2c1[nH]c1ccccc12";"Inhibition";"'='";"99.0";"%";"";"";"";"UO_0000187";"";"";"";"";"0";"CHEMBL3737688";"Inhibition of recombinant Leishmania donovani trypanothione reductase expressed in Escherichia coli BL21 (DE3) using trypanothione disulphide as substrate at 100 uM preincubated for 5 mins followed by substrate addition by microplate reader analysis relative to control";"B";"BAO_0000019";"assay format";"Leishmania donovani";"None";"None";"None";"None";"";"";"";"CHEMBL2176840";"Trypanothione reductase";"Leishmania donovani";"SINGLE PROTEIN";"CHEMBL3734756";"1";"Scientific Literature";"Medchemcomm";"2015";"None";"";"";""
"CHEMBL3735037";"";"None";"448.48";"1";"5.27";"8a";"COC(=O)c1cc2c([nH]c3ccccc32)c(C2Nc3ccccc3C(=O)N2c2ccccc2)n1";"Ki";"";"";"";"";"";"Not Determined";"";"";"";"";"";"0";"CHEMBL3737690";"Competitive inhibition of recombinant Leishmania donovani trypanothione reductase expressed in Escherichia coli BL21 (DE3) by Dixon plot analysis in presence of trypanothione disulphide";"B";"BAO_0000019";"assay format";"Leishmania donovani";"None";"None";"None";"None";"";"";"";"CHEMBL2176840";"Trypanothione reductase";"Leishmania donovani";"SINGLE PROTEIN";"CHEMBL3734756";"1";"Scientific Literature";"Medchemcomm";"2015";"None";"";"";""
"CHEMBL3735120";"";"None";"414.47";"0";"4.48";"8c";"CCCN1C(=O)c2ccccc2NC1c1nc(C(=O)OC)cc2c1[nH]c1ccccc12";"Ki";"";"";"";"";"";"Not Determined";"";"";"";"";"";"0";"CHEMBL3737690";"Competitive inhibition of recombinant Leishmania donovani trypanothione reductase expressed in Escherichia coli BL21 (DE3) by Dixon plot analysis in presence of trypanothione disulphide";"B";"BAO_0000019";"assay format";"Leishmania donovani";"None";"None";"None";"None";"";"";"";"CHEMBL2176840";"Trypanothione reductase";"Leishmania donovani";"SINGLE PROTEIN";"CHEMBL3734756";"1";"Scientific Literature";"Medchemcomm";"2015";"None";"";"";""
"CHEMBL3735440";"";"None";"440.50";"1";"5.01";"8i";"COC(=O)c1cc2c([nH]c3ccccc32)c(C2Nc3ccccc3C(=O)N2C2CCCC2)n1";"Inhibition";"'='";"20.0";"%";"";"";"";"UO_0000187";"";"";"";"";"0";"CHEMBL3737689";"Inhibition of recombinant Leishmania donovani trypanothione reductase expressed in Escherichia coli BL21 (DE3) using trypanothione disulphide as substrate at 50 uM preincubated for 5 mins followed by substrate addition by microplate reader analysis relative to control";"B";"BAO_0000019";"assay format";"Leishmania donovani";"None";"None";"None";"None";"";"";"";"CHEMBL2176840";"Trypanothione reductase";"Leishmania donovani";"SINGLE PROTEIN";"CHEMBL3734756";"1";"Scientific Literature";"Medchemcomm";"2015";"None";"";"";""
"CHEMBL3735109";"";"None";"492.54";"1";"5.28";"8m";"COC(=O)c1cc2c([nH]c3ccccc32)c(C2Nc3ccccc3C(=O)N2Cc2ccc(OC)cc2)n1";"Inhibition";"'='";"56.0";"%";"";"";"";"UO_0000187";"";"";"";"";"0";"CHEMBL3737689";"Inhibition of recombinant Leishmania donovani trypanothione reductase expressed in Escherichia coli BL21 (DE3) using trypanothione disulphide as substrate at 50 uM preincubated for 5 mins followed by substrate addition by microplate reader analysis relative to control";"B";"BAO_0000019";"assay format";"Leishmania donovani";"None";"None";"None";"None";"";"";"";"CHEMBL2176840";"Trypanothione reductase";"Leishmania donovani";"SINGLE PROTEIN";"CHEMBL3734756";"1";"Scientific Literature";"Medchemcomm";"2015";"None";"";"";""
"CHEMBL3735228";"";"None";"468.56";"1";"5.79";"8h";"COC(=O)c1cc2c([nH]c3ccccc32)c(C2Nc3ccccc3C(=O)N2C2CCCCCC2)n1";"Inhibition";"";"";"%";"";"";"Not Active";"UO_0000187";"";"";"";"";"0";"CHEMBL3737689";"Inhibition of recombinant Leishmania donovani trypanothione reductase expressed in Escherichia coli BL21 (DE3) using trypanothione disulphide as substrate at 50 uM preincubated for 5 mins followed by substrate addition by microplate reader analysis relative to control";"B";"BAO_0000019";"assay format";"Leishmania donovani";"None";"None";"None";"None";"";"";"";"CHEMBL2176840";"Trypanothione reductase";"Leishmania donovani";"SINGLE PROTEIN";"CHEMBL3734756";"1";"Scientific Literature";"Medchemcomm";"2015";"None";"";"";""
"CHEMBL3735855";"";"None";"412.45";"0";"4.23";"8g";"COC(=O)c1cc2c([nH]c3ccccc32)c(C2Nc3ccccc3C(=O)N2C2CC2)n1";"Inhibition";"";"";"%";"";"";"Not Active";"UO_0000187";"";"";"";"";"0";"CHEMBL3737688";"Inhibition of recombinant Leishmania donovani trypanothione reductase expressed in Escherichia coli BL21 (DE3) using trypanothione disulphide as substrate at 100 uM preincubated for 5 mins followed by substrate addition by microplate reader analysis relative to control";"B";"BAO_0000019";"assay format";"Leishmania donovani";"None";"None";"None";"None";"";"";"";"CHEMBL2176840";"Trypanothione reductase";"Leishmania donovani";"SINGLE PROTEIN";"CHEMBL3734756";"1";"Scientific Literature";"Medchemcomm";"2015";"None";"";"";""
"CHEMBL3735283";"";"None";"454.53";"1";"5.40";"8e";"COC(=O)c1cc2c([nH]c3ccccc32)c(C2Nc3ccccc3C(=O)N2C2CCCCC2)n1";"Inhibition";"";"";"%";"";"";"Not Active";"UO_0000187";"";"";"";"";"0";"CHEMBL3737689";"Inhibition of recombinant Leishmania donovani trypanothione reductase expressed in Escherichia coli BL21 (DE3) using trypanothione disulphide as substrate at 50 uM preincubated for 5 mins followed by substrate addition by microplate reader analysis relative to control";"B";"BAO_0000019";"assay format";"Leishmania donovani";"None";"None";"None";"None";"";"";"";"CHEMBL2176840";"Trypanothione reductase";"Leishmania donovani";"SINGLE PROTEIN";"CHEMBL3734756";"1";"Scientific Literature";"Medchemcomm";"2015";"None";"";"";""
"CHEMBL3735316";"";"None";"478.51";"1";"5.28";"8f";"COC(=O)c1cc2c([nH]c3ccccc32)c(C2Nc3ccccc3C(=O)N2c2ccc(OC)cc2)n1";"Inhibition";"";"";"%";"";"";"Not Active";"UO_0000187";"";"";"";"";"0";"CHEMBL3737688";"Inhibition of recombinant Leishmania donovani trypanothione reductase expressed in Escherichia coli BL21 (DE3) using trypanothione disulphide as substrate at 100 uM preincubated for 5 mins followed by substrate addition by microplate reader analysis relative to control";"B";"BAO_0000019";"assay format";"Leishmania donovani";"None";"None";"None";"None";"";"";"";"CHEMBL2176840";"Trypanothione reductase";"Leishmania donovani";"SINGLE PROTEIN";"CHEMBL3734756";"1";"Scientific Literature";"Medchemcomm";"2015";"None";"";"";""
"CHEMBL3735942";"";"None";"466.47";"1";"5.41";"8l";"COC(=O)c1cc2c([nH]c3ccccc32)c(C2Nc3ccccc3C(=O)N2c2ccc(F)cc2)n1";"Inhibition";"'='";"81.0";"%";"";"";"";"UO_0000187";"";"";"";"";"0";"CHEMBL3737689";"Inhibition of recombinant Leishmania donovani trypanothione reductase expressed in Escherichia coli BL21 (DE3) using trypanothione disulphide as substrate at 50 uM preincubated for 5 mins followed by substrate addition by microplate reader analysis relative to control";"B";"BAO_0000019";"assay format";"Leishmania donovani";"None";"None";"None";"None";"";"";"";"CHEMBL2176840";"Trypanothione reductase";"Leishmania donovani";"SINGLE PROTEIN";"CHEMBL3734756";"1";"Scientific Literature";"Medchemcomm";"2015";"None";"";"";""
"CHEMBL3736017";"";"None";"531.40";"2";"6.58";"8n";"COC(=O)c1cc2c([nH]c3ccccc32)c(C2Nc3ccccc3C(=O)N2Cc2ccc(Cl)c(Cl)c2)n1";"Inhibition";"'='";"85.0";"%";"";"";"";"UO_0000187";"";"";"";"";"0";"CHEMBL3737688";"Inhibition of recombinant Leishmania donovani trypanothione reductase expressed in Escherichia coli BL21 (DE3) using trypanothione disulphide as substrate at 100 uM preincubated for 5 mins followed by substrate addition by microplate reader analysis relative to control";"B";"BAO_0000019";"assay format";"Leishmania donovani";"None";"None";"None";"None";"";"";"";"CHEMBL2176840";"Trypanothione reductase";"Leishmania donovani";"SINGLE PROTEIN";"CHEMBL3734756";"1";"Scientific Literature";"Medchemcomm";"2015";"None";"";"";""
"CHEMBL3735140";"";"None";"462.51";"1";"5.27";"8b";"COC(=O)c1cc2c([nH]c3ccccc32)c(C2Nc3ccccc3C(=O)N2Cc2ccccc2)n1";"Ki";"";"";"";"";"";"Not Determined";"";"";"";"";"";"0";"CHEMBL3737690";"Competitive inhibition of recombinant Leishmania donovani trypanothione reductase expressed in Escherichia coli BL21 (DE3) by Dixon plot analysis in presence of trypanothione disulphide";"B";"BAO_0000019";"assay format";"Leishmania donovani";"None";"None";"None";"None";"";"";"";"CHEMBL2176840";"Trypanothione reductase";"Leishmania donovani";"SINGLE PROTEIN";"CHEMBL3734756";"1";"Scientific Literature";"Medchemcomm";"2015";"None";"";"";""
"CHEMBL3735316";"";"None";"478.51";"1";"5.28";"8f";"COC(=O)c1cc2c([nH]c3ccccc32)c(C2Nc3ccccc3C(=O)N2c2ccc(OC)cc2)n1";"Ki";"";"";"";"";"";"Not Determined";"";"";"";"";"";"0";"CHEMBL3737690";"Competitive inhibition of recombinant Leishmania donovani trypanothione reductase expressed in Escherichia coli BL21 (DE3) by Dixon plot analysis in presence of trypanothione disulphide";"B";"BAO_0000019";"assay format";"Leishmania donovani";"None";"None";"None";"None";"";"";"";"CHEMBL2176840";"Trypanothione reductase";"Leishmania donovani";"SINGLE PROTEIN";"CHEMBL3734756";"1";"Scientific Literature";"Medchemcomm";"2015";"None";"";"";""
"CHEMBL3736154";"";"None";"482.93";"1";"5.93";"8k";"COC(=O)c1cc2c([nH]c3ccccc32)c(C2Nc3ccccc3C(=O)N2c2ccc(Cl)cc2)n1";"Ki";"'='";"7200.0";"nM";"5.14";"";"";"UO_0000065";"10.65";"0.20";"-0.79";"5.89";"0";"CHEMBL3737690";"Competitive inhibition of recombinant Leishmania donovani trypanothione reductase expressed in Escherichia coli BL21 (DE3) by Dixon plot analysis in presence of trypanothione disulphide";"B";"BAO_0000019";"assay format";"Leishmania donovani";"None";"None";"None";"None";"";"";"";"CHEMBL2176840";"Trypanothione reductase";"Leishmania donovani";"SINGLE PROTEIN";"CHEMBL3734756";"1";"Scientific Literature";"Medchemcomm";"2015";"None";"";"";""
"CHEMBL1623318";"";"None";"336.44";"0";"3.67";"28";"COc1ccc(-c2nc(NCCCN(C)C)c3ccccc3n2)cc1";"Inhibition";"";"";"%";"";"";"NA";"UO_0000187";"";"";"";"";"0";"CHEMBL5105123";"Inhibition of recombinant Leishmania donovani trypanothione reductase expressed in Escherichia coli BL21 (DE3) cells using trypanothione disulfide as substrate at 5 to 100 uM preincubated for 5 mins followed by substrate addition in presence of NADPH by DTNB based colorimetric assay";"B";"BAO_0000219";"cell-based format";"Leishmania donovani";"None";"None";"None";"None";"";"";"";"CHEMBL2176840";"Trypanothione reductase";"Leishmania donovani";"SINGLE PROTEIN";"CHEMBL5104110";"1";"Scientific Literature";"RSC Med Chem";"2022";"None";"Dose_Lower = 5.0 microM | Dose_Upper = 100.0 microM | TIME = 0.08333 hr";"";""
"CHEMBL5184983";"";"None";"322.41";"0";"3.28";"27";"COc1ccc(-c2nc(NCCN(C)C)c3ccccc3n2)cc1";"Inhibition";"";"";"%";"";"";"NA";"UO_0000187";"";"";"";"";"0";"CHEMBL5105123";"Inhibition of recombinant Leishmania donovani trypanothione reductase expressed in Escherichia coli BL21 (DE3) cells using trypanothione disulfide as substrate at 5 to 100 uM preincubated for 5 mins followed by substrate addition in presence of NADPH by DTNB based colorimetric assay";"B";"BAO_0000219";"cell-based format";"Leishmania donovani";"None";"None";"None";"None";"";"";"";"CHEMBL2176840";"Trypanothione reductase";"Leishmania donovani";"SINGLE PROTEIN";"CHEMBL5104110";"1";"Scientific Literature";"RSC Med Chem";"2022";"None";"Dose_Lower = 5.0 microM | Dose_Upper = 100.0 microM | TIME = 0.08333 hr";"";""
