"Molecule ChEMBL ID";"Molecule Name";"Molecule Max Phase";"Molecular Weight";"#RO5 Violations";"AlogP";"Compound Key";"Smiles";"Standard Type";"Standard Relation";"Standard Value";"Standard Units";"pChEMBL Value";"Data Validity Comment";"Comment";"Uo Units";"Ligand Efficiency BEI";"Ligand Efficiency LE";"Ligand Efficiency LLE";"Ligand Efficiency SEI";"Potential Duplicate";"Assay ChEMBL ID";"Assay Description";"Assay Type";"BAO Format ID";"BAO Label";"Assay Organism";"Assay Tissue ChEMBL ID";"Assay Tissue Name";"Assay Cell Type";"Assay Subcellular Fraction";"Assay Parameters";"Assay Variant Accession";"Assay Variant Mutation";"Target ChEMBL ID";"Target Name";"Target Organism";"Target Type";"Document ChEMBL ID";"Source ID";"Source Description";"Document Journal";"Document Year";"Cell ChEMBL ID";"Properties";"Action Type";"Standard Text Value"
"CHEMBL226606";"";"None";"450.46";"0";"3.46";"7";"O=C1c2ccccc2C(=O)c2c1ccc1nc(-c3ccc(OCCCn4cnnn4)cc3)[nH]c21";"Inhibition";"'='";"92.0";"%";"";"";"";"UO_0000187";"";"";"";"";"0";"CHEMBL917572";"Inhibition of Leishmania donovani topoisomerase 1-induced relaxation activity assessed as recovery of supercoiled DNA at 20 uM";"B";"BAO_0000357";"single protein format";"Leishmania donovani";"None";"None";"None";"None";"";"";"";"CHEMBL6193";"DNA topoisomerase I";"Leishmania donovani donovani";"SINGLE PROTEIN";"CHEMBL1139868";"1";"Scientific Literature";"J Med Chem";"2007";"None";"";"";""
"CHEMBL227493";"";"None";"480.57";"0";"4.02";"4";"CN1CCN(CCCOc2ccc(-c3nc4ccc5c(c4[nH]3)C(=O)c3ccccc3C5=O)cc2)CC1";"Inhibition";"'='";"10.0";"%";"";"";"";"UO_0000187";"";"";"";"";"0";"CHEMBL917573";"Inhibition of Leishmania donovani topoisomerase 1-induced relaxation activity assessed as recovery of supercoiled DNA at 50 uM";"B";"BAO_0000357";"single protein format";"Leishmania donovani";"None";"None";"None";"None";"";"";"";"CHEMBL6193";"DNA topoisomerase I";"Leishmania donovani donovani";"SINGLE PROTEIN";"CHEMBL1139868";"1";"Scientific Literature";"J Med Chem";"2007";"None";"";"";""
"CHEMBL227730";"";"None";"453.54";"1";"5.12";"2";"CCN(CC)CCCOc1ccc(-c2nc3ccc4c(c3[nH]2)C(=O)c2ccccc2C4=O)cc1";"Inhibition";"'='";"10.0";"%";"";"";"";"UO_0000187";"";"";"";"";"0";"CHEMBL917573";"Inhibition of Leishmania donovani topoisomerase 1-induced relaxation activity assessed as recovery of supercoiled DNA at 50 uM";"B";"BAO_0000357";"single protein format";"Leishmania donovani";"None";"None";"None";"None";"";"";"";"CHEMBL6193";"DNA topoisomerase I";"Leishmania donovani donovani";"SINGLE PROTEIN";"CHEMBL1139868";"1";"Scientific Literature";"J Med Chem";"2007";"None";"";"";""
"CHEMBL226605";"";"None";"448.48";"0";"4.67";"6";"O=C1c2ccccc2C(=O)c2c1ccc1nc(-c3ccc(OCCCn4ccnc4)cc3)[nH]c21";"Inhibition";"'='";"62.0";"%";"";"";"";"UO_0000187";"";"";"";"";"0";"CHEMBL917569";"Inhibition of Leishmania donovani topoisomerase 1-induced relaxation activity assessed as recovery of supercoiled DNA at 10 uM";"B";"BAO_0000357";"single protein format";"Leishmania donovani";"None";"None";"None";"None";"";"";"";"CHEMBL6193";"DNA topoisomerase I";"Leishmania donovani donovani";"SINGLE PROTEIN";"CHEMBL1139868";"1";"Scientific Literature";"J Med Chem";"2007";"None";"";"";""
"CHEMBL228062";"";"None";"325.33";"0";"3.40";"9";"O=C1c2ccccc2C(=O)c2c1ccc1nc(-c3cccnc3)[nH]c21";"Inhibition";"'='";"9.0";"%";"";"";"";"UO_0000187";"";"";"";"";"0";"CHEMBL917569";"Inhibition of Leishmania donovani topoisomerase 1-induced relaxation activity assessed as recovery of supercoiled DNA at 10 uM";"B";"BAO_0000357";"single protein format";"Leishmania donovani";"None";"None";"None";"None";"";"";"";"CHEMBL6193";"DNA topoisomerase I";"Leishmania donovani donovani";"SINGLE PROTEIN";"CHEMBL1139868";"1";"Scientific Literature";"J Med Chem";"2007";"None";"";"";""
"CHEMBL65";"CAMPTOTHECIN";"-1.0";"348.36";"0";"2.08";"cpt";"CC[C@@]1(O)C(=O)OCc2c1cc1n(c2=O)Cc2cc3ccccc3nc2-1";"Inhibition";"'='";"55.0";"%";"";"";"";"UO_0000187";"";"";"";"";"0";"CHEMBL917572";"Inhibition of Leishmania donovani topoisomerase 1-induced relaxation activity assessed as recovery of supercoiled DNA at 20 uM";"B";"BAO_0000357";"single protein format";"Leishmania donovani";"None";"None";"None";"None";"";"";"";"CHEMBL6193";"DNA topoisomerase I";"Leishmania donovani donovani";"SINGLE PROTEIN";"CHEMBL1139868";"1";"Scientific Literature";"J Med Chem";"2007";"None";"";"";""
"CHEMBL226605";"";"None";"448.48";"0";"4.67";"6";"O=C1c2ccccc2C(=O)c2c1ccc1nc(-c3ccc(OCCCn4ccnc4)cc3)[nH]c21";"Inhibition";"'='";"91.0";"%";"";"";"";"UO_0000187";"";"";"";"";"0";"CHEMBL917573";"Inhibition of Leishmania donovani topoisomerase 1-induced relaxation activity assessed as recovery of supercoiled DNA at 50 uM";"B";"BAO_0000357";"single protein format";"Leishmania donovani";"None";"None";"None";"None";"";"";"";"CHEMBL6193";"DNA topoisomerase I";"Leishmania donovani donovani";"SINGLE PROTEIN";"CHEMBL1139868";"1";"Scientific Literature";"J Med Chem";"2007";"None";"";"";""
"CHEMBL388345";"";"None";"467.53";"0";"4.11";"5";"O=C1c2ccccc2C(=O)c2c1ccc1nc(-c3ccc(OCCCN4CCOCC4)cc3)[nH]c21";"Inhibition";"'='";"46.0";"%";"";"";"";"UO_0000187";"";"";"";"";"0";"CHEMBL917569";"Inhibition of Leishmania donovani topoisomerase 1-induced relaxation activity assessed as recovery of supercoiled DNA at 10 uM";"B";"BAO_0000357";"single protein format";"Leishmania donovani";"None";"None";"None";"None";"";"";"";"CHEMBL6193";"DNA topoisomerase I";"Leishmania donovani donovani";"SINGLE PROTEIN";"CHEMBL1139868";"1";"Scientific Literature";"J Med Chem";"2007";"None";"";"";""
"CHEMBL226605";"";"None";"448.48";"0";"4.67";"6";"O=C1c2ccccc2C(=O)c2c1ccc1nc(-c3ccc(OCCCn4ccnc4)cc3)[nH]c21";"Inhibition";"'='";"77.0";"%";"";"";"";"UO_0000187";"";"";"";"";"0";"CHEMBL917572";"Inhibition of Leishmania donovani topoisomerase 1-induced relaxation activity assessed as recovery of supercoiled DNA at 20 uM";"B";"BAO_0000357";"single protein format";"Leishmania donovani";"None";"None";"None";"None";"";"";"";"CHEMBL6193";"DNA topoisomerase I";"Leishmania donovani donovani";"SINGLE PROTEIN";"CHEMBL1139868";"1";"Scientific Literature";"J Med Chem";"2007";"None";"";"";""
"CHEMBL388345";"";"None";"467.53";"0";"4.11";"5";"O=C1c2ccccc2C(=O)c2c1ccc1nc(-c3ccc(OCCCN4CCOCC4)cc3)[nH]c21";"Inhibition";"'='";"77.0";"%";"";"";"";"UO_0000187";"";"";"";"";"0";"CHEMBL917572";"Inhibition of Leishmania donovani topoisomerase 1-induced relaxation activity assessed as recovery of supercoiled DNA at 20 uM";"B";"BAO_0000357";"single protein format";"Leishmania donovani";"None";"None";"None";"None";"";"";"";"CHEMBL6193";"DNA topoisomerase I";"Leishmania donovani donovani";"SINGLE PROTEIN";"CHEMBL1139868";"1";"Scientific Literature";"J Med Chem";"2007";"None";"";"";""
"CHEMBL227730";"";"None";"453.54";"1";"5.12";"2";"CCN(CC)CCCOc1ccc(-c2nc3ccc4c(c3[nH]2)C(=O)c2ccccc2C4=O)cc1";"Inhibition";"'='";"2.0";"%";"";"";"";"UO_0000187";"";"";"";"";"0";"CHEMBL917572";"Inhibition of Leishmania donovani topoisomerase 1-induced relaxation activity assessed as recovery of supercoiled DNA at 20 uM";"B";"BAO_0000357";"single protein format";"Leishmania donovani";"None";"None";"None";"None";"";"";"";"CHEMBL6193";"DNA topoisomerase I";"Leishmania donovani donovani";"SINGLE PROTEIN";"CHEMBL1139868";"1";"Scientific Literature";"J Med Chem";"2007";"None";"";"";""
"CHEMBL65";"CAMPTOTHECIN";"-1.0";"348.36";"0";"2.08";"cpt";"CC[C@@]1(O)C(=O)OCc2c1cc1n(c2=O)Cc2cc3ccccc3nc2-1";"Inhibition";"'='";"39.0";"%";"";"";"";"UO_0000187";"";"";"";"";"0";"CHEMBL917569";"Inhibition of Leishmania donovani topoisomerase 1-induced relaxation activity assessed as recovery of supercoiled DNA at 10 uM";"B";"BAO_0000357";"single protein format";"Leishmania donovani";"None";"None";"None";"None";"";"";"";"CHEMBL6193";"DNA topoisomerase I";"Leishmania donovani donovani";"SINGLE PROTEIN";"CHEMBL1139868";"1";"Scientific Literature";"J Med Chem";"2007";"None";"";"";""
"CHEMBL226865";"";"None";"510.59";"1";"3.38";"3";"O=C1c2ccccc2C(=O)c2c1ccc1nc(-c3ccc(OCCCN4CCN(CCO)CC4)cc3)[nH]c21";"Inhibition";"'='";"5.0";"%";"";"";"";"UO_0000187";"";"";"";"";"0";"CHEMBL917573";"Inhibition of Leishmania donovani topoisomerase 1-induced relaxation activity assessed as recovery of supercoiled DNA at 50 uM";"B";"BAO_0000357";"single protein format";"Leishmania donovani";"None";"None";"None";"None";"";"";"";"CHEMBL6193";"DNA topoisomerase I";"Leishmania donovani donovani";"SINGLE PROTEIN";"CHEMBL1139868";"1";"Scientific Literature";"J Med Chem";"2007";"None";"";"";""
"CHEMBL388345";"";"None";"467.53";"0";"4.11";"5";"O=C1c2ccccc2C(=O)c2c1ccc1nc(-c3ccc(OCCCN4CCOCC4)cc3)[nH]c21";"Inhibition";"'='";"92.0";"%";"";"";"";"UO_0000187";"";"";"";"";"0";"CHEMBL917573";"Inhibition of Leishmania donovani topoisomerase 1-induced relaxation activity assessed as recovery of supercoiled DNA at 50 uM";"B";"BAO_0000357";"single protein format";"Leishmania donovani";"None";"None";"None";"None";"";"";"";"CHEMBL6193";"DNA topoisomerase I";"Leishmania donovani donovani";"SINGLE PROTEIN";"CHEMBL1139868";"1";"Scientific Literature";"J Med Chem";"2007";"None";"";"";""
"CHEMBL227358";"";"None";"425.49";"0";"4.34";"1";"CN(C)CCCOc1ccc(-c2nc3ccc4c(c3[nH]2)C(=O)c2ccccc2C4=O)cc1";"Inhibition";"'='";"5.0";"%";"";"";"";"UO_0000187";"";"";"";"";"0";"CHEMBL917573";"Inhibition of Leishmania donovani topoisomerase 1-induced relaxation activity assessed as recovery of supercoiled DNA at 50 uM";"B";"BAO_0000357";"single protein format";"Leishmania donovani";"None";"None";"None";"None";"";"";"";"CHEMBL6193";"DNA topoisomerase I";"Leishmania donovani donovani";"SINGLE PROTEIN";"CHEMBL1139868";"1";"Scientific Literature";"J Med Chem";"2007";"None";"";"";""
"CHEMBL228061";"";"None";"325.33";"0";"3.40";"8";"O=C1c2ccccc2C(=O)c2c1ccc1nc(-c3ccccn3)[nH]c21";"Inhibition";"'='";"75.0";"%";"";"";"";"UO_0000187";"";"";"";"";"0";"CHEMBL917573";"Inhibition of Leishmania donovani topoisomerase 1-induced relaxation activity assessed as recovery of supercoiled DNA at 50 uM";"B";"BAO_0000357";"single protein format";"Leishmania donovani";"None";"None";"None";"None";"";"";"";"CHEMBL6193";"DNA topoisomerase I";"Leishmania donovani donovani";"SINGLE PROTEIN";"CHEMBL1139868";"1";"Scientific Literature";"J Med Chem";"2007";"None";"";"";""
"CHEMBL228062";"";"None";"325.33";"0";"3.40";"9";"O=C1c2ccccc2C(=O)c2c1ccc1nc(-c3cccnc3)[nH]c21";"Inhibition";"'='";"80.0";"%";"";"";"";"UO_0000187";"";"";"";"";"0";"CHEMBL917573";"Inhibition of Leishmania donovani topoisomerase 1-induced relaxation activity assessed as recovery of supercoiled DNA at 50 uM";"B";"BAO_0000357";"single protein format";"Leishmania donovani";"None";"None";"None";"None";"";"";"";"CHEMBL6193";"DNA topoisomerase I";"Leishmania donovani donovani";"SINGLE PROTEIN";"CHEMBL1139868";"1";"Scientific Literature";"J Med Chem";"2007";"None";"";"";""
"CHEMBL65";"CAMPTOTHECIN";"-1.0";"348.36";"0";"2.08";"cpt";"CC[C@@]1(O)C(=O)OCc2c1cc1n(c2=O)Cc2cc3ccccc3nc2-1";"Inhibition";"'='";"65.0";"%";"";"";"";"UO_0000187";"";"";"";"";"0";"CHEMBL917573";"Inhibition of Leishmania donovani topoisomerase 1-induced relaxation activity assessed as recovery of supercoiled DNA at 50 uM";"B";"BAO_0000357";"single protein format";"Leishmania donovani";"None";"None";"None";"None";"";"";"";"CHEMBL6193";"DNA topoisomerase I";"Leishmania donovani donovani";"SINGLE PROTEIN";"CHEMBL1139868";"1";"Scientific Literature";"J Med Chem";"2007";"None";"";"";""
"CHEMBL226606";"";"None";"450.46";"0";"3.46";"7";"O=C1c2ccccc2C(=O)c2c1ccc1nc(-c3ccc(OCCCn4cnnn4)cc3)[nH]c21";"Inhibition";"'='";"80.0";"%";"";"";"";"UO_0000187";"";"";"";"";"0";"CHEMBL917569";"Inhibition of Leishmania donovani topoisomerase 1-induced relaxation activity assessed as recovery of supercoiled DNA at 10 uM";"B";"BAO_0000357";"single protein format";"Leishmania donovani";"None";"None";"None";"None";"";"";"";"CHEMBL6193";"DNA topoisomerase I";"Leishmania donovani donovani";"SINGLE PROTEIN";"CHEMBL1139868";"1";"Scientific Literature";"J Med Chem";"2007";"None";"";"";""
"CHEMBL228061";"";"None";"325.33";"0";"3.40";"8";"O=C1c2ccccc2C(=O)c2c1ccc1nc(-c3ccccn3)[nH]c21";"Inhibition";"'='";"20.0";"%";"";"";"";"UO_0000187";"";"";"";"";"0";"CHEMBL917572";"Inhibition of Leishmania donovani topoisomerase 1-induced relaxation activity assessed as recovery of supercoiled DNA at 20 uM";"B";"BAO_0000357";"single protein format";"Leishmania donovani";"None";"None";"None";"None";"";"";"";"CHEMBL6193";"DNA topoisomerase I";"Leishmania donovani donovani";"SINGLE PROTEIN";"CHEMBL1139868";"1";"Scientific Literature";"J Med Chem";"2007";"None";"";"";""
"CHEMBL228061";"";"None";"325.33";"0";"3.40";"8";"O=C1c2ccccc2C(=O)c2c1ccc1nc(-c3ccccn3)[nH]c21";"Inhibition";"'='";"9.0";"%";"";"";"";"UO_0000187";"";"";"";"";"0";"CHEMBL917569";"Inhibition of Leishmania donovani topoisomerase 1-induced relaxation activity assessed as recovery of supercoiled DNA at 10 uM";"B";"BAO_0000357";"single protein format";"Leishmania donovani";"None";"None";"None";"None";"";"";"";"CHEMBL6193";"DNA topoisomerase I";"Leishmania donovani donovani";"SINGLE PROTEIN";"CHEMBL1139868";"1";"Scientific Literature";"J Med Chem";"2007";"None";"";"";""
"CHEMBL228062";"";"None";"325.33";"0";"3.40";"9";"O=C1c2ccccc2C(=O)c2c1ccc1nc(-c3cccnc3)[nH]c21";"Inhibition";"'='";"15.0";"%";"";"";"";"UO_0000187";"";"";"";"";"0";"CHEMBL917572";"Inhibition of Leishmania donovani topoisomerase 1-induced relaxation activity assessed as recovery of supercoiled DNA at 20 uM";"B";"BAO_0000357";"single protein format";"Leishmania donovani";"None";"None";"None";"None";"";"";"";"CHEMBL6193";"DNA topoisomerase I";"Leishmania donovani donovani";"SINGLE PROTEIN";"CHEMBL1139868";"1";"Scientific Literature";"J Med Chem";"2007";"None";"";"";""
"CHEMBL226606";"";"None";"450.46";"0";"3.46";"7";"O=C1c2ccccc2C(=O)c2c1ccc1nc(-c3ccc(OCCCn4cnnn4)cc3)[nH]c21";"Inhibition";"'='";"95.0";"%";"";"";"";"UO_0000187";"";"";"";"";"0";"CHEMBL917573";"Inhibition of Leishmania donovani topoisomerase 1-induced relaxation activity assessed as recovery of supercoiled DNA at 50 uM";"B";"BAO_0000357";"single protein format";"Leishmania donovani";"None";"None";"None";"None";"";"";"";"CHEMBL6193";"DNA topoisomerase I";"Leishmania donovani donovani";"SINGLE PROTEIN";"CHEMBL1139868";"1";"Scientific Literature";"J Med Chem";"2007";"None";"";"";""
