"Molecule ChEMBL ID";"Molecule Name";"Molecule Max Phase";"Molecular Weight";"#RO5 Violations";"AlogP";"Compound Key";"Smiles";"Standard Type";"Standard Relation";"Standard Value";"Standard Units";"pChEMBL Value";"Data Validity Comment";"Comment";"Uo Units";"Ligand Efficiency BEI";"Ligand Efficiency LE";"Ligand Efficiency LLE";"Ligand Efficiency SEI";"Potential Duplicate";"Assay ChEMBL ID";"Assay Description";"Assay Type";"BAO Format ID";"BAO Label";"Assay Organism";"Assay Tissue ChEMBL ID";"Assay Tissue Name";"Assay Cell Type";"Assay Subcellular Fraction";"Assay Parameters";"Assay Variant Accession";"Assay Variant Mutation";"Target ChEMBL ID";"Target Name";"Target Organism";"Target Type";"Document ChEMBL ID";"Source ID";"Source Description";"Document Journal";"Document Year";"Cell ChEMBL ID";"Properties";"Action Type";"Standard Text Value"
"CHEMBL217387";"";"None";"446.45";"0";"2.29";"10b";"O=c1cc(-c2ccc(OCCOCCOCCOCCO)cc2)oc2cc(O)cc(O)c12";"IC50";"'>'";"200000.0";"nM";"";"Outside typical range";"";"UO_0000065";"";"";"";"";"0";"CHEMBL915913";"Cytotoxicity against pentamidine-resistant Leishmania enriettii LePentR50 by MTS assay";"A";"BAO_0000218";"organism-based format";"Leishmania enriettii";"None";"None";"None";"None";"";"";"";"CHEMBL612792";"Leishmania enriettii";"Leishmania enriettii";"ORGANISM";"CHEMBL1142086";"1";"Scientific Literature";"Antimicrob Agents Chemother";"2007";"None";"";"";""
"CHEMBL214738";"";"None";"698.68";"3";"5.56";"9d";"O=c1cc(-c2ccc(OCCOCCOCCOCCOc3ccc(-c4cc(=O)c5c(O)cc(O)cc5o4)cc3)cc2)oc2cc(O)cc(O)c12";"IC50";"'>'";"200000.0";"nM";"";"Outside typical range";"";"UO_0000065";"";"";"";"";"0";"CHEMBL915913";"Cytotoxicity against pentamidine-resistant Leishmania enriettii LePentR50 by MTS assay";"A";"BAO_0000218";"organism-based format";"Leishmania enriettii";"None";"None";"None";"None";"";"";"";"CHEMBL612792";"Leishmania enriettii";"Leishmania enriettii";"ORGANISM";"CHEMBL1142086";"1";"Scientific Literature";"Antimicrob Agents Chemother";"2007";"None";"";"";""
"CHEMBL214738";"";"None";"698.68";"3";"5.56";"9d";"O=c1cc(-c2ccc(OCCOCCOCCOCCOc3ccc(-c4cc(=O)c5c(O)cc(O)cc5o4)cc3)cc2)oc2cc(O)cc(O)c12";"Activity";"";"";"";"";"";"Not Active";"";"";"";"";"";"0";"CHEMBL915920";"Cytotoxicity against drug-resistant Leishmania enriettii LePentR50 at 60 uM after 3 hrs";"A";"BAO_0000218";"organism-based format";"Leishmania enriettii";"None";"None";"None";"None";"";"";"";"CHEMBL612792";"Leishmania enriettii";"Leishmania enriettii";"ORGANISM";"CHEMBL1142086";"1";"Scientific Literature";"Antimicrob Agents Chemother";"2007";"None";"";"";""
"CHEMBL216170";"";"None";"566.52";"2";"5.51";"9a";"O=c1cc(-c2ccc(OCCOc3ccc(-c4cc(=O)c5c(O)cc(O)cc5o4)cc3)cc2)oc2cc(O)cc(O)c12";"IC50";"'>'";"200000.0";"nM";"";"Outside typical range";"";"UO_0000065";"";"";"";"";"0";"CHEMBL915913";"Cytotoxicity against pentamidine-resistant Leishmania enriettii LePentR50 by MTS assay";"A";"BAO_0000218";"organism-based format";"Leishmania enriettii";"None";"None";"None";"None";"";"";"";"CHEMBL612792";"Leishmania enriettii";"Leishmania enriettii";"ORGANISM";"CHEMBL1142086";"1";"Scientific Literature";"Antimicrob Agents Chemother";"2007";"None";"";"";""
"CHEMBL424736";"";"None";"402.40";"0";"2.28";"10a";"O=c1cc(-c2ccc(OCCOCCOCCO)cc2)oc2cc(O)cc(O)c12";"IC50";"'>'";"200000.0";"nM";"";"Outside typical range";"";"UO_0000065";"";"";"";"";"0";"CHEMBL915913";"Cytotoxicity against pentamidine-resistant Leishmania enriettii LePentR50 by MTS assay";"A";"BAO_0000218";"organism-based format";"Leishmania enriettii";"None";"None";"None";"None";"";"";"";"CHEMBL612792";"Leishmania enriettii";"Leishmania enriettii";"ORGANISM";"CHEMBL1142086";"1";"Scientific Literature";"Antimicrob Agents Chemother";"2007";"None";"";"";""
"CHEMBL264380";"";"None";"786.78";"3";"5.60";"9f";"O=c1cc(-c2ccc(OCCOCCOCCOCCOCCOCCOc3ccc(-c4cc(=O)c5c(O)cc(O)cc5o4)cc3)cc2)oc2cc(O)cc(O)c12";"IC50";"'='";"40000.0";"nM";"4.40";"";"";"UO_0000065";"";"";"";"";"0";"CHEMBL915913";"Cytotoxicity against pentamidine-resistant Leishmania enriettii LePentR50 by MTS assay";"A";"BAO_0000218";"organism-based format";"Leishmania enriettii";"None";"None";"None";"None";"";"";"";"CHEMBL612792";"Leishmania enriettii";"Leishmania enriettii";"ORGANISM";"CHEMBL1142086";"1";"Scientific Literature";"Antimicrob Agents Chemother";"2007";"None";"";"";""
"CHEMBL267353";"";"None";"742.73";"3";"5.58";"9e";"O=c1cc(-c2ccc(OCCOCCOCCOCCOCCOc3ccc(-c4cc(=O)c5c(O)cc(O)cc5o4)cc3)cc2)oc2cc(O)cc(O)c12";"IC50";"'='";"70000.0";"nM";"4.16";"";"";"UO_0000065";"";"";"";"";"0";"CHEMBL915913";"Cytotoxicity against pentamidine-resistant Leishmania enriettii LePentR50 by MTS assay";"A";"BAO_0000218";"organism-based format";"Leishmania enriettii";"None";"None";"None";"None";"";"";"";"CHEMBL612792";"Leishmania enriettii";"Leishmania enriettii";"ORGANISM";"CHEMBL1142086";"1";"Scientific Literature";"Antimicrob Agents Chemother";"2007";"None";"";"";""
"CHEMBL214738";"";"None";"698.68";"3";"5.56";"9d";"O=c1cc(-c2ccc(OCCOCCOCCOCCOc3ccc(-c4cc(=O)c5c(O)cc(O)cc5o4)cc3)cc2)oc2cc(O)cc(O)c12";"Drug uptake";"'='";"4.69";"uM";"";"";"";"UO_0000064";"";"";"";"";"0";"CHEMBL915918";"Increase of pentamidine accumulation in drug-resistant Leishmania enriettii LePentR50 promastigotes at 30 uM after 3 hrs";"F";"BAO_0000218";"organism-based format";"Leishmania enriettii";"None";"None";"None";"None";"";"";"";"CHEMBL612792";"Leishmania enriettii";"Leishmania enriettii";"ORGANISM";"CHEMBL1142086";"1";"Scientific Literature";"Antimicrob Agents Chemother";"2007";"None";"";"";""
"CHEMBL214697";"";"None";"918.94";"3";"5.65";"9i";"O=c1cc(-c2ccc(OCCOCCOCCOCCOCCOCCOCCOCCOCCOc3ccc(-c4cc(=O)c5c(O)cc(O)cc5o4)cc3)cc2)oc2cc(O)cc(O)c12";"IC50";"";"";"";"";"";"Not Determined";"";"";"";"";"";"0";"CHEMBL915914";"Cytotoxicity against pentamidine-resistant Leishmania enriettii LePentR50 at 12 uM by MTS assay";"A";"BAO_0000218";"organism-based format";"Leishmania enriettii";"None";"None";"None";"None";"";"";"";"CHEMBL612792";"Leishmania enriettii";"Leishmania enriettii";"ORGANISM";"CHEMBL1142086";"1";"Scientific Literature";"Antimicrob Agents Chemother";"2007";"None";"";"";""
"CHEMBL480473";"";"None";"332.44";"0";"3.03";"8";"C=C[C@]1(C)CC[C@]2(C)[C@@H](C1)C(=O)[C@@H](O)[C@@H]1[C@]3(C)CCC[C@@]12OC3=O";"ED50";"'>'";"50.0";"ug ml-1";"";"";"";"UO_0000274";"";"";"";"";"0";"CHEMBL968196";"Antileishmanial activity against promastigotes of Leishmania enriettii infected in C57BL/10ScSn mouse bone marrow-derived macrophages";"F";"BAO_0000218";"organism-based format";"Leishmania enriettii";"None";"None";"None";"None";"";"";"";"CHEMBL612792";"Leishmania enriettii";"Leishmania enriettii";"ORGANISM";"CHEMBL1155655";"1";"Scientific Literature";"J Nat Prod";"2000";"None";"";"";""
"CHEMBL215017";"";"None";"654.62";"3";"5.55";"9c";"O=c1cc(-c2ccc(OCCOCCOCCOc3ccc(-c4cc(=O)c5c(O)cc(O)cc5o4)cc3)cc2)oc2cc(O)cc(O)c12";"IC50";"'>'";"200000.0";"nM";"";"Outside typical range";"";"UO_0000065";"";"";"";"";"0";"CHEMBL915913";"Cytotoxicity against pentamidine-resistant Leishmania enriettii LePentR50 by MTS assay";"A";"BAO_0000218";"organism-based format";"Leishmania enriettii";"None";"None";"None";"None";"";"";"";"CHEMBL612792";"Leishmania enriettii";"Leishmania enriettii";"ORGANISM";"CHEMBL1142086";"1";"Scientific Literature";"Antimicrob Agents Chemother";"2007";"None";"";"";""
"CHEMBL214789";"";"None";"874.89";"3";"5.63";"9h-1";"O=c1cc(-c2ccc(OCCOCCOCCOCCOCCOCCOCCOCCOc3ccc(-c4cc(=O)c5c(O)cc(O)cc5o4)cc3)cc2)oc2cc(O)cc(O)c12";"IC50";"";"";"";"";"";"Not Determined";"";"";"";"";"";"0";"CHEMBL915914";"Cytotoxicity against pentamidine-resistant Leishmania enriettii LePentR50 at 12 uM by MTS assay";"A";"BAO_0000218";"organism-based format";"Leishmania enriettii";"None";"None";"None";"None";"";"";"";"CHEMBL612792";"Leishmania enriettii";"Leishmania enriettii";"ORGANISM";"CHEMBL1142086";"1";"Scientific Literature";"Antimicrob Agents Chemother";"2007";"None";"";"";""
"CHEMBL214738";"";"None";"698.68";"3";"5.56";"9d";"O=c1cc(-c2ccc(OCCOCCOCCOCCOc3ccc(-c4cc(=O)c5c(O)cc(O)cc5o4)cc3)cc2)oc2cc(O)cc(O)c12";"Drug uptake";"'='";"26.6";"uM";"";"";"";"UO_0000064";"";"";"";"";"0";"CHEMBL915919";"Increase of pentamidine accumulation in drug-resistant Leishmania enriettii LePentR50 promastigotes at 60 uM after 3 hrs";"F";"BAO_0000218";"organism-based format";"Leishmania enriettii";"None";"None";"None";"None";"";"";"";"CHEMBL612792";"Leishmania enriettii";"Leishmania enriettii";"ORGANISM";"CHEMBL1142086";"1";"Scientific Literature";"Antimicrob Agents Chemother";"2007";"None";"";"";""
"CHEMBL223240";"";"None";"962.99";"3";"5.66";"9j";"O=c1cc(-c2ccc(OCCOCCOCCOCCOCCOCCOCCOCCOCCOCCOc3ccc(-c4cc(=O)c5c(O)cc(O)cc5o4)cc3)cc2)oc2cc(O)cc(O)c12";"IC50";"";"";"";"";"";"Not Determined";"";"";"";"";"";"0";"CHEMBL915914";"Cytotoxicity against pentamidine-resistant Leishmania enriettii LePentR50 at 12 uM by MTS assay";"A";"BAO_0000218";"organism-based format";"Leishmania enriettii";"None";"None";"None";"None";"";"";"";"CHEMBL612792";"Leishmania enriettii";"Leishmania enriettii";"ORGANISM";"CHEMBL1142086";"1";"Scientific Literature";"Antimicrob Agents Chemother";"2007";"None";"";"";""
"CHEMBL225029";"";"None";"1095.15";"None";"None";"9k-1";"O=c1cc(-c2ccc(OCCOCCOCCOCCOCCOCCOCCOCCOCCOCCOCCOCCOCCOc3ccc(-c4cc(=O)c5c(O)cc(O)cc5o4)cc3)cc2)oc2cc(O)cc(O)c12";"IC50";"";"";"";"";"";"Not Determined";"";"";"";"";"";"0";"CHEMBL915914";"Cytotoxicity against pentamidine-resistant Leishmania enriettii LePentR50 at 12 uM by MTS assay";"A";"BAO_0000218";"organism-based format";"Leishmania enriettii";"None";"None";"None";"None";"";"";"";"CHEMBL612792";"Leishmania enriettii";"Leishmania enriettii";"ORGANISM";"CHEMBL1142086";"1";"Scientific Literature";"Antimicrob Agents Chemother";"2007";"None";"";"";""
"CHEMBL214738";"";"None";"698.68";"3";"5.56";"9d";"O=c1cc(-c2ccc(OCCOCCOCCOCCOc3ccc(-c4cc(=O)c5c(O)cc(O)cc5o4)cc3)cc2)oc2cc(O)cc(O)c12";"Drug uptake";"'='";"2.95";"uM";"";"";"";"UO_0000064";"";"";"";"";"0";"CHEMBL915917";"Increase of pentamidine accumulation in drug-resistant Leishmania enriettii LePentR50 promastigotes at 15 uM after 3 hrs";"F";"BAO_0000218";"organism-based format";"Leishmania enriettii";"None";"None";"None";"None";"";"";"";"CHEMBL612792";"Leishmania enriettii";"Leishmania enriettii";"ORGANISM";"CHEMBL1142086";"1";"Scientific Literature";"Antimicrob Agents Chemother";"2007";"None";"";"";""
"CHEMBL216136";"";"None";"610.57";"3";"5.53";"9b";"O=c1cc(-c2ccc(OCCOCCOc3ccc(-c4cc(=O)c5c(O)cc(O)cc5o4)cc3)cc2)oc2cc(O)cc(O)c12";"IC50";"'>'";"200000.0";"nM";"";"Outside typical range";"";"UO_0000065";"";"";"";"";"0";"CHEMBL915913";"Cytotoxicity against pentamidine-resistant Leishmania enriettii LePentR50 by MTS assay";"A";"BAO_0000218";"organism-based format";"Leishmania enriettii";"None";"None";"None";"None";"";"";"";"CHEMBL612792";"Leishmania enriettii";"Leishmania enriettii";"ORGANISM";"CHEMBL1142086";"1";"Scientific Literature";"Antimicrob Agents Chemother";"2007";"None";"";"";""
"CHEMBL28";"APIGENIN";"None";"270.24";"0";"2.58";"SID121464";"O=c1cc(-c2ccc(O)cc2)oc2cc(O)cc(O)c12";"IC50";"'='";"55000.0";"nM";"4.26";"";"";"UO_0000065";"";"";"";"";"0";"CHEMBL915913";"Cytotoxicity against pentamidine-resistant Leishmania enriettii LePentR50 by MTS assay";"A";"BAO_0000218";"organism-based format";"Leishmania enriettii";"None";"None";"None";"None";"";"";"";"CHEMBL612792";"Leishmania enriettii";"Leishmania enriettii";"ORGANISM";"CHEMBL1142086";"1";"Scientific Literature";"Antimicrob Agents Chemother";"2007";"None";"";"";""
