"Molecule ChEMBL ID";"Molecule Name";"Molecule Max Phase";"Molecular Weight";"#RO5 Violations";"AlogP";"Compound Key";"Smiles";"Standard Type";"Standard Relation";"Standard Value";"Standard Units";"pChEMBL Value";"Data Validity Comment";"Comment";"Uo Units";"Ligand Efficiency BEI";"Ligand Efficiency LE";"Ligand Efficiency LLE";"Ligand Efficiency SEI";"Potential Duplicate";"Assay ChEMBL ID";"Assay Description";"Assay Type";"BAO Format ID";"BAO Label";"Assay Organism";"Assay Tissue ChEMBL ID";"Assay Tissue Name";"Assay Cell Type";"Assay Subcellular Fraction";"Assay Parameters";"Assay Variant Accession";"Assay Variant Mutation";"Target ChEMBL ID";"Target Name";"Target Organism";"Target Type";"Document ChEMBL ID";"Source ID";"Source Description";"Document Journal";"Document Year";"Cell ChEMBL ID";"Properties";"Action Type";"Standard Text Value"
"CHEMBL265502";"SURAMIN";"3.0";"1297.30";"None";"None";"Suramine";"Cc1ccc(C(=O)Nc2ccc(S(=O)(=O)O)c3cc(S(=O)(=O)O)cc(S(=O)(=O)O)c23)cc1NC(=O)c1cccc(NC(=O)Nc2cccc(C(=O)Nc3cc(C(=O)Nc4ccc(S(=O)(=O)O)c5cc(S(=O)(=O)O)cc(S(=O)(=O)O)c45)ccc3C)c2)c1";"IC50";"";"";"";"";"";"Not Determined";"";"";"";"";"";"0";"CHEMBL2416755";"Antileishmanial activity against Leishmania mexicana mexicana MHOM/BZ/84/BEL46 promastigotes assessed as parasite LDH activity by three-fold serial dilution method";"F";"BAO_0000218";"organism-based format";"Leishmania mexicana mexicana";"None";"None";"None";"None";"";"";"";"CHEMBL613214";"Leishmania mexicana mexicana";"Leishmania mexicana mexicana";"ORGANISM";"CHEMBL2413023";"1";"Scientific Literature";"Eur J Med Chem";"2013";"None";"";"";""
"CHEMBL55";"PENTAMIDINE";"4.0";"340.43";"0";"2.88";"pentamidine";"N=C(N)c1ccc(OCCCCCOc2ccc(C(=N)N)cc2)cc1";"IC90";"'='";"1.0";"ug";"";"";"";"UO_0000023";"";"";"";"";"0";"CHEMBL1016634";"Antileishmanial activity against Leishmania mexicana mexicana BEL21 after 48 hrs";"F";"BAO_0000218";"organism-based format";"Leishmania mexicana mexicana";"None";"None";"None";"None";"";"";"";"CHEMBL613214";"Leishmania mexicana mexicana";"Leishmania mexicana mexicana";"ORGANISM";"CHEMBL1158948";"1";"Scientific Literature";"J Nat Prod";"1991";"None";"";"";""
"CHEMBL2413273";"";"None";"697.02";"2";"9.33";"4c";"C=C[C@H]1CN2CC[C@H]1C[C@H]2[C@@H](O)c1cc(CC[C@@H](C)[C@H]2CC[C@H]3[C@@H]4CC[C@@H]5C[C@H](OC(C)=O)CC[C@]5(C)[C@H]4CC[C@]23C)nc2ccc(OC)cc12";"IC50";"'='";"13.67";"ug.mL-1";"";"";"";"UO_0000274";"";"";"";"";"0";"CHEMBL2416755";"Antileishmanial activity against Leishmania mexicana mexicana MHOM/BZ/84/BEL46 promastigotes assessed as parasite LDH activity by three-fold serial dilution method";"F";"BAO_0000218";"organism-based format";"Leishmania mexicana mexicana";"None";"None";"None";"None";"";"";"";"CHEMBL613214";"Leishmania mexicana mexicana";"Leishmania mexicana mexicana";"ORGANISM";"CHEMBL2413023";"1";"Scientific Literature";"Eur J Med Chem";"2013";"None";"";"";""
"CHEMBL2413271";"";"None";"697.02";"2";"9.33";"4a";"C=C[C@H]1CN2CC[C@H]1C[C@H]2[C@H](O)c1cc(CC[C@@H](C)[C@H]2CC[C@H]3[C@@H]4CC[C@@H]5C[C@H](OC(C)=O)CC[C@]5(C)[C@H]4CC[C@]23C)nc2ccc(OC)cc12";"IC50";"'='";"13.97";"ug.mL-1";"";"";"";"UO_0000274";"";"";"";"";"0";"CHEMBL2416755";"Antileishmanial activity against Leishmania mexicana mexicana MHOM/BZ/84/BEL46 promastigotes assessed as parasite LDH activity by three-fold serial dilution method";"F";"BAO_0000218";"organism-based format";"Leishmania mexicana mexicana";"None";"None";"None";"None";"";"";"";"CHEMBL613214";"Leishmania mexicana mexicana";"Leishmania mexicana mexicana";"ORGANISM";"CHEMBL2413023";"1";"Scientific Literature";"Eur J Med Chem";"2013";"None";"";"";""
"CHEMBL567597";"ARTEMISININ";"4.0";"282.34";"0";"2.39";"Artemisinin";"C[C@@H]1CC[C@H]2[C@@H](C)C(=O)O[C@@H]3O[C@]4(C)CC[C@@H]1[C@]32OO4";"IC50";"";"";"";"";"";"Not Determined";"";"";"";"";"";"0";"CHEMBL2416755";"Antileishmanial activity against Leishmania mexicana mexicana MHOM/BZ/84/BEL46 promastigotes assessed as parasite LDH activity by three-fold serial dilution method";"F";"BAO_0000218";"organism-based format";"Leishmania mexicana mexicana";"None";"None";"None";"None";"";"";"";"CHEMBL613214";"Leishmania mexicana mexicana";"Leishmania mexicana mexicana";"ORGANISM";"CHEMBL2413023";"1";"Scientific Literature";"Eur J Med Chem";"2013";"None";"";"";""
"CHEMBL1294";"QUINIDINE";"4.0";"324.42";"0";"3.17";"1b";"C=C[C@H]1CN2CC[C@H]1C[C@@H]2[C@@H](O)c1ccnc2ccc(OC)cc12";"IC50";"'>'";"20.0";"ug.mL-1";"";"";"";"UO_0000274";"";"";"";"";"0";"CHEMBL2416755";"Antileishmanial activity against Leishmania mexicana mexicana MHOM/BZ/84/BEL46 promastigotes assessed as parasite LDH activity by three-fold serial dilution method";"F";"BAO_0000218";"organism-based format";"Leishmania mexicana mexicana";"None";"None";"None";"None";"";"";"";"CHEMBL613214";"Leishmania mexicana mexicana";"Leishmania mexicana mexicana";"ORGANISM";"CHEMBL2413023";"1";"Scientific Literature";"Eur J Med Chem";"2013";"None";"";"";""
"CHEMBL2413159";"";"None";"640.95";"2";"7.72";"5h";"C=C[C@H]1CN2CC[C@H]1C[C@H]2[C@H](O)c1cc(CC[C@@H](C)[C@H]2CC[C@H]3[C@@H]4[C@H](O)C[C@@H]5C[C@H](O)CC[C@]5(C)[C@H]4CC[C@]23C)nc2ccccc12";"IC50";"'='";"3.45";"ug.mL-1";"";"";"";"UO_0000274";"";"";"";"";"0";"CHEMBL2416755";"Antileishmanial activity against Leishmania mexicana mexicana MHOM/BZ/84/BEL46 promastigotes assessed as parasite LDH activity by three-fold serial dilution method";"F";"BAO_0000218";"organism-based format";"Leishmania mexicana mexicana";"None";"None";"None";"None";"";"";"";"CHEMBL613214";"Leishmania mexicana mexicana";"Leishmania mexicana mexicana";"ORGANISM";"CHEMBL2413023";"1";"Scientific Literature";"Eur J Med Chem";"2013";"None";"";"";""
"CHEMBL2413275";"";"None";"666.99";"2";"9.32";"4e";"C=C[C@H]1CN2CC[C@H]1C[C@H]2[C@@H](O)c1cc(CC[C@@H](C)[C@H]2CC[C@H]3[C@@H]4CC[C@@H]5C[C@H](OC(C)=O)CC[C@]5(C)[C@H]4CC[C@]23C)nc2ccccc12";"IC50";"'='";"12.06";"ug.mL-1";"";"";"";"UO_0000274";"";"";"";"";"0";"CHEMBL2416755";"Antileishmanial activity against Leishmania mexicana mexicana MHOM/BZ/84/BEL46 promastigotes assessed as parasite LDH activity by three-fold serial dilution method";"F";"BAO_0000218";"organism-based format";"Leishmania mexicana mexicana";"None";"None";"None";"None";"";"";"";"CHEMBL613214";"Leishmania mexicana mexicana";"Leishmania mexicana mexicana";"ORGANISM";"CHEMBL2413023";"1";"Scientific Literature";"Eur J Med Chem";"2013";"None";"";"";""
"CHEMBL267345";"AMPHOTERICIN B";"4.0";"924.09";"3";"0.71";"Amphotericin B";"C[C@@H]1[C@H](O)[C@@H](C)/C=C/C=C/C=C/C=C/C=C/C=C/C=C/[C@H](O[C@@H]2O[C@H](C)[C@@H](O)[C@H](N)[C@@H]2O)C[C@@H]2O[C@](O)(C[C@@H](O)C[C@@H](O)[C@H](O)CC[C@@H](O)C[C@@H](O)CC(=O)O[C@H]1C)C[C@H](O)[C@H]2C(=O)O";"IC50";"'='";"0.1";"ug.mL-1";"";"";"";"UO_0000274";"";"";"";"";"0";"CHEMBL2416755";"Antileishmanial activity against Leishmania mexicana mexicana MHOM/BZ/84/BEL46 promastigotes assessed as parasite LDH activity by three-fold serial dilution method";"F";"BAO_0000218";"organism-based format";"Leishmania mexicana mexicana";"None";"None";"None";"None";"";"";"";"CHEMBL613214";"Leishmania mexicana mexicana";"Leishmania mexicana mexicana";"ORGANISM";"CHEMBL2413023";"1";"Scientific Literature";"Eur J Med Chem";"2013";"None";"";"";""
"CHEMBL2413281";"";"None";"670.98";"2";"7.73";"5d";"C=C[C@H]1CN2CC[C@H]1C[C@H]2[C@@H](O)c1cc(CC[C@@H](C)[C@H]2CC[C@H]3[C@@H]4[C@H](O)C[C@@H]5C[C@H](O)CC[C@]5(C)[C@H]4CC[C@]23C)nc2ccc(OC)cc12";"IC50";"'='";"3.86";"ug.mL-1";"";"";"";"UO_0000274";"";"";"";"";"0";"CHEMBL2416755";"Antileishmanial activity against Leishmania mexicana mexicana MHOM/BZ/84/BEL46 promastigotes assessed as parasite LDH activity by three-fold serial dilution method";"F";"BAO_0000218";"organism-based format";"Leishmania mexicana mexicana";"None";"None";"None";"None";"";"";"";"CHEMBL613214";"Leishmania mexicana mexicana";"Leishmania mexicana mexicana";"ORGANISM";"CHEMBL2413023";"1";"Scientific Literature";"Eur J Med Chem";"2013";"None";"";"";""
"CHEMBL588619";"CINCHONINE";"-1.0";"294.40";"0";"3.16";"1c";"C=C[C@H]1CN2CC[C@H]1C[C@@H]2[C@@H](O)c1ccnc2ccccc12";"IC50";"'>'";"20.0";"ug.mL-1";"";"";"";"UO_0000274";"";"";"";"";"0";"CHEMBL2416755";"Antileishmanial activity against Leishmania mexicana mexicana MHOM/BZ/84/BEL46 promastigotes assessed as parasite LDH activity by three-fold serial dilution method";"F";"BAO_0000218";"organism-based format";"Leishmania mexicana mexicana";"None";"None";"None";"None";"";"";"";"CHEMBL613214";"Leishmania mexicana mexicana";"Leishmania mexicana mexicana";"ORGANISM";"CHEMBL2413023";"1";"Scientific Literature";"Eur J Med Chem";"2013";"None";"";"";""
"CHEMBL2413157";"";"None";"640.95";"2";"7.72";"5f";"C=C[C@H]1CN2CC[C@H]1C[C@H]2[C@@H](O)c1cc(CC[C@@H](C)[C@H]2CC[C@H]3[C@@H]4[C@H](O)C[C@@H]5C[C@H](O)CC[C@]5(C)[C@H]4CC[C@]23C)nc2ccccc12";"IC50";"'='";"3.39";"ug.mL-1";"";"";"";"UO_0000274";"";"";"";"";"0";"CHEMBL2416755";"Antileishmanial activity against Leishmania mexicana mexicana MHOM/BZ/84/BEL46 promastigotes assessed as parasite LDH activity by three-fold serial dilution method";"F";"BAO_0000218";"organism-based format";"Leishmania mexicana mexicana";"None";"None";"None";"None";"";"";"";"CHEMBL613214";"Leishmania mexicana mexicana";"Leishmania mexicana mexicana";"ORGANISM";"CHEMBL2413023";"1";"Scientific Literature";"Eur J Med Chem";"2013";"None";"";"";""
"CHEMBL2413081";"";"None";"666.99";"2";"9.32";"4g";"C=C[C@H]1CN2CC[C@H]1C[C@H]2[C@H](O)c1cc(CC[C@@H](C)[C@H]2CC[C@H]3[C@@H]4CC[C@@H]5C[C@H](OC(C)=O)CC[C@]5(C)[C@H]4CC[C@]23C)nc2ccccc12";"IC50";"'='";"12.19";"ug.mL-1";"";"";"";"UO_0000274";"";"";"";"";"0";"CHEMBL2416755";"Antileishmanial activity against Leishmania mexicana mexicana MHOM/BZ/84/BEL46 promastigotes assessed as parasite LDH activity by three-fold serial dilution method";"F";"BAO_0000218";"organism-based format";"Leishmania mexicana mexicana";"None";"None";"None";"None";"";"";"";"CHEMBL613214";"Leishmania mexicana mexicana";"Leishmania mexicana mexicana";"ORGANISM";"CHEMBL2413023";"1";"Scientific Literature";"Eur J Med Chem";"2013";"None";"";"";""
"CHEMBL2413280";"";"None";"654.98";"2";"8.76";"5c";"C=C[C@H]1CN2CC[C@H]1C[C@H]2[C@@H](O)c1cc(CC[C@@H](C)[C@H]2CC[C@H]3[C@@H]4CC[C@@H]5C[C@H](O)CC[C@]5(C)[C@H]4CC[C@]23C)nc2ccc(OC)cc12";"IC50";"'='";"4.05";"ug.mL-1";"";"";"";"UO_0000274";"";"";"";"";"0";"CHEMBL2416755";"Antileishmanial activity against Leishmania mexicana mexicana MHOM/BZ/84/BEL46 promastigotes assessed as parasite LDH activity by three-fold serial dilution method";"F";"BAO_0000218";"organism-based format";"Leishmania mexicana mexicana";"None";"None";"None";"None";"";"";"";"CHEMBL613214";"Leishmania mexicana mexicana";"Leishmania mexicana mexicana";"ORGANISM";"CHEMBL2413023";"1";"Scientific Literature";"Eur J Med Chem";"2013";"None";"";"";""
"CHEMBL2413279";"";"None";"670.98";"2";"7.73";"5b";"C=C[C@H]1CN2CC[C@H]1C[C@H]2[C@H](O)c1cc(CC[C@@H](C)[C@H]2CC[C@H]3[C@@H]4[C@H](O)C[C@@H]5C[C@H](O)CC[C@]5(C)[C@H]4CC[C@]23C)nc2ccc(OC)cc12";"IC50";"'='";"4.67";"ug.mL-1";"";"";"";"UO_0000274";"";"";"";"";"0";"CHEMBL2416755";"Antileishmanial activity against Leishmania mexicana mexicana MHOM/BZ/84/BEL46 promastigotes assessed as parasite LDH activity by three-fold serial dilution method";"F";"BAO_0000218";"organism-based format";"Leishmania mexicana mexicana";"None";"None";"None";"None";"";"";"";"CHEMBL613214";"Leishmania mexicana mexicana";"Leishmania mexicana mexicana";"ORGANISM";"CHEMBL2413023";"1";"Scientific Literature";"Eur J Med Chem";"2013";"None";"";"";""
"CHEMBL65";"CAMPTOTHECIN";"-1.0";"348.36";"0";"2.08";"Camptothecin";"CC[C@@]1(O)C(=O)OCc2c1cc1n(c2=O)Cc2cc3ccccc3nc2-1";"IC50";"";"";"";"";"";"Not Determined";"";"";"";"";"";"0";"CHEMBL2416755";"Antileishmanial activity against Leishmania mexicana mexicana MHOM/BZ/84/BEL46 promastigotes assessed as parasite LDH activity by three-fold serial dilution method";"F";"BAO_0000218";"organism-based format";"Leishmania mexicana mexicana";"None";"None";"None";"None";"";"";"";"CHEMBL613214";"Leishmania mexicana mexicana";"Leishmania mexicana mexicana";"ORGANISM";"CHEMBL2413023";"1";"Scientific Literature";"Eur J Med Chem";"2013";"None";"";"";""
"CHEMBL2413278";"";"None";"654.98";"2";"8.76";"5a";"C=C[C@H]1CN2CC[C@H]1C[C@H]2[C@H](O)c1cc(CC[C@@H](C)[C@H]2CC[C@H]3[C@@H]4CC[C@@H]5C[C@H](O)CC[C@]5(C)[C@H]4CC[C@]23C)nc2ccc(OC)cc12";"IC50";"'>'";"20.0";"ug.mL-1";"";"";"";"UO_0000274";"";"";"";"";"0";"CHEMBL2416755";"Antileishmanial activity against Leishmania mexicana mexicana MHOM/BZ/84/BEL46 promastigotes assessed as parasite LDH activity by three-fold serial dilution method";"F";"BAO_0000218";"organism-based format";"Leishmania mexicana mexicana";"None";"None";"None";"None";"";"";"";"CHEMBL613214";"Leishmania mexicana mexicana";"Leishmania mexicana mexicana";"ORGANISM";"CHEMBL2413023";"1";"Scientific Literature";"Eur J Med Chem";"2013";"None";"";"";""
"CHEMBL2413158";"";"None";"624.95";"2";"8.75";"5g";"C=C[C@H]1CN2CC[C@H]1C[C@H]2[C@H](O)c1cc(CC[C@@H](C)[C@H]2CC[C@H]3[C@@H]4CC[C@@H]5C[C@H](O)CC[C@]5(C)[C@H]4CC[C@]23C)nc2ccccc12";"IC50";"'='";"12.81";"ug.mL-1";"";"";"";"UO_0000274";"";"";"";"";"0";"CHEMBL2416755";"Antileishmanial activity against Leishmania mexicana mexicana MHOM/BZ/84/BEL46 promastigotes assessed as parasite LDH activity by three-fold serial dilution method";"F";"BAO_0000218";"organism-based format";"Leishmania mexicana mexicana";"None";"None";"None";"None";"";"";"";"CHEMBL613214";"Leishmania mexicana mexicana";"Leishmania mexicana mexicana";"ORGANISM";"CHEMBL2413023";"1";"Scientific Literature";"Eur J Med Chem";"2013";"None";"";"";""
"CHEMBL2413156";"";"None";"624.95";"2";"8.75";"5e";"C=C[C@H]1CN2CC[C@H]1C[C@H]2[C@@H](O)c1cc(CC[C@@H](C)[C@H]2CC[C@H]3[C@@H]4CC[C@@H]5C[C@H](O)CC[C@]5(C)[C@H]4CC[C@]23C)nc2ccccc12";"IC50";"'='";"4.08";"ug.mL-1";"";"";"";"UO_0000274";"";"";"";"";"0";"CHEMBL2416755";"Antileishmanial activity against Leishmania mexicana mexicana MHOM/BZ/84/BEL46 promastigotes assessed as parasite LDH activity by three-fold serial dilution method";"F";"BAO_0000218";"organism-based format";"Leishmania mexicana mexicana";"None";"None";"None";"None";"";"";"";"CHEMBL613214";"Leishmania mexicana mexicana";"Leishmania mexicana mexicana";"ORGANISM";"CHEMBL2413023";"1";"Scientific Literature";"Eur J Med Chem";"2013";"None";"";"";""
"CHEMBL2413277";"";"None";"725.03";"2";"8.87";"4h";"C=C[C@H]1CN2CC[C@H]1C[C@H]2[C@H](O)c1cc(CC[C@@H](C)[C@H]2CC[C@H]3[C@@H]4[C@H](OC(C)=O)C[C@@H]5C[C@H](OC(C)=O)CC[C@]5(C)[C@H]4CC[C@]23C)nc2ccccc12";"IC50";"'='";"3.91";"ug.mL-1";"";"";"";"UO_0000274";"";"";"";"";"0";"CHEMBL2416755";"Antileishmanial activity against Leishmania mexicana mexicana MHOM/BZ/84/BEL46 promastigotes assessed as parasite LDH activity by three-fold serial dilution method";"F";"BAO_0000218";"organism-based format";"Leishmania mexicana mexicana";"None";"None";"None";"None";"";"";"";"CHEMBL613214";"Leishmania mexicana mexicana";"Leishmania mexicana mexicana";"ORGANISM";"CHEMBL2413023";"1";"Scientific Literature";"Eur J Med Chem";"2013";"None";"";"";""
"CHEMBL2413276";"";"None";"725.03";"2";"8.87";"4f";"C=C[C@H]1CN2CC[C@H]1C[C@H]2[C@@H](O)c1cc(CC[C@@H](C)[C@H]2CC[C@H]3[C@@H]4[C@H](OC(C)=O)C[C@@H]5C[C@H](OC(C)=O)CC[C@]5(C)[C@H]4CC[C@]23C)nc2ccccc12";"IC50";"'='";"4.11";"ug.mL-1";"";"";"";"UO_0000274";"";"";"";"";"0";"CHEMBL2416755";"Antileishmanial activity against Leishmania mexicana mexicana MHOM/BZ/84/BEL46 promastigotes assessed as parasite LDH activity by three-fold serial dilution method";"F";"BAO_0000218";"organism-based format";"Leishmania mexicana mexicana";"None";"None";"None";"None";"";"";"";"CHEMBL613214";"Leishmania mexicana mexicana";"Leishmania mexicana mexicana";"ORGANISM";"CHEMBL2413023";"1";"Scientific Literature";"Eur J Med Chem";"2013";"None";"";"";""
"CHEMBL533841";"CINCHONIDINE";"-1.0";"294.40";"0";"3.16";"1d";"C=C[C@H]1CN2CC[C@H]1C[C@H]2[C@H](O)c1ccnc2ccccc12";"IC50";"'='";"5.74";"ug.mL-1";"";"";"";"UO_0000274";"";"";"";"";"0";"CHEMBL2416755";"Antileishmanial activity against Leishmania mexicana mexicana MHOM/BZ/84/BEL46 promastigotes assessed as parasite LDH activity by three-fold serial dilution method";"F";"BAO_0000218";"organism-based format";"Leishmania mexicana mexicana";"None";"None";"None";"None";"";"";"";"CHEMBL613214";"Leishmania mexicana mexicana";"Leishmania mexicana mexicana";"ORGANISM";"CHEMBL2413023";"1";"Scientific Literature";"Eur J Med Chem";"2013";"None";"";"";""
"CHEMBL456975";"ESPINTANOL";"None";"210.27";"0";"2.84";"3a, espintanol";"COc1cc(C)c(O)c(OC)c1C(C)C";"IC90";"'='";"25.0";"ug";"";"";"";"UO_0000023";"";"";"";"";"0";"CHEMBL1016634";"Antileishmanial activity against Leishmania mexicana mexicana BEL21 after 48 hrs";"F";"BAO_0000218";"organism-based format";"Leishmania mexicana mexicana";"None";"None";"None";"None";"";"";"";"CHEMBL613214";"Leishmania mexicana mexicana";"Leishmania mexicana mexicana";"ORGANISM";"CHEMBL1158948";"1";"Scientific Literature";"J Nat Prod";"1991";"None";"";"";""
"CHEMBL239129";"MEGLUMINE ANTIMONATE";"3.0";"365.98";"None";"None";"glucantime";"";"IC90";"'>'";"100.0";"ug";"";"";"";"UO_0000023";"";"";"";"";"0";"CHEMBL1016634";"Antileishmanial activity against Leishmania mexicana mexicana BEL21 after 48 hrs";"F";"BAO_0000218";"organism-based format";"Leishmania mexicana mexicana";"None";"None";"None";"None";"";"";"";"CHEMBL613214";"Leishmania mexicana mexicana";"Leishmania mexicana mexicana";"ORGANISM";"CHEMBL1158948";"1";"Scientific Literature";"J Nat Prod";"1991";"None";"";"";""
"CHEMBL170";"QUININE";"4.0";"324.42";"0";"3.17";"1a";"C=C[C@H]1CN2CC[C@H]1C[C@H]2[C@H](O)c1ccnc2ccc(OC)cc12";"IC50";"'>'";"20.0";"ug.mL-1";"";"";"";"UO_0000274";"";"";"";"";"0";"CHEMBL2416755";"Antileishmanial activity against Leishmania mexicana mexicana MHOM/BZ/84/BEL46 promastigotes assessed as parasite LDH activity by three-fold serial dilution method";"F";"BAO_0000218";"organism-based format";"Leishmania mexicana mexicana";"None";"None";"None";"None";"";"";"";"CHEMBL613214";"Leishmania mexicana mexicana";"Leishmania mexicana mexicana";"ORGANISM";"CHEMBL2413023";"1";"Scientific Literature";"Eur J Med Chem";"2013";"None";"";"";""
"CHEMBL2413274";"";"None";"755.05";"2";"8.87";"4d";"C=C[C@H]1CN2CC[C@H]1C[C@H]2[C@@H](O)c1cc(CC[C@@H](C)[C@H]2CC[C@H]3[C@@H]4[C@H](OC(C)=O)C[C@@H]5C[C@H](OC(C)=O)CC[C@]5(C)[C@H]4CC[C@]23C)nc2ccc(OC)cc12";"IC50";"'='";"4.15";"ug.mL-1";"";"";"";"UO_0000274";"";"";"";"";"0";"CHEMBL2416755";"Antileishmanial activity against Leishmania mexicana mexicana MHOM/BZ/84/BEL46 promastigotes assessed as parasite LDH activity by three-fold serial dilution method";"F";"BAO_0000218";"organism-based format";"Leishmania mexicana mexicana";"None";"None";"None";"None";"";"";"";"CHEMBL613214";"Leishmania mexicana mexicana";"Leishmania mexicana mexicana";"ORGANISM";"CHEMBL2413023";"1";"Scientific Literature";"Eur J Med Chem";"2013";"None";"";"";""
"CHEMBL2413272";"";"None";"755.05";"2";"8.87";"4b";"C=C[C@H]1CN2CC[C@H]1C[C@H]2[C@H](O)c1cc(CC[C@@H](C)[C@H]2CC[C@H]3[C@@H]4[C@H](OC(C)=O)C[C@@H]5C[C@H](OC(C)=O)CC[C@]5(C)[C@H]4CC[C@]23C)nc2ccc(OC)cc12";"IC50";"'='";"3.49";"ug.mL-1";"";"";"";"UO_0000274";"";"";"";"";"0";"CHEMBL2416755";"Antileishmanial activity against Leishmania mexicana mexicana MHOM/BZ/84/BEL46 promastigotes assessed as parasite LDH activity by three-fold serial dilution method";"F";"BAO_0000218";"organism-based format";"Leishmania mexicana mexicana";"None";"None";"None";"None";"";"";"";"CHEMBL613214";"Leishmania mexicana mexicana";"Leishmania mexicana mexicana";"ORGANISM";"CHEMBL2413023";"1";"Scientific Literature";"Eur J Med Chem";"2013";"None";"";"";""
