"Molecule ChEMBL ID";"Molecule Name";"Molecule Max Phase";"Molecular Weight";"#RO5 Violations";"AlogP";"Compound Key";"Smiles";"Standard Type";"Standard Relation";"Standard Value";"Standard Units";"pChEMBL Value";"Data Validity Comment";"Comment";"Uo Units";"Ligand Efficiency BEI";"Ligand Efficiency LE";"Ligand Efficiency LLE";"Ligand Efficiency SEI";"Potential Duplicate";"Assay ChEMBL ID";"Assay Description";"Assay Type";"BAO Format ID";"BAO Label";"Assay Organism";"Assay Tissue ChEMBL ID";"Assay Tissue Name";"Assay Cell Type";"Assay Subcellular Fraction";"Assay Parameters";"Assay Variant Accession";"Assay Variant Mutation";"Target ChEMBL ID";"Target Name";"Target Organism";"Target Type";"Document ChEMBL ID";"Source ID";"Source Description";"Document Journal";"Document Year";"Cell ChEMBL ID";"Properties";"Action Type";"Standard Text Value"
"CHEMBL200107";"";"None";"408.23";"0";"2.48";"11";"Cc1cc(-c2cccc(CC(O)(P(=O)(O)O)P(=O)(O)O)c2)c(F)cc1F";"IC50";"'='";"12280.0";"nM";"4.91";"";"";"UO_0000065";"12.03";"0.26";"2.43";"3.63";"0";"CHEMBL858875";"Inhibitory activity against FPPS in Leishmania major";"B";"BAO_0000357";"single protein format";"Leishmania major";"None";"None";"None";"None";"";"";"";"CHEMBL3693";"Farnesyl pyrophosphate synthase";"Leishmania donovani";"SINGLE PROTEIN";"CHEMBL1148603";"1";"Scientific Literature";"J Med Chem";"2006";"None";"";"";""
"CHEMBL416301";"";"None";"346.30";"0";"2.91";"8";"CCCCCCCCCCCC(O)(P(=O)(O)O)P(=O)(O)O";"IC50";"'='";"7750.0";"nM";"5.11";"";"";"UO_0000065";"14.76";"0.33";"2.20";"3.78";"0";"CHEMBL679572";"Inhibitory activity against Leishmania major Farnesyl diphosphate synthase";"B";"BAO_0000357";"single protein format";"Leishmania major";"None";"None";"None";"None";"";"";"";"CHEMBL3693";"Farnesyl pyrophosphate synthase";"Leishmania donovani";"SINGLE PROTEIN";"CHEMBL1148279";"1";"Scientific Literature";"J Med Chem";"2004";"None";"";"";""
"CHEMBL55371";"";"None";"343.21";"0";"2.40";"77";"O=P(O)(O)C(Nc1cccc(-c2ccccc2)c1)P(=O)(O)O";"IC50";"'='";"100000.0";"nM";"4.00";"";"";"UO_0000065";"11.65";"0.25";"1.60";"3.15";"0";"CHEMBL679572";"Inhibitory activity against Leishmania major Farnesyl diphosphate synthase";"B";"BAO_0000357";"single protein format";"Leishmania major";"None";"None";"None";"None";"";"";"";"CHEMBL3693";"Farnesyl pyrophosphate synthase";"Leishmania donovani";"SINGLE PROTEIN";"CHEMBL1148279";"1";"Scientific Literature";"J Med Chem";"2004";"None";"";"";""
"CHEMBL294192";"";"None";"282.13";"0";"0.17";"98";"O=P(O)(O)C(CNc1ccccn1)P(=O)(O)O";"IC50";"'='";"170.0";"nM";"6.77";"";"";"UO_0000065";"23.99";"0.54";"6.60";"4.84";"0";"CHEMBL679572";"Inhibitory activity against Leishmania major Farnesyl diphosphate synthase";"B";"BAO_0000357";"single protein format";"Leishmania major";"None";"None";"None";"None";"";"";"";"CHEMBL3693";"Farnesyl pyrophosphate synthase";"Leishmania donovani";"SINGLE PROTEIN";"CHEMBL1148279";"1";"Scientific Literature";"J Med Chem";"2004";"None";"";"";""
"CHEMBL54537";"";"None";"367.28";"0";"0.94";"33";"CN(CCCc1ccccc1)CCC(O)(P(=O)(O)O)P(=O)(O)O";"IC50";"'='";"500.0";"nM";"6.30";"";"";"UO_0000065";"17.16";"0.37";"5.36";"4.55";"0";"CHEMBL679572";"Inhibitory activity against Leishmania major Farnesyl diphosphate synthase";"B";"BAO_0000357";"single protein format";"Leishmania major";"None";"None";"None";"None";"";"";"";"CHEMBL3693";"Farnesyl pyrophosphate synthase";"Leishmania donovani";"SINGLE PROTEIN";"CHEMBL1148279";"1";"Scientific Literature";"J Med Chem";"2004";"None";"";"";""
"CHEMBL923";"RISEDRONIC ACID";"4.0";"283.11";"0";"-0.37";"4";"O=P(O)(O)C(O)(Cc1cccnc1)P(=O)(O)O";"IC50";"'='";"170.0";"nM";"6.77";"";"";"UO_0000065";"23.91";"0.54";"7.14";"4.57";"1";"CHEMBL858875";"Inhibitory activity against FPPS in Leishmania major";"B";"BAO_0000357";"single protein format";"Leishmania major";"None";"None";"None";"None";"";"";"";"CHEMBL3693";"Farnesyl pyrophosphate synthase";"Leishmania donovani";"SINGLE PROTEIN";"CHEMBL1148603";"1";"Scientific Literature";"J Med Chem";"2006";"None";"";"";""
"CHEMBL923";"RISEDRONIC ACID";"4.0";"283.11";"0";"-0.37";"3";"O=P(O)(O)C(O)(Cc1cccnc1)P(=O)(O)O";"Ki";"'='";"17.0";"nM";"7.77";"";"";"UO_0000065";"27.44";"0.62";"8.14";"5.24";"0";"CHEMBL839917";"Binding affinity towards Farnesyl diphosphate synthase from leishmania major";"B";"BAO_0000357";"single protein format";"Leishmania major";"None";"None";"None";"None";"";"";"";"CHEMBL3693";"Farnesyl pyrophosphate synthase";"Leishmania donovani";"SINGLE PROTEIN";"CHEMBL1143607";"1";"Scientific Literature";"J Med Chem";"2005";"None";"";"";""
"CHEMBL54004";"";"None";"318.24";"0";"2.13";"13";"CCCCCCCCCC(O)(P(=O)(O)O)P(=O)(O)O";"IC50";"'='";"2370.0";"nM";"5.62";"";"";"UO_0000065";"17.68";"0.40";"3.50";"4.16";"1";"CHEMBL858875";"Inhibitory activity against FPPS in Leishmania major";"B";"BAO_0000357";"single protein format";"Leishmania major";"None";"None";"None";"None";"";"";"";"CHEMBL3693";"Farnesyl pyrophosphate synthase";"Leishmania donovani";"SINGLE PROTEIN";"CHEMBL1148603";"1";"Scientific Literature";"J Med Chem";"2006";"None";"";"";""
"CHEMBL55886";"";"None";"283.11";"0";"-0.37";"18";"O=P(O)(O)C(O)(Cc1ccncc1)P(=O)(O)O";"IC50";"'='";"1348.96";"nM";"5.87";"";"";"UO_0000065";"20.73";"0.47";"6.24";"3.96";"0";"CHEMBL858875";"Inhibitory activity against FPPS in Leishmania major";"B";"BAO_0000357";"single protein format";"Leishmania major";"None";"None";"None";"None";"";"";"";"CHEMBL3693";"Farnesyl pyrophosphate synthase";"Leishmania donovani";"SINGLE PROTEIN";"CHEMBL1148603";"1";"Scientific Literature";"J Med Chem";"2006";"None";"";"";""
"CHEMBL417549";"(NONYLAMINO)METHYLENEDIPHOSPHONIC ACID";"None";"317.26";"0";"1.97";"45";"CCCCCCCCCNC(P(=O)(O)O)P(=O)(O)O";"IC50";"'='";"900.0";"nM";"6.05";"";"";"UO_0000065";"19.06";"0.43";"4.08";"4.76";"0";"CHEMBL679572";"Inhibitory activity against Leishmania major Farnesyl diphosphate synthase";"B";"BAO_0000357";"single protein format";"Leishmania major";"None";"None";"None";"None";"";"";"";"CHEMBL3693";"Farnesyl pyrophosphate synthase";"Leishmania donovani";"SINGLE PROTEIN";"CHEMBL1148279";"1";"Scientific Literature";"J Med Chem";"2004";"None";"";"";""
"CHEMBL298547";"";"None";"290.19";"0";"1.35";"5";"CCCCCCCC(O)(P(=O)(O)O)P(=O)(O)O";"IC50";"'='";"19940.0";"nM";"4.70";"";"";"UO_0000065";"16.20";"0.38";"3.35";"3.47";"0";"CHEMBL679572";"Inhibitory activity against Leishmania major Farnesyl diphosphate synthase";"B";"BAO_0000357";"single protein format";"Leishmania major";"None";"None";"None";"None";"";"";"";"CHEMBL3693";"Farnesyl pyrophosphate synthase";"Leishmania donovani";"SINGLE PROTEIN";"CHEMBL1148279";"1";"Scientific Literature";"J Med Chem";"2004";"None";"";"";""
"CHEMBL55371";"";"None";"343.21";"0";"2.40";"9";"O=P(O)(O)C(Nc1cccc(-c2ccccc2)c1)P(=O)(O)O";"IC50";"'='";"11481.54";"nM";"4.94";"";"";"UO_0000065";"14.39";"0.31";"2.54";"3.89";"0";"CHEMBL858875";"Inhibitory activity against FPPS in Leishmania major";"B";"BAO_0000357";"single protein format";"Leishmania major";"None";"None";"None";"None";"";"";"";"CHEMBL3693";"Farnesyl pyrophosphate synthase";"Leishmania donovani";"SINGLE PROTEIN";"CHEMBL1148603";"1";"Scientific Literature";"J Med Chem";"2006";"None";"";"";""
"CHEMBL53982";"";"None";"369.25";"0";"0.39";"40";"CN(CCOc1ccccc1)CCC(O)(P(=O)(O)O)P(=O)(O)O";"IC50";"'='";"416.87";"nM";"6.38";"";"";"UO_0000065";"17.28";"0.38";"5.99";"4.32";"0";"CHEMBL858875";"Inhibitory activity against FPPS in Leishmania major";"B";"BAO_0000357";"single protein format";"Leishmania major";"None";"None";"None";"None";"";"";"";"CHEMBL3693";"Farnesyl pyrophosphate synthase";"Leishmania donovani";"SINGLE PROTEIN";"CHEMBL1148603";"1";"Scientific Literature";"J Med Chem";"2006";"None";"";"";""
"CHEMBL55371";"";"None";"343.21";"0";"2.40";"9";"O=P(O)(O)C(Nc1cccc(-c2ccccc2)c1)P(=O)(O)O";"IC50";"'='";"11460.0";"nM";"4.94";"";"";"UO_0000065";"14.40";"0.31";"2.54";"3.89";"0";"CHEMBL858875";"Inhibitory activity against FPPS in Leishmania major";"B";"BAO_0000357";"single protein format";"Leishmania major";"None";"None";"None";"None";"";"";"";"CHEMBL3693";"Farnesyl pyrophosphate synthase";"Leishmania donovani";"SINGLE PROTEIN";"CHEMBL1148603";"1";"Scientific Literature";"J Med Chem";"2006";"None";"";"";""
"CHEMBL193131";"";"None";"367.62";"0";"0.15";"14";"O=P([O-])(O)C(O)(C[n+]1cccc2cc(Cl)ccc21)P(=O)(O)O";"Ki";"'='";"380.0";"nM";"6.42";"";"";"UO_0000065";"17.46";"0.40";"6.27";"4.52";"0";"CHEMBL839917";"Binding affinity towards Farnesyl diphosphate synthase from leishmania major";"B";"BAO_0000357";"single protein format";"Leishmania major";"None";"None";"None";"None";"";"";"";"CHEMBL3693";"Farnesyl pyrophosphate synthase";"Leishmania donovani";"SINGLE PROTEIN";"CHEMBL1143607";"1";"Scientific Literature";"J Med Chem";"2005";"None";"";"";""
"CHEMBL53982";"";"None";"369.25";"0";"0.39";"36";"CN(CCOc1ccccc1)CCC(O)(P(=O)(O)O)P(=O)(O)O";"IC50";"'='";"450.0";"nM";"6.35";"";"";"UO_0000065";"17.19";"0.38";"5.96";"4.30";"0";"CHEMBL679572";"Inhibitory activity against Leishmania major Farnesyl diphosphate synthase";"B";"BAO_0000357";"single protein format";"Leishmania major";"None";"None";"None";"None";"";"";"";"CHEMBL3693";"Farnesyl pyrophosphate synthase";"Leishmania donovani";"SINGLE PROTEIN";"CHEMBL1148279";"1";"Scientific Literature";"J Med Chem";"2004";"None";"";"";""
"CHEMBL200107";"";"None";"408.23";"0";"2.48";"11";"Cc1cc(-c2cccc(CC(O)(P(=O)(O)O)P(=O)(O)O)c2)c(F)cc1F";"IC50";"'='";"12302.69";"nM";"4.91";"";"";"UO_0000065";"12.03";"0.26";"2.43";"3.63";"0";"CHEMBL858875";"Inhibitory activity against FPPS in Leishmania major";"B";"BAO_0000357";"single protein format";"Leishmania major";"None";"None";"None";"None";"";"";"";"CHEMBL3693";"Farnesyl pyrophosphate synthase";"Leishmania donovani";"SINGLE PROTEIN";"CHEMBL1148603";"1";"Scientific Literature";"J Med Chem";"2006";"None";"";"";""
"CHEMBL202878";"";"None";"361.20";"0";"2.54";"16";"O=P(O)(O)C(Nc1ccc(F)c(-c2ccccc2)c1)P(=O)(O)O";"IC50";"'='";"28840.32";"nM";"4.54";"";"";"UO_0000065";"12.57";"0.27";"2.00";"3.57";"0";"CHEMBL858875";"Inhibitory activity against FPPS in Leishmania major";"B";"BAO_0000357";"single protein format";"Leishmania major";"None";"None";"None";"None";"";"";"";"CHEMBL3693";"Farnesyl pyrophosphate synthase";"Leishmania donovani";"SINGLE PROTEIN";"CHEMBL1148603";"1";"Scientific Literature";"J Med Chem";"2006";"None";"";"";""
"CHEMBL433833";"";"None";"365.30";"0";"3.25";"7";"CCCCCCCc1ccc(NC(P(=O)(O)O)P(=O)(O)O)cc1";"IC50";"'>='";"100000.0";"nM";"";"";"";"UO_0000065";"";"";"";"";"0";"CHEMBL858875";"Inhibitory activity against FPPS in Leishmania major";"B";"BAO_0000357";"single protein format";"Leishmania major";"None";"None";"None";"None";"";"";"";"CHEMBL3693";"Farnesyl pyrophosphate synthase";"Leishmania donovani";"SINGLE PROTEIN";"CHEMBL1148603";"1";"Scientific Literature";"J Med Chem";"2006";"None";"";"";""
"CHEMBL193356";"";"None";"297.14";"0";"-1.35";"7";"Cc1ccc[n+](CC(O)(P(=O)([O-])O)P(=O)(O)O)c1";"Ki";"'='";"38.0";"nM";"7.42";"";"";"UO_0000065";"24.97";"0.56";"8.77";"5.23";"0";"CHEMBL839917";"Binding affinity towards Farnesyl diphosphate synthase from leishmania major";"B";"BAO_0000357";"single protein format";"Leishmania major";"None";"None";"None";"None";"";"";"";"CHEMBL3693";"Farnesyl pyrophosphate synthase";"Leishmania donovani";"SINGLE PROTEIN";"CHEMBL1143607";"1";"Scientific Literature";"J Med Chem";"2005";"None";"";"";""
"CHEMBL192342";"";"None";"359.21";"0";"0.01";"8";"O=P([O-])(O)C(O)(C[n+]1cccc(-c2ccccc2)c1)P(=O)(O)O";"Ki";"'='";"9.0";"nM";"8.05";"";"";"UO_0000065";"22.40";"0.48";"8.04";"5.67";"0";"CHEMBL839917";"Binding affinity towards Farnesyl diphosphate synthase from leishmania major";"B";"BAO_0000357";"single protein format";"Leishmania major";"None";"None";"None";"None";"";"";"";"CHEMBL3693";"Farnesyl pyrophosphate synthase";"Leishmania donovani";"SINGLE PROTEIN";"CHEMBL1143607";"1";"Scientific Literature";"J Med Chem";"2005";"None";"";"";""
"CHEMBL200262";"";"None";"384.27";"0";"2.87";"5";"CCn1c2ccccc2c2cc(NC(P(=O)(O)O)P(=O)(O)O)ccc21";"IC50";"'>='";"100000.0";"nM";"";"";"";"UO_0000065";"";"";"";"";"0";"CHEMBL858875";"Inhibitory activity against FPPS in Leishmania major";"B";"BAO_0000357";"single protein format";"Leishmania major";"None";"None";"None";"None";"";"";"";"CHEMBL3693";"Farnesyl pyrophosphate synthase";"Leishmania donovani";"SINGLE PROTEIN";"CHEMBL1148603";"1";"Scientific Literature";"J Med Chem";"2006";"None";"";"";""
"CHEMBL923";"RISEDRONIC ACID";"4.0";"283.11";"0";"-0.37";"4";"O=P(O)(O)C(O)(Cc1cccnc1)P(=O)(O)O";"IC50";"'='";"169.82";"nM";"6.77";"";"";"UO_0000065";"23.91";"0.54";"7.14";"4.57";"0";"CHEMBL858875";"Inhibitory activity against FPPS in Leishmania major";"B";"BAO_0000357";"single protein format";"Leishmania major";"None";"None";"None";"None";"";"";"";"CHEMBL3693";"Farnesyl pyrophosphate synthase";"Leishmania donovani";"SINGLE PROTEIN";"CHEMBL1148603";"1";"Scientific Literature";"J Med Chem";"2006";"None";"";"";""
"CHEMBL200262";"";"None";"384.27";"0";"2.87";"5";"CCn1c2ccccc2c2cc(NC(P(=O)(O)O)P(=O)(O)O)ccc21";"IC50";"'='";"100000.0";"nM";"4.00";"";"";"UO_0000065";"10.41";"0.22";"1.13";"3.03";"0";"CHEMBL858875";"Inhibitory activity against FPPS in Leishmania major";"B";"BAO_0000357";"single protein format";"Leishmania major";"None";"None";"None";"None";"";"";"";"CHEMBL3693";"Farnesyl pyrophosphate synthase";"Leishmania donovani";"SINGLE PROTEIN";"CHEMBL1148603";"1";"Scientific Literature";"J Med Chem";"2006";"None";"";"";""
"CHEMBL301954";"(DIISOPROPYLAMINO)METHYLENEDIPHOSPHONIC ACID";"None";"275.18";"0";"0.74";"53";"CC(C)N(C(C)C)C(P(=O)(O)O)P(=O)(O)O";"IC50";"'>'";"100000.0";"nM";"";"";"";"UO_0000065";"";"";"";"";"0";"CHEMBL679572";"Inhibitory activity against Leishmania major Farnesyl diphosphate synthase";"B";"BAO_0000357";"single protein format";"Leishmania major";"None";"None";"None";"None";"";"";"";"CHEMBL3693";"Farnesyl pyrophosphate synthase";"Leishmania donovani";"SINGLE PROTEIN";"CHEMBL1148279";"1";"Scientific Literature";"J Med Chem";"2004";"None";"";"";""
"CHEMBL412889";"(CYCLOOCTYLAMINO)METHYLENEDIPHOSPHONIC ACID";"None";"301.22";"0";"1.33";"68";"O=P(O)(O)C(NC1CCCCCCC1)P(=O)(O)O";"IC50";"'='";"2440.0";"nM";"5.61";"";"";"UO_0000065";"18.63";"0.43";"4.28";"4.42";"0";"CHEMBL679572";"Inhibitory activity against Leishmania major Farnesyl diphosphate synthase";"B";"BAO_0000357";"single protein format";"Leishmania major";"None";"None";"None";"None";"";"";"";"CHEMBL3693";"Farnesyl pyrophosphate synthase";"Leishmania donovani";"SINGLE PROTEIN";"CHEMBL1148279";"1";"Scientific Literature";"J Med Chem";"2004";"None";"";"";""
"CHEMBL52761";"";"None";"234.08";"0";"-0.21";"1";"CCCC(O)(P(=O)(O)O)P(=O)(O)O";"IC50";"'>'";"100000.0";"nM";"";"";"";"UO_0000065";"";"";"";"";"0";"CHEMBL679572";"Inhibitory activity against Leishmania major Farnesyl diphosphate synthase";"B";"BAO_0000357";"single protein format";"Leishmania major";"None";"None";"None";"None";"";"";"";"CHEMBL3693";"Farnesyl pyrophosphate synthase";"Leishmania donovani";"SINGLE PROTEIN";"CHEMBL1148279";"1";"Scientific Literature";"J Med Chem";"2004";"None";"";"";""
"CHEMBL54004";"";"None";"318.24";"0";"2.13";"13";"CCCCCCCCCC(O)(P(=O)(O)O)P(=O)(O)O";"IC50";"'='";"2344.23";"nM";"5.63";"";"";"UO_0000065";"17.69";"0.40";"3.50";"4.16";"0";"CHEMBL858875";"Inhibitory activity against FPPS in Leishmania major";"B";"BAO_0000357";"single protein format";"Leishmania major";"None";"None";"None";"None";"";"";"";"CHEMBL3693";"Farnesyl pyrophosphate synthase";"Leishmania donovani";"SINGLE PROTEIN";"CHEMBL1148603";"1";"Scientific Literature";"J Med Chem";"2006";"None";"";"";""
"CHEMBL193722";"";"None";"301.10";"0";"-1.52";"20";"O=P([O-])(O)C(O)(C[n+]1cccc(F)c1)P(=O)(O)O";"Ki";"'='";"50.0";"nM";"7.30";"";"";"UO_0000065";"24.25";"0.55";"8.82";"5.14";"0";"CHEMBL839917";"Binding affinity towards Farnesyl diphosphate synthase from leishmania major";"B";"BAO_0000357";"single protein format";"Leishmania major";"None";"None";"None";"None";"";"";"";"CHEMBL3693";"Farnesyl pyrophosphate synthase";"Leishmania donovani";"SINGLE PROTEIN";"CHEMBL1143607";"1";"Scientific Literature";"J Med Chem";"2005";"None";"";"";""
"CHEMBL55264";"";"None";"276.16";"0";"0.96";"4";"CCCCCCC(O)(P(=O)(O)O)P(=O)(O)O";"IC50";"'='";"5880.0";"nM";"5.23";"";"";"UO_0000065";"18.94";"0.45";"4.27";"3.87";"0";"CHEMBL679572";"Inhibitory activity against Leishmania major Farnesyl diphosphate synthase";"B";"BAO_0000357";"single protein format";"Leishmania major";"None";"None";"None";"None";"";"";"";"CHEMBL3693";"Farnesyl pyrophosphate synthase";"Leishmania donovani";"SINGLE PROTEIN";"CHEMBL1148279";"1";"Scientific Literature";"J Med Chem";"2004";"None";"";"";""
"CHEMBL54480";"";"None";"289.21";"0";"1.18";"49";"CCCCCC(C)NC(P(=O)(O)O)P(=O)(O)O";"IC50";"'='";"1140.0";"nM";"5.94";"";"";"UO_0000065";"20.55";"0.48";"4.76";"4.68";"0";"CHEMBL679572";"Inhibitory activity against Leishmania major Farnesyl diphosphate synthase";"B";"BAO_0000357";"single protein format";"Leishmania major";"None";"None";"None";"None";"";"";"";"CHEMBL3693";"Farnesyl pyrophosphate synthase";"Leishmania donovani";"SINGLE PROTEIN";"CHEMBL1148279";"1";"Scientific Literature";"J Med Chem";"2004";"None";"";"";""
"CHEMBL55837";"";"None";"402.41";"0";"4.47";"10";"CCCCCCCCCCCCCCCC(O)(P(=O)(O)O)P(=O)(O)O";"IC50";"'='";"6500.0";"nM";"5.19";"";"";"UO_0000065";"12.89";"0.28";"0.72";"3.83";"0";"CHEMBL679572";"Inhibitory activity against Leishmania major Farnesyl diphosphate synthase";"B";"BAO_0000357";"single protein format";"Leishmania major";"None";"None";"None";"None";"";"";"";"CHEMBL3693";"Farnesyl pyrophosphate synthase";"Leishmania donovani";"SINGLE PROTEIN";"CHEMBL1148279";"1";"Scientific Literature";"J Med Chem";"2004";"None";"";"";""
"CHEMBL431735";"";"None";"309.20";"0";"0.85";"61";"O=P(O)(O)C(NCCCc1ccccc1)P(=O)(O)O";"IC50";"'='";"10740.0";"nM";"4.97";"";"";"UO_0000065";"16.07";"0.36";"4.12";"3.91";"0";"CHEMBL679572";"Inhibitory activity against Leishmania major Farnesyl diphosphate synthase";"B";"BAO_0000357";"single protein format";"Leishmania major";"None";"None";"None";"None";"";"";"";"CHEMBL3693";"Farnesyl pyrophosphate synthase";"Leishmania donovani";"SINGLE PROTEIN";"CHEMBL1148279";"1";"Scientific Literature";"J Med Chem";"2004";"None";"";"";""
"CHEMBL199653";"";"None";"342.31";"0";"2.29";"26";"O=P(O)(O)C(Cc1cccc(-c2ccccc2)c1)S(=O)(=O)O";"IC50";"'='";"11000.0";"nM";"4.96";"";"";"UO_0000065";"14.49";"0.31";"2.67";"4.43";"0";"CHEMBL858875";"Inhibitory activity against FPPS in Leishmania major";"B";"BAO_0000357";"single protein format";"Leishmania major";"None";"None";"None";"None";"";"";"";"CHEMBL3693";"Farnesyl pyrophosphate synthase";"Leishmania donovani";"SINGLE PROTEIN";"CHEMBL1148603";"1";"Scientific Literature";"J Med Chem";"2006";"None";"";"";""
"CHEMBL199653";"";"None";"342.31";"0";"2.29";"26";"O=P(O)(O)C(Cc1cccc(-c2ccccc2)c1)S(=O)(=O)O";"IC50";"'='";"10964.78";"nM";"4.96";"";"";"UO_0000065";"14.49";"0.31";"2.67";"4.43";"0";"CHEMBL858875";"Inhibitory activity against FPPS in Leishmania major";"B";"BAO_0000357";"single protein format";"Leishmania major";"None";"None";"None";"None";"";"";"";"CHEMBL3693";"Farnesyl pyrophosphate synthase";"Leishmania donovani";"SINGLE PROTEIN";"CHEMBL1148603";"1";"Scientific Literature";"J Med Chem";"2006";"None";"";"";""
"CHEMBL55140";"";"None";"282.13";"0";"0.44";"21";"Cc1cccnc1NC(P(=O)(O)O)P(=O)(O)O";"IC50";"'='";"112.2";"nM";"6.95";"";"";"UO_0000065";"24.63";"0.56";"6.51";"4.97";"0";"CHEMBL858875";"Inhibitory activity against FPPS in Leishmania major";"B";"BAO_0000357";"single protein format";"Leishmania major";"None";"None";"None";"None";"";"";"";"CHEMBL3693";"Farnesyl pyrophosphate synthase";"Leishmania donovani";"SINGLE PROTEIN";"CHEMBL1148603";"1";"Scientific Literature";"J Med Chem";"2006";"None";"";"";""
"CHEMBL923";"RISEDRONIC ACID";"4.0";"283.11";"0";"-0.37";"20";"O=P(O)(O)C(O)(Cc1cccnc1)P(=O)(O)O";"IC50";"'='";"170.0";"nM";"6.77";"";"";"UO_0000065";"23.91";"0.54";"7.14";"4.57";"0";"CHEMBL679572";"Inhibitory activity against Leishmania major Farnesyl diphosphate synthase";"B";"BAO_0000357";"single protein format";"Leishmania major";"None";"None";"None";"None";"";"";"";"CHEMBL3693";"Farnesyl pyrophosphate synthase";"Leishmania donovani";"SINGLE PROTEIN";"CHEMBL1148279";"1";"Scientific Literature";"J Med Chem";"2004";"None";"";"";""
"CHEMBL55988";"";"None";"331.24";"0";"0.64";"31";"CN(CCC(O)(P(=O)(O)O)P(=O)(O)O)C1CCCCC1";"IC50";"'='";"480.0";"nM";"6.32";"";"";"UO_0000065";"19.08";"0.43";"5.68";"4.56";"0";"CHEMBL679572";"Inhibitory activity against Leishmania major Farnesyl diphosphate synthase";"B";"BAO_0000357";"single protein format";"Leishmania major";"None";"None";"None";"None";"";"";"";"CHEMBL3693";"Farnesyl pyrophosphate synthase";"Leishmania donovani";"SINGLE PROTEIN";"CHEMBL1148279";"1";"Scientific Literature";"J Med Chem";"2004";"None";"";"";""
"CHEMBL191634";"";"None";"283.11";"0";"-1.66";"5";"O=P([O-])(O)C(O)(C[n+]1ccccc1)P(=O)(O)O";"Ki";"'='";"18.0";"nM";"7.75";"";"";"UO_0000065";"27.36";"0.62";"9.40";"5.45";"0";"CHEMBL839917";"Binding affinity towards Farnesyl diphosphate synthase from leishmania major";"B";"BAO_0000357";"single protein format";"Leishmania major";"None";"None";"None";"None";"";"";"";"CHEMBL3693";"Farnesyl pyrophosphate synthase";"Leishmania donovani";"SINGLE PROTEIN";"CHEMBL1143607";"1";"Scientific Literature";"J Med Chem";"2005";"None";"";"";""
"CHEMBL193619";"";"None";"397.19";"0";"-0.28";"9";"O=P([O-])(O)C(O)(C[n+]1cccc(-c2ccc([O-])cc2)c1)P(=O)(O)O.[Na+]";"Ki";"'='";"75.0";"nM";"7.12";"";"";"UO_0000065";"18.99";"0.41";"7.40";"4.39";"0";"CHEMBL839917";"Binding affinity towards Farnesyl diphosphate synthase from leishmania major";"B";"BAO_0000357";"single protein format";"Leishmania major";"None";"None";"None";"None";"";"";"";"CHEMBL3693";"Farnesyl pyrophosphate synthase";"Leishmania donovani";"SINGLE PROTEIN";"CHEMBL1143607";"1";"Scientific Literature";"J Med Chem";"2005";"None";"";"";""
"CHEMBL199439";"";"None";"303.19";"1";"0.26";"45";"O=P(O)(O)C(O)(NC1CCCCCC1)P(=O)(O)O";"IC50";"'='";"228.0";"nM";"6.64";"";"";"UO_0000065";"21.91";"0.50";"6.38";"4.51";"0";"CHEMBL858875";"Inhibitory activity against FPPS in Leishmania major";"B";"BAO_0000357";"single protein format";"Leishmania major";"None";"None";"None";"None";"";"";"";"CHEMBL3693";"Farnesyl pyrophosphate synthase";"Leishmania donovani";"SINGLE PROTEIN";"CHEMBL1148603";"1";"Scientific Literature";"J Med Chem";"2006";"None";"";"";""
"CHEMBL4303669";"ZOLEDRONIC ACID";"4.0";"290.11";"0";"-1.12";"17";"O.O=P(O)(O)C(O)(Cn1ccnc1)P(=O)(O)O";"IC50";"'='";"110.0";"nM";"6.96";"";"";"UO_0000065";"25.57";"0.59";"8.08";"4.54";"0";"CHEMBL679572";"Inhibitory activity against Leishmania major Farnesyl diphosphate synthase";"B";"BAO_0000357";"single protein format";"Leishmania major";"None";"None";"None";"None";"";"";"";"CHEMBL3693";"Farnesyl pyrophosphate synthase";"Leishmania donovani";"SINGLE PROTEIN";"CHEMBL1148279";"1";"Scientific Literature";"J Med Chem";"2004";"None";"";"";""
"CHEMBL55810";"";"None";"374.35";"0";"3.69";"9";"CCCCCCCCCCCCCC(O)(P(=O)(O)O)P(=O)(O)O";"IC50";"'='";"100000.0";"nM";"4.00";"";"";"UO_0000065";"10.69";"0.24";"0.31";"2.96";"0";"CHEMBL679572";"Inhibitory activity against Leishmania major Farnesyl diphosphate synthase";"B";"BAO_0000357";"single protein format";"Leishmania major";"None";"None";"None";"None";"";"";"";"CHEMBL3693";"Farnesyl pyrophosphate synthase";"Leishmania donovani";"SINGLE PROTEIN";"CHEMBL1148279";"1";"Scientific Literature";"J Med Chem";"2004";"None";"";"";""
"CHEMBL300755";"";"None";"379.33";"0";"3.33";"79";"CC(C)(C)c1cc(NC(P(=O)(O)O)P(=O)(O)O)cc(C(C)(C)C)c1";"IC50";"'>'";"100000.0";"nM";"";"";"";"UO_0000065";"";"";"";"";"0";"CHEMBL679572";"Inhibitory activity against Leishmania major Farnesyl diphosphate synthase";"B";"BAO_0000357";"single protein format";"Leishmania major";"None";"None";"None";"None";"";"";"";"CHEMBL3693";"Farnesyl pyrophosphate synthase";"Leishmania donovani";"SINGLE PROTEIN";"CHEMBL1148279";"1";"Scientific Literature";"J Med Chem";"2004";"None";"";"";""
"CHEMBL301065";"";"None";"268.10";"0";"0.13";"84";"O=P(O)(O)C(Nc1cccnc1)P(=O)(O)O";"IC50";"'='";"160.0";"nM";"6.80";"";"";"UO_0000065";"25.35";"0.58";"6.67";"4.85";"0";"CHEMBL679572";"Inhibitory activity against Leishmania major Farnesyl diphosphate synthase";"B";"BAO_0000357";"single protein format";"Leishmania major";"None";"None";"None";"None";"";"";"";"CHEMBL3693";"Farnesyl pyrophosphate synthase";"Leishmania donovani";"SINGLE PROTEIN";"CHEMBL1148279";"1";"Scientific Literature";"J Med Chem";"2004";"None";"";"";""
"CHEMBL202878";"";"None";"361.20";"0";"2.54";"16";"O=P(O)(O)C(Nc1ccc(F)c(-c2ccccc2)c1)P(=O)(O)O";"IC50";"'='";"28600.0";"nM";"4.54";"";"";"UO_0000065";"12.58";"0.27";"2.00";"3.58";"0";"CHEMBL858875";"Inhibitory activity against FPPS in Leishmania major";"B";"BAO_0000357";"single protein format";"Leishmania major";"None";"None";"None";"None";"";"";"";"CHEMBL3693";"Farnesyl pyrophosphate synthase";"Leishmania donovani";"SINGLE PROTEIN";"CHEMBL1148603";"1";"Scientific Literature";"J Med Chem";"2006";"None";"";"";""
"CHEMBL55886";"";"None";"283.11";"0";"-0.37";"18";"O=P(O)(O)C(O)(Cc1ccncc1)P(=O)(O)O";"IC50";"'='";"1340.0";"nM";"5.87";"";"";"UO_0000065";"20.74";"0.47";"6.24";"3.96";"0";"CHEMBL858875";"Inhibitory activity against FPPS in Leishmania major";"B";"BAO_0000357";"single protein format";"Leishmania major";"None";"None";"None";"None";"";"";"";"CHEMBL3693";"Farnesyl pyrophosphate synthase";"Leishmania donovani";"SINGLE PROTEIN";"CHEMBL1148603";"1";"Scientific Literature";"J Med Chem";"2006";"None";"";"";""
"CHEMBL192017";"";"None";"435.31";"0";"1.68";"12";"O=P([O-])(O)C(O)(C[n+]1cccc(-c2cccc(-c3ccccc3)c2)c1)P(=O)(O)O";"Ki";"'='";"950.0";"nM";"6.02";"";"";"UO_0000065";"13.83";"0.28";"4.34";"4.24";"0";"CHEMBL839917";"Binding affinity towards Farnesyl diphosphate synthase from leishmania major";"B";"BAO_0000357";"single protein format";"Leishmania major";"None";"None";"None";"None";"";"";"";"CHEMBL3693";"Farnesyl pyrophosphate synthase";"Leishmania donovani";"SINGLE PROTEIN";"CHEMBL1143607";"1";"Scientific Literature";"J Med Chem";"2005";"None";"";"";""
"CHEMBL190258";"";"None";"373.24";"0";"-0.07";"18";"O=P([O-])(O)C(O)(C[n+]1ccc(Cc2ccccc2)cc1)P(=O)(O)O";"Ki";"'='";"110.0";"nM";"6.96";"";"";"UO_0000065";"18.64";"0.40";"7.03";"4.90";"0";"CHEMBL839917";"Binding affinity towards Farnesyl diphosphate synthase from leishmania major";"B";"BAO_0000357";"single protein format";"Leishmania major";"None";"None";"None";"None";"";"";"";"CHEMBL3693";"Farnesyl pyrophosphate synthase";"Leishmania donovani";"SINGLE PROTEIN";"CHEMBL1143607";"1";"Scientific Literature";"J Med Chem";"2005";"None";"";"";""
"CHEMBL192043";"";"None";"311.17";"0";"-1.09";"15";"CCc1ccc[n+](CC(O)(P(=O)([O-])O)P(=O)(O)O)c1";"Ki";"'='";"20.0";"nM";"7.70";"";"";"UO_0000065";"24.74";"0.55";"8.79";"5.42";"0";"CHEMBL839917";"Binding affinity towards Farnesyl diphosphate synthase from leishmania major";"B";"BAO_0000357";"single protein format";"Leishmania major";"None";"None";"None";"None";"";"";"";"CHEMBL3693";"Farnesyl pyrophosphate synthase";"Leishmania donovani";"SINGLE PROTEIN";"CHEMBL1143607";"1";"Scientific Literature";"J Med Chem";"2005";"None";"";"";""
"CHEMBL373332";"";"None";"339.22";"0";"-0.31";"16";"CCCCc1ccc[n+](CC(O)(P(=O)([O-])O)P(=O)(O)O)c1";"Ki";"'='";"20.0";"nM";"7.70";"";"";"UO_0000065";"22.70";"0.50";"8.01";"5.42";"0";"CHEMBL839917";"Binding affinity towards Farnesyl diphosphate synthase from leishmania major";"B";"BAO_0000357";"single protein format";"Leishmania major";"None";"None";"None";"None";"";"";"";"CHEMBL3693";"Farnesyl pyrophosphate synthase";"Leishmania donovani";"SINGLE PROTEIN";"CHEMBL1143607";"1";"Scientific Literature";"J Med Chem";"2005";"None";"";"";""
"CHEMBL363145";"";"None";"313.14";"0";"-1.65";"17";"COc1ccc[n+](CC(O)(P(=O)([O-])O)P(=O)(O)O)c1";"Ki";"'='";"30.0";"nM";"7.52";"";"";"UO_0000065";"24.02";"0.54";"9.17";"4.97";"0";"CHEMBL839917";"Binding affinity towards Farnesyl diphosphate synthase from leishmania major";"B";"BAO_0000357";"single protein format";"Leishmania major";"None";"None";"None";"None";"";"";"";"CHEMBL3693";"Farnesyl pyrophosphate synthase";"Leishmania donovani";"SINGLE PROTEIN";"CHEMBL1143607";"1";"Scientific Literature";"J Med Chem";"2005";"None";"";"";""
"CHEMBL199439";"";"None";"303.19";"1";"0.26";"45";"O=P(O)(O)C(O)(NC1CCCCCC1)P(=O)(O)O";"IC50";"'='";"229.09";"nM";"6.64";"";"";"UO_0000065";"21.90";"0.50";"6.38";"4.51";"0";"CHEMBL858875";"Inhibitory activity against FPPS in Leishmania major";"B";"BAO_0000357";"single protein format";"Leishmania major";"None";"None";"None";"None";"";"";"";"CHEMBL3693";"Farnesyl pyrophosphate synthase";"Leishmania donovani";"SINGLE PROTEIN";"CHEMBL1148603";"1";"Scientific Literature";"J Med Chem";"2006";"None";"";"";""
"CHEMBL55856";"(ISOPENTYLAMINO)METHYLENEDIPHOSPHONIC ACID";"None";"261.15";"0";"0.26";"47";"CC(C)CCNC(P(=O)(O)O)P(=O)(O)O";"IC50";"'='";"830.0";"nM";"6.08";"";"";"UO_0000065";"23.29";"0.55";"5.82";"4.78";"0";"CHEMBL679572";"Inhibitory activity against Leishmania major Farnesyl diphosphate synthase";"B";"BAO_0000357";"single protein format";"Leishmania major";"None";"None";"None";"None";"";"";"";"CHEMBL3693";"Farnesyl pyrophosphate synthase";"Leishmania donovani";"SINGLE PROTEIN";"CHEMBL1148279";"1";"Scientific Literature";"J Med Chem";"2004";"None";"";"";""
"CHEMBL54004";"";"None";"318.24";"0";"2.13";"6";"CCCCCCCCCC(O)(P(=O)(O)O)P(=O)(O)O";"IC50";"'='";"2370.0";"nM";"5.62";"";"";"UO_0000065";"17.68";"0.40";"3.50";"4.16";"0";"CHEMBL679572";"Inhibitory activity against Leishmania major Farnesyl diphosphate synthase";"B";"BAO_0000357";"single protein format";"Leishmania major";"None";"None";"None";"None";"";"";"";"CHEMBL3693";"Farnesyl pyrophosphate synthase";"Leishmania donovani";"SINGLE PROTEIN";"CHEMBL1148279";"1";"Scientific Literature";"J Med Chem";"2004";"None";"";"";""
"CHEMBL56011";"";"None";"261.15";"0";"0.26";"48";"CCC(C)CNC(P(=O)(O)O)P(=O)(O)O";"IC50";"'='";"360.0";"nM";"6.44";"";"";"UO_0000065";"24.67";"0.59";"6.18";"5.07";"0";"CHEMBL679572";"Inhibitory activity against Leishmania major Farnesyl diphosphate synthase";"B";"BAO_0000357";"single protein format";"Leishmania major";"None";"None";"None";"None";"";"";"";"CHEMBL3693";"Farnesyl pyrophosphate synthase";"Leishmania donovani";"SINGLE PROTEIN";"CHEMBL1148279";"1";"Scientific Literature";"J Med Chem";"2004";"None";"";"";""
"CHEMBL55359";"";"None";"315.18";"0";"0.18";"24";"O=P(O)(O)C(O)(CSc1ccncc1)P(=O)(O)O";"IC50";"'>'";"100000.0";"nM";"";"";"";"UO_0000065";"";"";"";"";"0";"CHEMBL679572";"Inhibitory activity against Leishmania major Farnesyl diphosphate synthase";"B";"BAO_0000357";"single protein format";"Leishmania major";"None";"None";"None";"None";"";"";"";"CHEMBL3693";"Farnesyl pyrophosphate synthase";"Leishmania donovani";"SINGLE PROTEIN";"CHEMBL1148279";"1";"Scientific Literature";"J Med Chem";"2004";"None";"";"";""
"CHEMBL299988";"";"None";"262.13";"0";"0.57";"3";"CCCCCC(O)(P(=O)(O)O)P(=O)(O)O";"IC50";"'='";"9600.0";"nM";"5.02";"";"";"UO_0000065";"19.14";"0.46";"4.45";"3.71";"0";"CHEMBL679572";"Inhibitory activity against Leishmania major Farnesyl diphosphate synthase";"B";"BAO_0000357";"single protein format";"Leishmania major";"None";"None";"None";"None";"";"";"";"CHEMBL3693";"Farnesyl pyrophosphate synthase";"Leishmania donovani";"SINGLE PROTEIN";"CHEMBL1148279";"1";"Scientific Literature";"J Med Chem";"2004";"None";"";"";""
"CHEMBL55464";"";"None";"367.28";"1";"0.99";"34";"O=P(O)(O)C(O)(CCNCCCCc1ccccc1)P(=O)(O)O";"IC50";"'='";"250.0";"nM";"6.60";"";"";"UO_0000065";"17.98";"0.39";"5.61";"4.48";"0";"CHEMBL679572";"Inhibitory activity against Leishmania major Farnesyl diphosphate synthase";"B";"BAO_0000357";"single protein format";"Leishmania major";"None";"None";"None";"None";"";"";"";"CHEMBL3693";"Farnesyl pyrophosphate synthase";"Leishmania donovani";"SINGLE PROTEIN";"CHEMBL1148279";"1";"Scientific Literature";"J Med Chem";"2004";"None";"";"";""
"CHEMBL54747";"";"None";"346.30";"0";"2.76";"12";"CCCCCCC(CCCC)C(O)(P(=O)(O)O)P(=O)(O)O";"IC50";"'='";"6750.0";"nM";"5.17";"";"";"UO_0000065";"14.93";"0.34";"2.41";"3.82";"0";"CHEMBL679572";"Inhibitory activity against Leishmania major Farnesyl diphosphate synthase";"B";"BAO_0000357";"single protein format";"Leishmania major";"None";"None";"None";"None";"";"";"";"CHEMBL3693";"Farnesyl pyrophosphate synthase";"Leishmania donovani";"SINGLE PROTEIN";"CHEMBL1148279";"1";"Scientific Literature";"J Med Chem";"2004";"None";"";"";""
"CHEMBL301244";"";"None";"353.25";"0";"0.55";"32";"CN(CCc1ccccc1)CCC(O)(P(=O)(O)O)P(=O)(O)O";"IC50";"'='";"310.0";"nM";"6.51";"";"";"UO_0000065";"18.43";"0.40";"5.96";"4.70";"0";"CHEMBL679572";"Inhibitory activity against Leishmania major Farnesyl diphosphate synthase";"B";"BAO_0000357";"single protein format";"Leishmania major";"None";"None";"None";"None";"";"";"";"CHEMBL3693";"Farnesyl pyrophosphate synthase";"Leishmania donovani";"SINGLE PROTEIN";"CHEMBL1148279";"1";"Scientific Literature";"J Med Chem";"2004";"None";"";"";""
"CHEMBL298852";"";"None";"332.27";"0";"2.52";"7";"CCCCCCCCCCC(O)(P(=O)(O)O)P(=O)(O)O";"IC50";"'='";"3420.0";"nM";"5.47";"";"";"UO_0000065";"16.45";"0.37";"2.95";"4.04";"0";"CHEMBL679572";"Inhibitory activity against Leishmania major Farnesyl diphosphate synthase";"B";"BAO_0000357";"single protein format";"Leishmania major";"None";"None";"None";"None";"";"";"";"CHEMBL3693";"Farnesyl pyrophosphate synthase";"Leishmania donovani";"SINGLE PROTEIN";"CHEMBL1148279";"1";"Scientific Literature";"J Med Chem";"2004";"None";"";"";""
"CHEMBL291727";"";"None";"318.16";"0";"1.29";"97";"O=P(O)(O)C(Nc1nccc2ccccc12)P(=O)(O)O";"IC50";"'='";"430.0";"nM";"6.37";"";"";"UO_0000065";"20.01";"0.43";"5.08";"4.55";"0";"CHEMBL679572";"Inhibitory activity against Leishmania major Farnesyl diphosphate synthase";"B";"BAO_0000357";"single protein format";"Leishmania major";"None";"None";"None";"None";"";"";"";"CHEMBL3693";"Farnesyl pyrophosphate synthase";"Leishmania donovani";"SINGLE PROTEIN";"CHEMBL1148279";"1";"Scientific Literature";"J Med Chem";"2004";"None";"";"";""
"CHEMBL433833";"";"None";"365.30";"0";"3.25";"75";"CCCCCCCc1ccc(NC(P(=O)(O)O)P(=O)(O)O)cc1";"IC50";"'='";"100000.0";"nM";"4.00";"";"";"UO_0000065";"10.95";"0.24";"0.75";"3.15";"0";"CHEMBL679572";"Inhibitory activity against Leishmania major Farnesyl diphosphate synthase";"B";"BAO_0000357";"single protein format";"Leishmania major";"None";"None";"None";"None";"";"";"";"CHEMBL3693";"Farnesyl pyrophosphate synthase";"Leishmania donovani";"SINGLE PROTEIN";"CHEMBL1148279";"1";"Scientific Literature";"J Med Chem";"2004";"None";"";"";""
"CHEMBL55140";"";"None";"282.13";"0";"0.44";"21";"Cc1cccnc1NC(P(=O)(O)O)P(=O)(O)O";"IC50";"'='";"112.0";"nM";"6.95";"";"";"UO_0000065";"24.64";"0.56";"6.51";"4.97";"0";"CHEMBL858875";"Inhibitory activity against FPPS in Leishmania major";"B";"BAO_0000357";"single protein format";"Leishmania major";"None";"None";"None";"None";"";"";"";"CHEMBL3693";"Farnesyl pyrophosphate synthase";"Leishmania donovani";"SINGLE PROTEIN";"CHEMBL1148603";"1";"Scientific Literature";"J Med Chem";"2006";"None";"";"";""
"CHEMBL301572";"MORPHOLINOMETHYLENEDIPHOSPHONIC ACID";"None";"261.11";"0";"-1.04";"55";"O=P(O)(O)C(N1CCOCC1)P(=O)(O)O";"IC50";"'>'";"100000.0";"nM";"";"";"";"UO_0000065";"";"";"";"";"0";"CHEMBL679572";"Inhibitory activity against Leishmania major Farnesyl diphosphate synthase";"B";"BAO_0000357";"single protein format";"Leishmania major";"None";"None";"None";"None";"";"";"";"CHEMBL3693";"Farnesyl pyrophosphate synthase";"Leishmania donovani";"SINGLE PROTEIN";"CHEMBL1148279";"1";"Scientific Literature";"J Med Chem";"2004";"None";"";"";""
"CHEMBL56073";"";"None";"381.30";"0";"1.33";"35";"CN(CCCCc1ccccc1)CCC(O)(P(=O)(O)O)P(=O)(O)O";"IC50";"'='";"490.0";"nM";"6.31";"";"";"UO_0000065";"16.55";"0.36";"4.98";"4.55";"0";"CHEMBL679572";"Inhibitory activity against Leishmania major Farnesyl diphosphate synthase";"B";"BAO_0000357";"single protein format";"Leishmania major";"None";"None";"None";"None";"";"";"";"CHEMBL3693";"Farnesyl pyrophosphate synthase";"Leishmania donovani";"SINGLE PROTEIN";"CHEMBL1148279";"1";"Scientific Literature";"J Med Chem";"2004";"None";"";"";""
"CHEMBL363434";"";"None";"373.24";"0";"-0.07";"10";"O=P([O-])(O)C(O)(C[n+]1cccc(Cc2ccccc2)c1)P(=O)(O)O";"Ki";"'='";"160.0";"nM";"6.80";"";"";"UO_0000065";"18.21";"0.39";"6.87";"4.79";"0";"CHEMBL839917";"Binding affinity towards Farnesyl diphosphate synthase from leishmania major";"B";"BAO_0000357";"single protein format";"Leishmania major";"None";"None";"None";"None";"";"";"";"CHEMBL3693";"Farnesyl pyrophosphate synthase";"Leishmania donovani";"SINGLE PROTEIN";"CHEMBL1143607";"1";"Scientific Literature";"J Med Chem";"2005";"None";"";"";""
"CHEMBL834";"PAMIDRONIC ACID";"4.0";"235.07";"1";"-1.66";"1";"NCCC(O)(P(=O)(O)O)P(=O)(O)O";"Ki";"'='";"190.0";"nM";"6.72";"";"";"UO_0000065";"28.59";"0.71";"8.38";"4.17";"0";"CHEMBL839917";"Binding affinity towards Farnesyl diphosphate synthase from leishmania major";"B";"BAO_0000357";"single protein format";"Leishmania major";"None";"None";"None";"None";"";"";"";"CHEMBL3693";"Farnesyl pyrophosphate synthase";"Leishmania donovani";"SINGLE PROTEIN";"CHEMBL1143607";"1";"Scientific Literature";"J Med Chem";"2005";"None";"";"";""
"CHEMBL870";"ALENDRONIC ACID";"4.0";"249.10";"1";"-1.27";"2";"NCCCC(O)(P(=O)(O)O)P(=O)(O)O";"Ki";"'='";"95.0";"nM";"7.02";"";"";"UO_0000065";"28.19";"0.69";"8.29";"4.35";"0";"CHEMBL839917";"Binding affinity towards Farnesyl diphosphate synthase from leishmania major";"B";"BAO_0000357";"single protein format";"Leishmania major";"None";"None";"None";"None";"";"";"";"CHEMBL3693";"Farnesyl pyrophosphate synthase";"Leishmania donovani";"SINGLE PROTEIN";"CHEMBL1143607";"1";"Scientific Literature";"J Med Chem";"2005";"None";"";"";""
"CHEMBL56255";"(PENTYLAMINO)METHYLENEDIPHOSPHONIC ACID";"None";"261.15";"0";"0.41";"42";"CCCCCNC(P(=O)(O)O)P(=O)(O)O";"IC50";"'='";"350.0";"nM";"6.46";"";"";"UO_0000065";"24.72";"0.59";"6.05";"5.08";"0";"CHEMBL679572";"Inhibitory activity against Leishmania major Farnesyl diphosphate synthase";"B";"BAO_0000357";"single protein format";"Leishmania major";"None";"None";"None";"None";"";"";"";"CHEMBL3693";"Farnesyl pyrophosphate synthase";"Leishmania donovani";"SINGLE PROTEIN";"CHEMBL1148279";"1";"Scientific Literature";"J Med Chem";"2004";"None";"";"";""
"CHEMBL4303669";"ZOLEDRONIC ACID";"4.0";"290.11";"0";"-1.12";"3";"O.O=P(O)(O)C(O)(Cn1ccnc1)P(=O)(O)O";"Ki";"'='";"11.0";"nM";"7.96";"";"";"UO_0000065";"29.25";"0.68";"9.08";"5.20";"0";"CHEMBL839917";"Binding affinity towards Farnesyl diphosphate synthase from leishmania major";"B";"BAO_0000357";"single protein format";"Leishmania major";"None";"None";"None";"None";"";"";"";"CHEMBL3693";"Farnesyl pyrophosphate synthase";"Leishmania donovani";"SINGLE PROTEIN";"CHEMBL1143607";"1";"Scientific Literature";"J Med Chem";"2005";"None";"";"";""
"CHEMBL56028";"";"None";"323.22";"0";"2.08";"72";"CCCCc1ccc(NC(P(=O)(O)O)P(=O)(O)O)cc1";"IC50";"'='";"100000.0";"nM";"4.00";"";"";"UO_0000065";"12.38";"0.27";"1.92";"3.15";"0";"CHEMBL679572";"Inhibitory activity against Leishmania major Farnesyl diphosphate synthase";"B";"BAO_0000357";"single protein format";"Leishmania major";"None";"None";"None";"None";"";"";"";"CHEMBL3693";"Farnesyl pyrophosphate synthase";"Leishmania donovani";"SINGLE PROTEIN";"CHEMBL1148279";"1";"Scientific Literature";"J Med Chem";"2004";"None";"";"";""
"CHEMBL433833";"";"None";"365.30";"0";"3.25";"7";"CCCCCCCc1ccc(NC(P(=O)(O)O)P(=O)(O)O)cc1";"IC50";"'='";"100000.0";"nM";"4.00";"";"";"UO_0000065";"10.95";"0.24";"0.75";"3.15";"1";"CHEMBL858875";"Inhibitory activity against FPPS in Leishmania major";"B";"BAO_0000357";"single protein format";"Leishmania major";"None";"None";"None";"None";"";"";"";"CHEMBL3693";"Farnesyl pyrophosphate synthase";"Leishmania donovani";"SINGLE PROTEIN";"CHEMBL1148603";"1";"Scientific Literature";"J Med Chem";"2006";"None";"";"";""
"CHEMBL425896";"";"None";"333.17";"0";"-0.50";"13";"O=P([O-])(O)C(O)(C[n+]1ccc2ccccc2c1)P(=O)(O)O";"Ki";"'='";"80.0";"nM";"7.10";"";"";"UO_0000065";"21.30";"0.46";"7.60";"5.00";"0";"CHEMBL839917";"Binding affinity towards Farnesyl diphosphate synthase from leishmania major";"B";"BAO_0000357";"single protein format";"Leishmania major";"None";"None";"None";"None";"";"";"";"CHEMBL3693";"Farnesyl pyrophosphate synthase";"Leishmania donovani";"SINGLE PROTEIN";"CHEMBL1143607";"1";"Scientific Literature";"J Med Chem";"2005";"None";"";"";""
"CHEMBL52251";"(OCTYLAMINO)METHYLENEDIPHOSPHONIC ACID";"None";"303.23";"0";"1.58";"44";"CCCCCCCCNC(P(=O)(O)O)P(=O)(O)O";"IC50";"'='";"1060.0";"nM";"5.97";"";"";"UO_0000065";"19.70";"0.45";"4.39";"4.70";"0";"CHEMBL679572";"Inhibitory activity against Leishmania major Farnesyl diphosphate synthase";"B";"BAO_0000357";"single protein format";"Leishmania major";"None";"None";"None";"None";"";"";"";"CHEMBL3693";"Farnesyl pyrophosphate synthase";"Leishmania donovani";"SINGLE PROTEIN";"CHEMBL1148279";"1";"Scientific Literature";"J Med Chem";"2004";"None";"";"";""
"CHEMBL192938";"";"None";"387.27";"0";"0.24";"11";"Cc1cccc(Cc2ccc[n+](CC(O)(P(=O)([O-])O)P(=O)(O)O)c2)c1";"Ki";"'='";"70.0";"nM";"7.16";"";"";"UO_0000065";"18.48";"0.39";"6.91";"5.04";"0";"CHEMBL839917";"Binding affinity towards Farnesyl diphosphate synthase from leishmania major";"B";"BAO_0000357";"single protein format";"Leishmania major";"None";"None";"None";"None";"";"";"";"CHEMBL3693";"Farnesyl pyrophosphate synthase";"Leishmania donovani";"SINGLE PROTEIN";"CHEMBL1143607";"1";"Scientific Literature";"J Med Chem";"2005";"None";"";"";""
"CHEMBL434978";"";"None";"339.22";"0";"1.92";"73";"CCCCOc1ccc(NC(P(=O)(O)O)P(=O)(O)O)cc1";"IC50";"'>'";"100000.0";"nM";"";"";"";"UO_0000065";"";"";"";"";"0";"CHEMBL679572";"Inhibitory activity against Leishmania major Farnesyl diphosphate synthase";"B";"BAO_0000357";"single protein format";"Leishmania major";"None";"None";"None";"None";"";"";"";"CHEMBL3693";"Farnesyl pyrophosphate synthase";"Leishmania donovani";"SINGLE PROTEIN";"CHEMBL1148279";"1";"Scientific Literature";"J Med Chem";"2004";"None";"";"";""
"CHEMBL56253";"(CYCLOHEXYLAMINO)METHYLENEDIPHOSPHONIC ACID";"None";"273.16";"0";"0.55";"65";"O=P(O)(O)C(NC1CCCCC1)P(=O)(O)O";"IC50";"'='";"160.0";"nM";"6.80";"";"";"UO_0000065";"24.88";"0.58";"6.25";"5.35";"0";"CHEMBL679572";"Inhibitory activity against Leishmania major Farnesyl diphosphate synthase";"B";"BAO_0000357";"single protein format";"Leishmania major";"None";"None";"None";"None";"";"";"";"CHEMBL3693";"Farnesyl pyrophosphate synthase";"Leishmania donovani";"SINGLE PROTEIN";"CHEMBL1148279";"1";"Scientific Literature";"J Med Chem";"2004";"None";"";"";""
"CHEMBL292224";"(CYCLOPROPYLAMINO)METHYLENEDIPHOSPHONIC ACID";"None";"231.08";"0";"-0.62";"62";"O=P(O)(O)C(NC1CC1)P(=O)(O)O";"IC50";"'='";"40500.0";"nM";"4.39";"";"";"UO_0000065";"19.01";"0.46";"5.01";"3.46";"0";"CHEMBL679572";"Inhibitory activity against Leishmania major Farnesyl diphosphate synthase";"B";"BAO_0000357";"single protein format";"Leishmania major";"None";"None";"None";"None";"";"";"";"CHEMBL3693";"Farnesyl pyrophosphate synthase";"Leishmania donovani";"SINGLE PROTEIN";"CHEMBL1148279";"1";"Scientific Literature";"J Med Chem";"2004";"None";"";"";""
"CHEMBL58830";"(CYCLOPENTYLAMINO)METHYLENEDIPHOSPHONIC ACID";"None";"259.13";"0";"0.16";"64";"O=P(O)(O)C(NC1CCCC1)P(=O)(O)O";"IC50";"'='";"540.0";"nM";"6.27";"";"";"UO_0000065";"24.19";"0.57";"6.11";"4.93";"0";"CHEMBL679572";"Inhibitory activity against Leishmania major Farnesyl diphosphate synthase";"B";"BAO_0000357";"single protein format";"Leishmania major";"None";"None";"None";"None";"";"";"";"CHEMBL3693";"Farnesyl pyrophosphate synthase";"Leishmania donovani";"SINGLE PROTEIN";"CHEMBL1148279";"1";"Scientific Literature";"J Med Chem";"2004";"None";"";"";""
"CHEMBL53982";"";"None";"369.25";"0";"0.39";"40";"CN(CCOc1ccccc1)CCC(O)(P(=O)(O)O)P(=O)(O)O";"IC50";"'='";"420.0";"nM";"6.38";"";"";"UO_0000065";"17.27";"0.38";"5.99";"4.32";"0";"CHEMBL858875";"Inhibitory activity against FPPS in Leishmania major";"B";"BAO_0000357";"single protein format";"Leishmania major";"None";"None";"None";"None";"";"";"";"CHEMBL3693";"Farnesyl pyrophosphate synthase";"Leishmania donovani";"SINGLE PROTEIN";"CHEMBL1148603";"1";"Scientific Literature";"J Med Chem";"2006";"None";"";"";""
"CHEMBL299491";"";"None";"248.11";"0";"0.18";"2";"CCCCC(O)(P(=O)(O)O)P(=O)(O)O";"IC50";"'>'";"100000.0";"nM";"";"";"";"UO_0000065";"";"";"";"";"0";"CHEMBL679572";"Inhibitory activity against Leishmania major Farnesyl diphosphate synthase";"B";"BAO_0000357";"single protein format";"Leishmania major";"None";"None";"None";"None";"";"";"";"CHEMBL3693";"Farnesyl pyrophosphate synthase";"Leishmania donovani";"SINGLE PROTEIN";"CHEMBL1148279";"1";"Scientific Literature";"J Med Chem";"2004";"None";"";"";""
"CHEMBL56254";"(HEXYLAMINO)METHYLENEDIPHOSPHONIC ACID";"None";"275.18";"0";"0.80";"43";"CCCCCCNC(P(=O)(O)O)P(=O)(O)O";"IC50";"'='";"1720.0";"nM";"5.76";"";"";"UO_0000065";"20.95";"0.49";"4.96";"4.54";"0";"CHEMBL679572";"Inhibitory activity against Leishmania major Farnesyl diphosphate synthase";"B";"BAO_0000357";"single protein format";"Leishmania major";"None";"None";"None";"None";"";"";"";"CHEMBL3693";"Farnesyl pyrophosphate synthase";"Leishmania donovani";"SINGLE PROTEIN";"CHEMBL1148279";"1";"Scientific Literature";"J Med Chem";"2004";"None";"";"";""
"CHEMBL54344";"(DIETHYLAMINO)METHYLENEDIPHOSPHONIC ACID";"None";"247.12";"0";"-0.03";"50";"CCN(CC)C(P(=O)(O)O)P(=O)(O)O";"IC50";"'='";"18200.0";"nM";"4.74";"";"";"UO_0000065";"19.18";"0.46";"4.77";"4.01";"0";"CHEMBL679572";"Inhibitory activity against Leishmania major Farnesyl diphosphate synthase";"B";"BAO_0000357";"single protein format";"Leishmania major";"None";"None";"None";"None";"";"";"";"CHEMBL3693";"Farnesyl pyrophosphate synthase";"Leishmania donovani";"SINGLE PROTEIN";"CHEMBL1148279";"1";"Scientific Literature";"J Med Chem";"2004";"None";"";"";""
