"Molecule ChEMBL ID";"Molecule Name";"Molecule Max Phase";"Molecular Weight";"#RO5 Violations";"AlogP";"Compound Key";"Smiles";"Standard Type";"Standard Relation";"Standard Value";"Standard Units";"pChEMBL Value";"Data Validity Comment";"Comment";"Uo Units";"Ligand Efficiency BEI";"Ligand Efficiency LE";"Ligand Efficiency LLE";"Ligand Efficiency SEI";"Potential Duplicate";"Assay ChEMBL ID";"Assay Description";"Assay Type";"BAO Format ID";"BAO Label";"Assay Organism";"Assay Tissue ChEMBL ID";"Assay Tissue Name";"Assay Cell Type";"Assay Subcellular Fraction";"Assay Parameters";"Assay Variant Accession";"Assay Variant Mutation";"Target ChEMBL ID";"Target Name";"Target Organism";"Target Type";"Document ChEMBL ID";"Source ID";"Source Description";"Document Journal";"Document Year";"Cell ChEMBL ID";"Properties";"Action Type";"Standard Text Value"
"CHEMBL456975";"ESPINTANOL";"None";"210.27";"0";"2.84";"3a, espintanol";"COc1cc(C)c(O)c(OC)c1C(C)C";"IC90";"'='";"50.0";"ug";"";"";"";"UO_0000023";"";"";"";"";"0";"CHEMBL1016639";"Antileishmanial activity against Leishmania mexicana venezuelensis PM H3 after 48 hrs";"F";"BAO_0000218";"organism-based format";"Leishmania mexicana venezuelensis";"None";"None";"None";"None";"";"";"";"CHEMBL612913";"Leishmania mexicana venezuelensis";"Leishmania mexicana venezuelensis";"ORGANISM";"CHEMBL1158948";"1";"Scientific Literature";"J Nat Prod";"1991";"None";"";"";""
"CHEMBL239129";"MEGLUMINE ANTIMONATE";"3.0";"365.98";"None";"None";"glucantime";"";"IC90";"'>'";"100.0";"ug";"";"";"";"UO_0000023";"";"";"";"";"0";"CHEMBL1016639";"Antileishmanial activity against Leishmania mexicana venezuelensis PM H3 after 48 hrs";"F";"BAO_0000218";"organism-based format";"Leishmania mexicana venezuelensis";"None";"None";"None";"None";"";"";"";"CHEMBL612913";"Leishmania mexicana venezuelensis";"Leishmania mexicana venezuelensis";"ORGANISM";"CHEMBL1158948";"1";"Scientific Literature";"J Nat Prod";"1991";"None";"";"";""
"CHEMBL55";"PENTAMIDINE";"4.0";"340.43";"0";"2.88";"Pentamidine";"N=C(N)c1ccc(OCCCCCOc2ccc(C(=N)N)cc2)cc1";"IC90";"'='";"5.0";"ug";"";"";"";"UO_0000023";"";"";"";"";"0";"CHEMBL1016639";"Antileishmanial activity against Leishmania mexicana venezuelensis PM H3 after 48 hrs";"F";"BAO_0000218";"organism-based format";"Leishmania mexicana venezuelensis";"None";"None";"None";"None";"";"";"";"CHEMBL612913";"Leishmania mexicana venezuelensis";"Leishmania mexicana venezuelensis";"ORGANISM";"CHEMBL1158948";"1";"Scientific Literature";"J Nat Prod";"1991";"None";"";"";""
"CHEMBL224378";"CHIMANINE B";"None";"169.23";"0";"3.27";"11";"C/C=C/c1ccc2ccccc2n1";"Activity";"'='";"95.0";"%";"";"";"";"UO_0000187";"";"";"";"";"0";"CHEMBL4310397";"Antileishmanial activity against Leishmania venezuelensis MHOM/VE/74/PM-H3 amastigotes infected in BALB/c mouse assessed as reduction in parasitic load in footpad at 14 to 56 mg/kg, sc bid treated for 15 days at interval of 4 days and measured at 1 week post last dose by Giemsa staining-based inverted microscopic analysis relative to control";"F";"BAO_0000218";"organism-based format";"Leishmania mexicana venezuelensis";"None";"None";"None";"None";"";"";"";"CHEMBL612913";"Leishmania mexicana venezuelensis";"Leishmania mexicana venezuelensis";"ORGANISM";"CHEMBL4308857";"1";"Scientific Literature";"Eur J Med Chem";"2018";"None";"";"";""
