"Molecule ChEMBL ID";"Molecule Name";"Molecule Max Phase";"Molecular Weight";"#RO5 Violations";"AlogP";"Compound Key";"Smiles";"Standard Type";"Standard Relation";"Standard Value";"Standard Units";"pChEMBL Value";"Data Validity Comment";"Comment";"Uo Units";"Ligand Efficiency BEI";"Ligand Efficiency LE";"Ligand Efficiency LLE";"Ligand Efficiency SEI";"Potential Duplicate";"Assay ChEMBL ID";"Assay Description";"Assay Type";"BAO Format ID";"BAO Label";"Assay Organism";"Assay Tissue ChEMBL ID";"Assay Tissue Name";"Assay Cell Type";"Assay Subcellular Fraction";"Assay Parameters";"Assay Variant Accession";"Assay Variant Mutation";"Target ChEMBL ID";"Target Name";"Target Organism";"Target Type";"Document ChEMBL ID";"Source ID";"Source Description";"Document Journal";"Document Year";"Cell ChEMBL ID";"Properties";"Action Type";"Standard Text Value"
"CHEMBL65287";"";"None";"637.70";"2";"2.30";"49";"COc1cc(OC)cc(C(=O)N[C@@H]2C(Cn3cnc4c(N)ncnc43)OC(CNC(=O)C(c3ccccc3)c3ccccc3)[C@@H]2O)c1";"IC50";"'='";"60000.0";"nM";"4.22";"";"";"UO_0000065";"6.62";"0.12";"1.92";"2.40";"0";"CHEMBL680373";"Inhibitory activity against Leishmania mexicana GAPDH";"B";"BAO_0000357";"single protein format";"Leishmania mexicana";"None";"None";"None";"None";"";"";"";"CHEMBL4137";"Glyceraldehyde-3-phosphate dehydrogenase cytosolic";"Leishmania mexicana";"SINGLE PROTEIN";"CHEMBL1134510";"1";"Scientific Literature";"J Med Chem";"2001";"None";"";"";""
"CHEMBL431169";"";"None";"556.58";"2";"2.35";"7e";"COc1cccc(C(=O)N[C@@H]2[C@H](O)[C@@H](CO)O[C@H]2n2cnc3c(NCc4cc(O)cc5ccccc45)ncnc32)c1";"IC50";"'='";"6000.0";"nM";"5.22";"";"";"UO_0000065";"9.38";"0.17";"2.87";"3.19";"0";"CHEMBL680373";"Inhibitory activity against Leishmania mexicana GAPDH";"B";"BAO_0000357";"single protein format";"Leishmania mexicana";"None";"None";"None";"None";"";"";"";"CHEMBL4137";"Glyceraldehyde-3-phosphate dehydrogenase cytosolic";"Leishmania mexicana";"SINGLE PROTEIN";"CHEMBL1134510";"1";"Scientific Literature";"J Med Chem";"2001";"None";"";"";""
"CHEMBL65460";"";"None";"593.47";"1";"3.82";"11n";"O=C(N[C@@H]1C(Cn2cnc3c(NCc4ccc5ccccc5c4)ncnc32)OC(CO)[C@@H]1O)c1cc(Cl)cc(Cl)c1";"IC50";"'='";"25000.0";"nM";"4.60";"";"";"UO_0000065";"7.75";"0.15";"0.78";"3.42";"0";"CHEMBL680373";"Inhibitory activity against Leishmania mexicana GAPDH";"B";"BAO_0000357";"single protein format";"Leishmania mexicana";"None";"None";"None";"None";"";"";"";"CHEMBL4137";"Glyceraldehyde-3-phosphate dehydrogenase cytosolic";"Leishmania mexicana";"SINGLE PROTEIN";"CHEMBL1134510";"1";"Scientific Literature";"J Med Chem";"2001";"None";"";"";""
"CHEMBL303752";"";"None";"561.00";"1";"3.00";"7f";"O=C(N[C@@H]1[C@H](O)[C@@H](CO)O[C@H]1n1cnc2c(NCc3cc(O)cc4ccccc34)ncnc21)c1cccc(Cl)c1";"IC50";"'='";"4000.0";"nM";"5.40";"";"";"UO_0000065";"9.62";"0.18";"2.40";"3.49";"0";"CHEMBL680373";"Inhibitory activity against Leishmania mexicana GAPDH";"B";"BAO_0000357";"single protein format";"Leishmania mexicana";"None";"None";"None";"None";"";"";"";"CHEMBL4137";"Glyceraldehyde-3-phosphate dehydrogenase cytosolic";"Leishmania mexicana";"SINGLE PROTEIN";"CHEMBL1134510";"1";"Scientific Literature";"J Med Chem";"2001";"None";"";"";""
"CHEMBL65568";"";"None";"548.60";"2";"1.68";"13m";"COc1cc(OC)cc(C(=O)N[C@@H]2C(Cn3cnc4c(NCc5ccccc5C)ncnc43)OC(CO)[C@@H]2O)c1";"IC50";"'='";"25000.0";"nM";"4.60";"";"";"UO_0000065";"8.39";"0.16";"2.92";"3.01";"0";"CHEMBL680373";"Inhibitory activity against Leishmania mexicana GAPDH";"B";"BAO_0000357";"single protein format";"Leishmania mexicana";"None";"None";"None";"None";"";"";"";"CHEMBL4137";"Glyceraldehyde-3-phosphate dehydrogenase cytosolic";"Leishmania mexicana";"SINGLE PROTEIN";"CHEMBL1134510";"1";"Scientific Literature";"J Med Chem";"2001";"None";"";"";""
"CHEMBL65928";"";"None";"567.65";"2";"1.44";"48";"COc1cc(OC)cc(C(=O)N[C@@H]2C(Cn3cnc4c(N)ncnc43)OC(CNC(=O)CC3CCCCC3)[C@@H]2O)c1";"IC50";"'='";"100000.0";"nM";"4.00";"";"";"UO_0000065";"7.05";"0.13";"2.56";"2.28";"0";"CHEMBL680373";"Inhibitory activity against Leishmania mexicana GAPDH";"B";"BAO_0000357";"single protein format";"Leishmania mexicana";"None";"None";"None";"None";"";"";"";"CHEMBL4137";"Glyceraldehyde-3-phosphate dehydrogenase cytosolic";"Leishmania mexicana";"SINGLE PROTEIN";"CHEMBL1134510";"1";"Scientific Literature";"J Med Chem";"2001";"None";"";"";""
"CHEMBL303751";"";"None";"586.61";"2";"2.36";"7m";"COc1cc(OC)cc(C(=O)N[C@@H]2[C@H](O)[C@@H](CO)O[C@H]2n2cnc3c(NCc4cc(O)cc5ccccc45)ncnc32)c1";"IC50";"'='";"2000.0";"nM";"5.70";"";"";"UO_0000065";"9.72";"0.18";"3.34";"3.29";"0";"CHEMBL680373";"Inhibitory activity against Leishmania mexicana GAPDH";"B";"BAO_0000357";"single protein format";"Leishmania mexicana";"None";"None";"None";"None";"";"";"";"CHEMBL4137";"Glyceraldehyde-3-phosphate dehydrogenase cytosolic";"Leishmania mexicana";"SINGLE PROTEIN";"CHEMBL1134510";"1";"Scientific Literature";"J Med Chem";"2001";"None";"";"";""
"CHEMBL63338";"";"None";"584.63";"2";"2.53";"11m";"COc1cc(OC)cc(C(=O)N[C@@H]2C(Cn3cnc4c(NCc5ccc6ccccc6c5)ncnc43)OC(CO)[C@@H]2O)c1";"IC50";"'='";"2000.0";"nM";"5.70";"";"";"UO_0000065";"9.75";"0.18";"3.17";"3.73";"0";"CHEMBL680373";"Inhibitory activity against Leishmania mexicana GAPDH";"B";"BAO_0000357";"single protein format";"Leishmania mexicana";"None";"None";"None";"None";"";"";"";"CHEMBL4137";"Glyceraldehyde-3-phosphate dehydrogenase cytosolic";"Leishmania mexicana";"SINGLE PROTEIN";"CHEMBL1134510";"1";"Scientific Literature";"J Med Chem";"2001";"None";"";"";""
"CHEMBL411945";"";"None";"598.62";"2";"2.57";"6v";"COc1ccc(C(=O)N[C@@H]2[C@H](O)[C@@H](CO)O[C@H]2n2cnc3c(NCc4cccc5ccccc45)ncnc32)cc1OC(C)=O";"IC50";"'='";"78000.0";"nM";"4.11";"";"";"UO_0000065";"6.86";"0.13";"1.54";"2.42";"0";"CHEMBL680373";"Inhibitory activity against Leishmania mexicana GAPDH";"B";"BAO_0000357";"single protein format";"Leishmania mexicana";"None";"None";"None";"None";"";"";"";"CHEMBL4137";"Glyceraldehyde-3-phosphate dehydrogenase cytosolic";"Leishmania mexicana";"SINGLE PROTEIN";"CHEMBL1134510";"1";"Scientific Literature";"J Med Chem";"2001";"None";"";"";""
"CHEMBL62124";"";"None";"570.61";"2";"2.66";"10e";"COc1cccc(C(=O)N[C@@H]2[C@H](O)[C@@H](CO)O[C@H]2n2cnc3c(NCc4ccc(OC)c5ccccc45)ncnc32)c1";"IC50";"'='";"6000.0";"nM";"5.22";"";"";"UO_0000065";"9.15";"0.17";"2.56";"3.42";"0";"CHEMBL680373";"Inhibitory activity against Leishmania mexicana GAPDH";"B";"BAO_0000357";"single protein format";"Leishmania mexicana";"None";"None";"None";"None";"";"";"";"CHEMBL4137";"Glyceraldehyde-3-phosphate dehydrogenase cytosolic";"Leishmania mexicana";"SINGLE PROTEIN";"CHEMBL1134510";"1";"Scientific Literature";"J Med Chem";"2001";"None";"";"";""
"CHEMBL303595";"";"None";"570.61";"2";"2.66";"6q";"COc1ccc(C(=O)N[C@@H]2[C@H](O)[C@@H](CO)O[C@H]2n2cnc3c(NCc4cccc5ccccc45)ncnc32)cc1OC";"IC50";"'='";"4000.0";"nM";"5.40";"";"";"UO_0000065";"9.46";"0.18";"2.74";"3.53";"0";"CHEMBL680373";"Inhibitory activity against Leishmania mexicana GAPDH";"B";"BAO_0000357";"single protein format";"Leishmania mexicana";"None";"None";"None";"None";"";"";"";"CHEMBL4137";"Glyceraldehyde-3-phosphate dehydrogenase cytosolic";"Leishmania mexicana";"SINGLE PROTEIN";"CHEMBL1134510";"1";"Scientific Literature";"J Med Chem";"2001";"None";"";"";""
"CHEMBL291421";"";"None";"545.00";"1";"3.29";"6f";"O=C(N[C@@H]1[C@H](O)[C@@H](CO)O[C@H]1n1cnc2c(NCc3cccc4ccccc34)ncnc21)c1cccc(Cl)c1";"IC50";"'='";"6000.0";"nM";"5.22";"";"";"UO_0000065";"9.58";"0.18";"1.93";"3.88";"0";"CHEMBL680373";"Inhibitory activity against Leishmania mexicana GAPDH";"B";"BAO_0000357";"single protein format";"Leishmania mexicana";"None";"None";"None";"None";"";"";"";"CHEMBL4137";"Glyceraldehyde-3-phosphate dehydrogenase cytosolic";"Leishmania mexicana";"SINGLE PROTEIN";"CHEMBL1134510";"1";"Scientific Literature";"J Med Chem";"2001";"None";"";"";""
"CHEMBL305307";"";"None";"542.55";"3";"2.05";"6s";"O=C(N[C@@H]1[C@H](O)[C@@H](CO)O[C@H]1n1cnc2c(NCc3cccc4ccccc34)ncnc21)c1ccc(O)c(O)c1";"IC50";"'='";"18000.0";"nM";"4.75";"";"";"UO_0000065";"8.75";"0.16";"2.69";"2.71";"0";"CHEMBL680373";"Inhibitory activity against Leishmania mexicana GAPDH";"B";"BAO_0000357";"single protein format";"Leishmania mexicana";"None";"None";"None";"None";"";"";"";"CHEMBL4137";"Glyceraldehyde-3-phosphate dehydrogenase cytosolic";"Leishmania mexicana";"SINGLE PROTEIN";"CHEMBL1134510";"1";"Scientific Literature";"J Med Chem";"2001";"None";"";"";""
"CHEMBL292294";"";"None";"556.58";"2";"2.35";"6w";"COc1ccc(C(=O)N[C@@H]2[C@H](O)[C@@H](CO)O[C@H]2n2cnc3c(NCc4cccc5ccccc45)ncnc32)cc1O";"IC50";"'='";"37000.0";"nM";"4.43";"";"";"UO_0000065";"7.96";"0.15";"2.08";"2.70";"0";"CHEMBL680373";"Inhibitory activity against Leishmania mexicana GAPDH";"B";"BAO_0000357";"single protein format";"Leishmania mexicana";"None";"None";"None";"None";"";"";"";"CHEMBL4137";"Glyceraldehyde-3-phosphate dehydrogenase cytosolic";"Leishmania mexicana";"SINGLE PROTEIN";"CHEMBL1134510";"1";"Scientific Literature";"J Med Chem";"2001";"None";"";"";""
"CHEMBL65272";"";"None";"568.59";"2";"2.57";"6k";"CC(=O)Oc1ccc(C(=O)N[C@@H]2[C@H](O)[C@@H](CO)O[C@H]2n2cnc3c(NCc4cccc5ccccc45)ncnc32)cc1";"IC50";"'='";"100000.0";"nM";"4.00";"";"";"UO_0000065";"7.03";"0.13";"1.43";"2.49";"0";"CHEMBL680373";"Inhibitory activity against Leishmania mexicana GAPDH";"B";"BAO_0000357";"single protein format";"Leishmania mexicana";"None";"None";"None";"None";"";"";"";"CHEMBL4137";"Glyceraldehyde-3-phosphate dehydrogenase cytosolic";"Leishmania mexicana";"SINGLE PROTEIN";"CHEMBL1134510";"1";"Scientific Literature";"J Med Chem";"2001";"None";"";"";""
"CHEMBL65247";"";"None";"545.00";"1";"3.29";"6j";"O=C(N[C@@H]1[C@H](O)[C@@H](CO)O[C@H]1n1cnc2c(NCc3cccc4ccccc34)ncnc21)c1ccc(Cl)cc1";"IC50";"'='";"100000.0";"nM";"4.00";"";"";"UO_0000065";"7.34";"0.14";"0.71";"2.98";"0";"CHEMBL680373";"Inhibitory activity against Leishmania mexicana GAPDH";"B";"BAO_0000357";"single protein format";"Leishmania mexicana";"None";"None";"None";"None";"";"";"";"CHEMBL4137";"Glyceraldehyde-3-phosphate dehydrogenase cytosolic";"Leishmania mexicana";"SINGLE PROTEIN";"CHEMBL1134510";"1";"Scientific Literature";"J Med Chem";"2001";"None";"";"";""
"CHEMBL303934";"";"None";"570.61";"2";"2.66";"6m";"COc1cc(OC)cc(C(=O)N[C@@H]2[C@H](O)[C@@H](CO)O[C@H]2n2cnc3c(NCc4cccc5ccccc45)ncnc32)c1";"IC50";"'='";"2000.0";"nM";"5.70";"";"";"UO_0000065";"9.99";"0.19";"3.04";"3.73";"0";"CHEMBL680373";"Inhibitory activity against Leishmania mexicana GAPDH";"B";"BAO_0000357";"single protein format";"Leishmania mexicana";"None";"None";"None";"None";"";"";"";"CHEMBL4137";"Glyceraldehyde-3-phosphate dehydrogenase cytosolic";"Leishmania mexicana";"SINGLE PROTEIN";"CHEMBL1134510";"1";"Scientific Literature";"J Med Chem";"2001";"None";"";"";""
"CHEMBL464924";"";"None";"540.58";"1";"2.65";"6e";"COc1cccc(C(=O)N[C@@H]2[C@H](O)[C@@H](CO)O[C@H]2n2cnc3c(NCc4cccc5ccccc45)ncnc32)c1";"IC50";"'='";"6000.0";"nM";"5.22";"";"";"UO_0000065";"9.66";"0.18";"2.57";"3.64";"0";"CHEMBL680373";"Inhibitory activity against Leishmania mexicana GAPDH";"B";"BAO_0000357";"single protein format";"Leishmania mexicana";"None";"None";"None";"None";"";"";"";"CHEMBL4137";"Glyceraldehyde-3-phosphate dehydrogenase cytosolic";"Leishmania mexicana";"SINGLE PROTEIN";"CHEMBL1134510";"1";"Scientific Literature";"J Med Chem";"2001";"None";"";"";""
"CHEMBL65303";"";"None";"534.57";"2";"1.37";"12m";"COc1cc(OC)cc(C(=O)N[C@@H]2C(Cn3cnc4c(NCc5ccccc5)ncnc43)OC(CO)[C@@H]2O)c1";"IC50";"'='";"20000.0";"nM";"4.70";"";"";"UO_0000065";"8.79";"0.16";"3.33";"3.07";"0";"CHEMBL680373";"Inhibitory activity against Leishmania mexicana GAPDH";"B";"BAO_0000357";"single protein format";"Leishmania mexicana";"None";"None";"None";"None";"";"";"";"CHEMBL4137";"Glyceraldehyde-3-phosphate dehydrogenase cytosolic";"Leishmania mexicana";"SINGLE PROTEIN";"CHEMBL1134510";"1";"Scientific Literature";"J Med Chem";"2001";"None";"";"";""
"CHEMBL609489";"";"None";"460.49";"0";"0.98";"36";"Nc1ncnc2c1ncn2C1O[C@H](CNC(=O)C(c2ccccc2)c2ccccc2)[C@@H](O)[C@H]1O";"IC50";"'='";"250000.0";"nM";"";"Outside typical range";"";"UO_0000065";"";"";"";"";"0";"CHEMBL680373";"Inhibitory activity against Leishmania mexicana GAPDH";"B";"BAO_0000357";"single protein format";"Leishmania mexicana";"None";"None";"None";"None";"";"";"";"CHEMBL4137";"Glyceraldehyde-3-phosphate dehydrogenase cytosolic";"Leishmania mexicana";"SINGLE PROTEIN";"CHEMBL1134510";"1";"Scientific Literature";"J Med Chem";"2001";"None";"";"";""
"CHEMBL303129";"";"None";"556.58";"2";"2.35";"6y";"COc1cc(C(=O)N[C@@H]2[C@H](O)[C@@H](CO)O[C@H]2n2cnc3c(NCc4cccc5ccccc45)ncnc32)ccc1O";"IC50";"'='";"10000.0";"nM";"5.00";"";"";"UO_0000065";"8.98";"0.17";"2.65";"3.05";"0";"CHEMBL680373";"Inhibitory activity against Leishmania mexicana GAPDH";"B";"BAO_0000357";"single protein format";"Leishmania mexicana";"None";"None";"None";"None";"";"";"";"CHEMBL4137";"Glyceraldehyde-3-phosphate dehydrogenase cytosolic";"Leishmania mexicana";"SINGLE PROTEIN";"CHEMBL1134510";"1";"Scientific Literature";"J Med Chem";"2001";"None";"";"";""
"CHEMBL66479";"";"None";"553.62";"1";"2.71";"6z";"CN(C)c1cccc(C(=O)N[C@@H]2[C@H](O)[C@@H](CO)O[C@H]2n2cnc3c(NCc4cccc5ccccc45)ncnc32)c1";"IC50";"'='";"25000.0";"nM";"4.60";"";"";"UO_0000065";"8.31";"0.15";"1.89";"3.34";"0";"CHEMBL680373";"Inhibitory activity against Leishmania mexicana GAPDH";"B";"BAO_0000357";"single protein format";"Leishmania mexicana";"None";"None";"None";"None";"";"";"";"CHEMBL4137";"Glyceraldehyde-3-phosphate dehydrogenase cytosolic";"Leishmania mexicana";"SINGLE PROTEIN";"CHEMBL1134510";"1";"Scientific Literature";"J Med Chem";"2001";"None";"";"";""
"CHEMBL63304";"";"None";"672.76";"2";"3.02";"17m";"COc1cc(OC)cc(C(=O)N[C@@H]2C(Cn3cnc4c(NCc5ccccc5Sc5ccccc5CO)ncnc43)OC(CO)[C@@H]2O)c1";"IC50";"'='";"75000.0";"nM";"4.12";"";"";"UO_0000065";"6.13";"0.12";"1.10";"2.38";"0";"CHEMBL680373";"Inhibitory activity against Leishmania mexicana GAPDH";"B";"BAO_0000357";"single protein format";"Leishmania mexicana";"None";"None";"None";"None";"";"";"";"CHEMBL4137";"Glyceraldehyde-3-phosphate dehydrogenase cytosolic";"Leishmania mexicana";"SINGLE PROTEIN";"CHEMBL1134510";"1";"Scientific Literature";"J Med Chem";"2001";"None";"";"";""
"CHEMBL291418";"";"None";"554.61";"1";"2.52";"11e";"COc1cccc(C(=O)N[C@@H]2C(Cn3cnc4c(NCc5ccc6ccccc6c5)ncnc43)OC(CO)[C@@H]2O)c1";"IC50";"'='";"2000.0";"nM";"5.70";"";"";"UO_0000065";"10.28";"0.19";"3.18";"3.97";"0";"CHEMBL680373";"Inhibitory activity against Leishmania mexicana GAPDH";"B";"BAO_0000357";"single protein format";"Leishmania mexicana";"None";"None";"None";"None";"";"";"";"CHEMBL4137";"Glyceraldehyde-3-phosphate dehydrogenase cytosolic";"Leishmania mexicana";"SINGLE PROTEIN";"CHEMBL1134510";"1";"Scientific Literature";"J Med Chem";"2001";"None";"";"";""
"CHEMBL64311";"";"None";"609.47";"1";"3.96";"9n";"COc1cc(CNc2ncnc3c2ncn3[C@@H]2O[C@H](CO)[C@@H](O)[C@H]2NC(=O)c2cc(Cl)cc(Cl)c2)c2ccccc2c1";"IC50";"'='";"25000.0";"nM";"4.60";"";"";"UO_0000065";"7.55";"0.15";"0.64";"3.20";"0";"CHEMBL680373";"Inhibitory activity against Leishmania mexicana GAPDH";"B";"BAO_0000357";"single protein format";"Leishmania mexicana";"None";"None";"None";"None";"";"";"";"CHEMBL4137";"Glyceraldehyde-3-phosphate dehydrogenase cytosolic";"Leishmania mexicana";"SINGLE PROTEIN";"CHEMBL1134510";"1";"Scientific Literature";"J Med Chem";"2001";"None";"";"";""
"CHEMBL64921";"";"None";"626.63";"2";"2.49";"6r";"CC(=O)Oc1ccc(C(=O)N[C@@H]2[C@H](O)[C@@H](CO)O[C@H]2n2cnc3c(NCc4cccc5ccccc45)ncnc32)cc1OC(C)=O";"IC50";"'='";"25000.0";"nM";"4.60";"";"";"UO_0000065";"7.34";"0.14";"2.11";"2.46";"0";"CHEMBL680373";"Inhibitory activity against Leishmania mexicana GAPDH";"B";"BAO_0000357";"single protein format";"Leishmania mexicana";"None";"None";"None";"None";"";"";"";"CHEMBL4137";"Glyceraldehyde-3-phosphate dehydrogenase cytosolic";"Leishmania mexicana";"SINGLE PROTEIN";"CHEMBL1134510";"1";"Scientific Literature";"J Med Chem";"2001";"None";"";"";""
"CHEMBL608890";"";"None";"390.44";"0";"0.11";"35";"Nc1ncnc2c1ncn2C1O[C@H](CNC(=O)CC2CCCCC2)[C@@H](O)[C@H]1O";"IC50";"'='";"250000.0";"nM";"";"Outside typical range";"";"UO_0000065";"";"";"";"";"0";"CHEMBL680373";"Inhibitory activity against Leishmania mexicana GAPDH";"B";"BAO_0000357";"single protein format";"Leishmania mexicana";"None";"None";"None";"None";"";"";"";"CHEMBL4137";"Glyceraldehyde-3-phosphate dehydrogenase cytosolic";"Leishmania mexicana";"SINGLE PROTEIN";"CHEMBL1134510";"1";"Scientific Literature";"J Med Chem";"2001";"None";"";"";""
"CHEMBL68405";"";"None";"568.59";"2";"2.57";"6g";"CC(=O)Oc1cccc(C(=O)N[C@@H]2[C@H](O)[C@@H](CO)O[C@H]2n2cnc3c(NCc4cccc5ccccc45)ncnc32)c1";"IC50";"'='";"50000.0";"nM";"4.30";"";"";"UO_0000065";"7.56";"0.14";"1.73";"2.68";"0";"CHEMBL680373";"Inhibitory activity against Leishmania mexicana GAPDH";"B";"BAO_0000357";"single protein format";"Leishmania mexicana";"None";"None";"None";"None";"";"";"";"CHEMBL4137";"Glyceraldehyde-3-phosphate dehydrogenase cytosolic";"Leishmania mexicana";"SINGLE PROTEIN";"CHEMBL1134510";"1";"Scientific Literature";"J Med Chem";"2001";"None";"";"";""
"CHEMBL303342";"";"None";"600.63";"2";"2.67";"9m";"COc1cc(OC)cc(C(=O)N[C@@H]2[C@H](O)[C@@H](CO)O[C@H]2n2cnc3c(NCc4cc(OC)cc5ccccc45)ncnc32)c1";"IC50";"'='";"2000.0";"nM";"5.70";"";"";"UO_0000065";"9.49";"0.18";"3.03";"3.52";"0";"CHEMBL680373";"Inhibitory activity against Leishmania mexicana GAPDH";"B";"BAO_0000357";"single protein format";"Leishmania mexicana";"None";"None";"None";"None";"";"";"";"CHEMBL4137";"Glyceraldehyde-3-phosphate dehydrogenase cytosolic";"Leishmania mexicana";"SINGLE PROTEIN";"CHEMBL1134510";"1";"Scientific Literature";"J Med Chem";"2001";"None";"";"";""
"CHEMBL66195";"";"None";"574.64";"2";"2.25";"16m";"COc1cc(OC)cc(C(=O)N[C@@H]2C(Cn3cnc4c(NC5CCCc6ccccc65)ncnc43)OC(CO)[C@@H]2O)c1";"IC50";"'='";"75000.0";"nM";"4.12";"";"";"UO_0000065";"7.18";"0.13";"1.87";"2.70";"0";"CHEMBL680373";"Inhibitory activity against Leishmania mexicana GAPDH";"B";"BAO_0000357";"single protein format";"Leishmania mexicana";"None";"None";"None";"None";"";"";"";"CHEMBL4137";"Glyceraldehyde-3-phosphate dehydrogenase cytosolic";"Leishmania mexicana";"SINGLE PROTEIN";"CHEMBL1134510";"1";"Scientific Literature";"J Med Chem";"2001";"None";"";"";""
"CHEMBL294813";"";"None";"579.44";"1";"3.95";"6n";"O=C(N[C@@H]1[C@H](O)[C@@H](CO)O[C@H]1n1cnc2c(NCc3cccc4ccccc34)ncnc21)c1cc(Cl)cc(Cl)c1";"IC50";"'='";"12000.0";"nM";"4.92";"";"";"UO_0000065";"8.49";"0.17";"0.97";"3.66";"0";"CHEMBL680373";"Inhibitory activity against Leishmania mexicana GAPDH";"B";"BAO_0000357";"single protein format";"Leishmania mexicana";"None";"None";"None";"None";"";"";"";"CHEMBL4137";"Glyceraldehyde-3-phosphate dehydrogenase cytosolic";"Leishmania mexicana";"SINGLE PROTEIN";"CHEMBL1134510";"1";"Scientific Literature";"J Med Chem";"2001";"None";"";"";""
"CHEMBL63403";"";"None";"626.63";"2";"2.49";"6o";"CC(=O)Oc1cc(OC(C)=O)cc(C(=O)N[C@@H]2[C@H](O)[C@@H](CO)O[C@H]2n2cnc3c(NCc4cccc5ccccc45)ncnc32)c1";"IC50";"'='";"10000.0";"nM";"5.00";"";"";"UO_0000065";"7.98";"0.15";"2.51";"2.67";"0";"CHEMBL680373";"Inhibitory activity against Leishmania mexicana GAPDH";"B";"BAO_0000357";"single protein format";"Leishmania mexicana";"None";"None";"None";"None";"";"";"";"CHEMBL4137";"Glyceraldehyde-3-phosphate dehydrogenase cytosolic";"Leishmania mexicana";"SINGLE PROTEIN";"CHEMBL1134510";"1";"Scientific Literature";"J Med Chem";"2001";"None";"";"";""
"CHEMBL66305";"";"None";"548.60";"2";"1.68";"14m";"COc1cc(OC)cc(C(=O)N[C@@H]2C(Cn3cnc4c(NCc5cccc(C)c5)ncnc43)OC(CO)[C@@H]2O)c1";"IC50";"'='";"25000.0";"nM";"4.60";"";"";"UO_0000065";"8.39";"0.16";"2.92";"3.01";"0";"CHEMBL680373";"Inhibitory activity against Leishmania mexicana GAPDH";"B";"BAO_0000357";"single protein format";"Leishmania mexicana";"None";"None";"None";"None";"";"";"";"CHEMBL4137";"Glyceraldehyde-3-phosphate dehydrogenase cytosolic";"Leishmania mexicana";"SINGLE PROTEIN";"CHEMBL1134510";"1";"Scientific Literature";"J Med Chem";"2001";"None";"";"";""
"CHEMBL63636";"";"None";"526.55";"1";"2.35";"6h";"O=C(N[C@@H]1[C@H](O)[C@@H](CO)O[C@H]1n1cnc2c(NCc3cccc4ccccc34)ncnc21)c1cccc(O)c1";"IC50";"'='";"25000.0";"nM";"4.60";"";"";"UO_0000065";"8.74";"0.16";"2.25";"2.98";"0";"CHEMBL680373";"Inhibitory activity against Leishmania mexicana GAPDH";"B";"BAO_0000357";"single protein format";"Leishmania mexicana";"None";"None";"None";"None";"";"";"";"CHEMBL4137";"Glyceraldehyde-3-phosphate dehydrogenase cytosolic";"Leishmania mexicana";"SINGLE PROTEIN";"CHEMBL1134510";"1";"Scientific Literature";"J Med Chem";"2001";"None";"";"";""
"CHEMBL63809";"";"None";"570.61";"2";"2.66";"18m";"COc1cc(OC)cc(C(=O)N[C@@H]2C(Cn3cnc4c(Nc5ccc6ccccc6c5)ncnc43)OC(CO)[C@@H]2O)c1";"IC50";"'='";"60000.0";"nM";"4.22";"";"";"UO_0000065";"7.40";"0.14";"1.56";"2.76";"0";"CHEMBL680373";"Inhibitory activity against Leishmania mexicana GAPDH";"B";"BAO_0000357";"single protein format";"Leishmania mexicana";"None";"None";"None";"None";"";"";"";"CHEMBL4137";"Glyceraldehyde-3-phosphate dehydrogenase cytosolic";"Leishmania mexicana";"SINGLE PROTEIN";"CHEMBL1134510";"1";"Scientific Literature";"J Med Chem";"2001";"None";"";"";""
"CHEMBL416681";"";"None";"526.55";"1";"2.35";"6l";"O=C(N[C@@H]1[C@H](O)[C@@H](CO)O[C@H]1n1cnc2c(NCc3cccc4ccccc34)ncnc21)c1ccc(O)cc1";"IC50";"'='";"80000.0";"nM";"4.10";"";"";"UO_0000065";"7.78";"0.14";"1.75";"2.65";"0";"CHEMBL680373";"Inhibitory activity against Leishmania mexicana GAPDH";"B";"BAO_0000357";"single protein format";"Leishmania mexicana";"None";"None";"None";"None";"";"";"";"CHEMBL4137";"Glyceraldehyde-3-phosphate dehydrogenase cytosolic";"Leishmania mexicana";"SINGLE PROTEIN";"CHEMBL1134510";"1";"Scientific Literature";"J Med Chem";"2001";"None";"";"";""
"CHEMBL433290";"";"None";"598.62";"2";"2.57";"6x";"COc1cc(C(=O)N[C@@H]2[C@H](O)[C@@H](CO)O[C@H]2n2cnc3c(NCc4cccc5ccccc45)ncnc32)ccc1OC(C)=O";"IC50";"'='";"10000.0";"nM";"5.00";"";"";"UO_0000065";"8.35";"0.16";"2.43";"2.94";"0";"CHEMBL680373";"Inhibitory activity against Leishmania mexicana GAPDH";"B";"BAO_0000357";"single protein format";"Leishmania mexicana";"None";"None";"None";"None";"";"";"";"CHEMBL4137";"Glyceraldehyde-3-phosphate dehydrogenase cytosolic";"Leishmania mexicana";"SINGLE PROTEIN";"CHEMBL1134510";"1";"Scientific Literature";"J Med Chem";"2001";"None";"";"";""
"CHEMBL66196";"";"None";"610.67";"2";"2.96";"15m";"COc1cc(OC)cc(C(=O)N[C@@H]2C(Cn3cnc4c(NC(c5ccccc5)c5ccccc5)ncnc43)OC(CO)[C@@H]2O)c1";"IC50";"'='";"55000.0";"nM";"4.26";"";"";"UO_0000065";"6.98";"0.13";"1.30";"2.79";"0";"CHEMBL680373";"Inhibitory activity against Leishmania mexicana GAPDH";"B";"BAO_0000357";"single protein format";"Leishmania mexicana";"None";"None";"None";"None";"";"";"";"CHEMBL4137";"Glyceraldehyde-3-phosphate dehydrogenase cytosolic";"Leishmania mexicana";"SINGLE PROTEIN";"CHEMBL1134510";"1";"Scientific Literature";"J Med Chem";"2001";"None";"";"";""
"CHEMBL291088";"";"None";"595.44";"1";"3.65";"7n";"O=C(N[C@@H]1[C@H](O)[C@@H](CO)O[C@H]1n1cnc2c(NCc3cc(O)cc4ccccc34)ncnc21)c1cc(Cl)cc(Cl)c1";"IC50";"'='";"25000.0";"nM";"4.60";"";"";"UO_0000065";"7.73";"0.15";"0.95";"2.98";"0";"CHEMBL680373";"Inhibitory activity against Leishmania mexicana GAPDH";"B";"BAO_0000357";"single protein format";"Leishmania mexicana";"None";"None";"None";"None";"";"";"";"CHEMBL4137";"Glyceraldehyde-3-phosphate dehydrogenase cytosolic";"Leishmania mexicana";"SINGLE PROTEIN";"CHEMBL1134510";"1";"Scientific Literature";"J Med Chem";"2001";"None";"";"";""
"CHEMBL63569";"";"None";"570.61";"2";"2.66";"9e";"COc1cccc(C(=O)N[C@@H]2[C@H](O)[C@@H](CO)O[C@H]2n2cnc3c(NCc4cc(OC)cc5ccccc45)ncnc32)c1";"IC50";"'='";"3000.0";"nM";"5.52";"";"";"UO_0000065";"9.68";"0.18";"2.86";"3.61";"0";"CHEMBL680373";"Inhibitory activity against Leishmania mexicana GAPDH";"B";"BAO_0000357";"single protein format";"Leishmania mexicana";"None";"None";"None";"None";"";"";"";"CHEMBL4137";"Glyceraldehyde-3-phosphate dehydrogenase cytosolic";"Leishmania mexicana";"SINGLE PROTEIN";"CHEMBL1134510";"1";"Scientific Literature";"J Med Chem";"2001";"None";"";"";""
"CHEMBL411737";"";"None";"540.58";"1";"2.65";"6i";"COc1ccc(C(=O)N[C@@H]2[C@H](O)[C@@H](CO)O[C@H]2n2cnc3c(NCc4cccc5ccccc45)ncnc32)cc1";"IC50";"'='";"100000.0";"nM";"4.00";"";"";"UO_0000065";"7.40";"0.14";"1.35";"2.78";"0";"CHEMBL680373";"Inhibitory activity against Leishmania mexicana GAPDH";"B";"BAO_0000357";"single protein format";"Leishmania mexicana";"None";"None";"None";"None";"";"";"";"CHEMBL4137";"Glyceraldehyde-3-phosphate dehydrogenase cytosolic";"Leishmania mexicana";"SINGLE PROTEIN";"CHEMBL1134510";"1";"Scientific Literature";"J Med Chem";"2001";"None";"";"";""
"CHEMBL303730";"";"None";"542.55";"3";"2.05";"6p";"O=C(N[C@@H]1[C@H](O)[C@@H](CO)O[C@H]1n1cnc2c(NCc3cccc4ccccc34)ncnc21)c1cc(O)cc(O)c1";"IC50";"'='";"5000.0";"nM";"5.30";"";"";"UO_0000065";"9.77";"0.18";"3.25";"3.03";"0";"CHEMBL680373";"Inhibitory activity against Leishmania mexicana GAPDH";"B";"BAO_0000357";"single protein format";"Leishmania mexicana";"None";"None";"None";"None";"";"";"";"CHEMBL4137";"Glyceraldehyde-3-phosphate dehydrogenase cytosolic";"Leishmania mexicana";"SINGLE PROTEIN";"CHEMBL1134510";"1";"Scientific Literature";"J Med Chem";"2001";"None";"";"";""
