"Molecule ChEMBL ID";"Molecule Name";"Molecule Max Phase";"Molecular Weight";"#RO5 Violations";"AlogP";"Compound Key";"Smiles";"Standard Type";"Standard Relation";"Standard Value";"Standard Units";"pChEMBL Value";"Data Validity Comment";"Comment";"Uo Units";"Ligand Efficiency BEI";"Ligand Efficiency LE";"Ligand Efficiency LLE";"Ligand Efficiency SEI";"Potential Duplicate";"Assay ChEMBL ID";"Assay Description";"Assay Type";"BAO Format ID";"BAO Label";"Assay Organism";"Assay Tissue ChEMBL ID";"Assay Tissue Name";"Assay Cell Type";"Assay Subcellular Fraction";"Assay Parameters";"Assay Variant Accession";"Assay Variant Mutation";"Target ChEMBL ID";"Target Name";"Target Organism";"Target Type";"Document ChEMBL ID";"Source ID";"Source Description";"Document Journal";"Document Year";"Cell ChEMBL ID";"Properties";"Action Type";"Standard Text Value"
"CHEMBL310500";"";"None";"310.31";"0";"2.23";"28";"CCCN(CCC)c1c([N+](=O)[O-])cc(C(N)=O)cc1[N+](=O)[O-]";"Inhibition";"'='";"34.0";"%";"";"";"";"UO_0000187";"";"";"";"";"0";"CHEMBL706588";"Percentage inhibition against Leishmania tubulin in vitro was determined at 20 uM";"F";"BAO_0000218";"organism-based format";"Leishmania sp.";"None";"None";"None";"None";"";"";"";"CHEMBL612241";"Leishmania sp.";"Leishmania sp.";"ORGANISM";"CHEMBL1134896";"1";"Scientific Literature";"Bioorg Med Chem Lett";"2002";"None";"";"";""
"CHEMBL53153";"";"None";"422.46";"0";"3.93";"20";"CCCN(CCC)c1c([N+](=O)[O-])cc(S(=O)(=O)Nc2ccccc2)cc1[N+](=O)[O-]";"Inhibition";"'='";"108.0";"%";"";"";"";"UO_0000187";"";"";"";"";"0";"CHEMBL706588";"Percentage inhibition against Leishmania tubulin in vitro was determined at 20 uM";"F";"BAO_0000218";"organism-based format";"Leishmania sp.";"None";"None";"None";"None";"";"";"";"CHEMBL612241";"Leishmania sp.";"Leishmania sp.";"ORGANISM";"CHEMBL1134896";"1";"Scientific Literature";"Bioorg Med Chem Lett";"2002";"None";"";"";""
"CHEMBL449062";"D-LIMONENE";"2.0";"136.24";"0";"3.31";"1";"C=C(C)[C@H]1CC=C(C)CC1";"IC50";"'='";"185000.0";"nM";"";"Outside typical range";"";"UO_0000065";"";"";"";"";"0";"CHEMBL1106397";"Antileishmanial activity against Leishmania sp. by MTT assay";"F";"BAO_0000218";"organism-based format";"Leishmania sp.";"None";"None";"None";"None";"";"";"";"CHEMBL612241";"Leishmania sp.";"Leishmania sp.";"ORGANISM";"CHEMBL1157048";"1";"Scientific Literature";"Eur J Med Chem";"2010";"None";"";"";""
"CHEMBL55";"PENTAMIDINE";"4.0";"340.43";"0";"2.88";"Pentamidine";"N=C(N)c1ccc(OCCCCCOc2ccc(C(=N)N)cc2)cc1";"Inhibition";"";"";"%";"";"";"Not Determined";"UO_0000187";"";"";"";"";"0";"CHEMBL879514";"Percentage inhibition against Leishmania tubulin in vitro was determined at 20 uM; NT means not tested";"F";"BAO_0000218";"organism-based format";"Leishmania sp.";"None";"None";"None";"None";"";"";"";"CHEMBL612241";"Leishmania sp.";"Leishmania sp.";"ORGANISM";"CHEMBL1134896";"1";"Scientific Literature";"Bioorg Med Chem Lett";"2002";"None";"";"";""
"CHEMBL78983";"";"None";"301.37";"0";"1.87";"25";"CCCN(CCC)c1ccc(S(N)(=O)=O)cc1[N+](=O)[O-]";"Inhibition";"'='";"19.0";"%";"";"";"";"UO_0000187";"";"";"";"";"0";"CHEMBL706588";"Percentage inhibition against Leishmania tubulin in vitro was determined at 20 uM";"F";"BAO_0000218";"organism-based format";"Leishmania sp.";"None";"None";"None";"None";"";"";"";"CHEMBL612241";"Leishmania sp.";"Leishmania sp.";"ORGANISM";"CHEMBL1134896";"1";"Scientific Literature";"Bioorg Med Chem Lett";"2002";"None";"";"";""
"CHEMBL75751";"";"None";"332.29";"0";"-0.01";"18";"NS(=O)(=O)c1cc([N+](=O)[O-])c(N2CCOCC2)c([N+](=O)[O-])c1";"Inhibition";"'='";"21.0";"%";"";"";"";"UO_0000187";"";"";"";"";"0";"CHEMBL706588";"Percentage inhibition against Leishmania tubulin in vitro was determined at 20 uM";"F";"BAO_0000218";"organism-based format";"Leishmania sp.";"None";"None";"None";"None";"";"";"";"CHEMBL612241";"Leishmania sp.";"Leishmania sp.";"ORGANISM";"CHEMBL1134896";"1";"Scientific Literature";"Bioorg Med Chem Lett";"2002";"None";"";"";""
"CHEMBL78502";"";"None";"374.42";"0";"2.56";"15";"CCCCN(CCCC)c1c([N+](=O)[O-])cc(S(N)(=O)=O)cc1[N+](=O)[O-]";"Inhibition";"'='";"89.0";"%";"";"";"";"UO_0000187";"";"";"";"";"0";"CHEMBL706588";"Percentage inhibition against Leishmania tubulin in vitro was determined at 20 uM";"F";"BAO_0000218";"organism-based format";"Leishmania sp.";"None";"None";"None";"None";"";"";"";"CHEMBL612241";"Leishmania sp.";"Leishmania sp.";"ORGANISM";"CHEMBL1134896";"1";"Scientific Literature";"Bioorg Med Chem Lett";"2002";"None";"";"";""
"CHEMBL24057";"FURAMIDINE";"-1.0";"304.35";"0";"3.18";"7e; DB75";"N=C(N)c1ccc(-c2ccc(-c3ccc(C(=N)N)cc3)o2)cc1";"IC50";"'='";"2800.0";"nM";"5.55";"";"";"UO_0000065";"";"";"";"";"0";"CHEMBL3993263";"Antiparasitic activity against Leishmania spp.";"F";"BAO_0000019";"assay format";"Leishmania sp.";"None";"None";"None";"None";"";"";"";"CHEMBL612241";"Leishmania sp.";"Leishmania sp.";"ORGANISM";"CHEMBL3992514";"1";"Scientific Literature";"Eur J Med Chem";"2017";"None";"";"";""
"CHEMBL3401424";"";"None";"382.98";"0";"4.40";"9c";"Cl.c1ccc(C2CC3(N4CCCC4)CNCC2C(c2ccccc2)C3)cc1";"Inhibition";"";"";"%";"";"";"Active";"UO_0000187";"";"";"";"";"0";"CHEMBL3407221";"Antiparasitic activity against Leishmania sp.";"F";"BAO_0000218";"organism-based format";"Leishmania sp.";"None";"None";"None";"None";"";"";"";"CHEMBL612241";"Leishmania sp.";"Leishmania sp.";"ORGANISM";"CHEMBL3400138";"1";"Scientific Literature";"Bioorg Med Chem Lett";"2015";"None";"";"";""
"CHEMBL3142235";"";"None";"416.44";"0";"4.87";"Sitamaquine, WR-6026";"CCN(CC)CCCCCCNc1cc(OC)cc2c(C)ccnc12.Cl.Cl";"EC50";"'='";"5700.0";"nM";"5.24";"";"";"UO_0000065";"";"";"";"";"0";"CHEMBL1678993";"Antiparasitic activity against promastigotes of Leishmania sp. after 3 days by Alamar blue assay";"F";"BAO_0000218";"organism-based format";"Leishmania sp.";"None";"None";"None";"None";"";"";"";"CHEMBL612241";"Leishmania sp.";"Leishmania sp.";"ORGANISM";"CHEMBL1671639";"1";"Scientific Literature";"Antimicrob Agents Chemother";"2008";"None";"";"";""
"CHEMBL78664";"";"None";"292.30";"0";"3.00";"27";"CCCN(CCC)c1c([N+](=O)[O-])cc(C#N)cc1[N+](=O)[O-]";"Inhibition";"'='";"25.0";"%";"";"";"";"UO_0000187";"";"";"";"";"0";"CHEMBL706588";"Percentage inhibition against Leishmania tubulin in vitro was determined at 20 uM";"F";"BAO_0000218";"organism-based format";"Leishmania sp.";"None";"None";"None";"None";"";"";"";"CHEMBL612241";"Leishmania sp.";"Leishmania sp.";"ORGANISM";"CHEMBL1134896";"1";"Scientific Literature";"Bioorg Med Chem Lett";"2002";"None";"";"";""
"CHEMBL428647";"PACLITAXEL";"4.0";"853.92";"2";"3.74";"Paclitaxel";"CC(=O)O[C@H]1C(=O)[C@@]2(C)[C@H]([C@H](OC(=O)c3ccccc3)[C@]3(O)C[C@H](OC(=O)[C@H](O)[C@@H](NC(=O)c4ccccc4)c4ccccc4)C(C)=C1C3(C)C)[C@]1(OC(C)=O)CO[C@@H]1C[C@@H]2O";"IC50";"'='";"35.0";"nM";"7.46";"";"";"UO_0000065";"";"";"";"";"0";"CHEMBL1261961";"Antimicrobial activity against Leishmania sp.";"F";"BAO_0000218";"organism-based format";"Leishmania sp.";"None";"None";"None";"None";"";"";"";"CHEMBL612241";"Leishmania sp.";"Leishmania sp.";"ORGANISM";"CHEMBL1255235";"1";"Scientific Literature";"Antimicrob Agents Chemother";"2008";"None";"";"";""
"CHEMBL210136";"";"None";"427.19";"1";"6.29";"46, BTB 06237";"Cc1cc(Sc2c([N+](=O)[O-])cc(C(F)(F)F)cc2[N+](=O)[O-])c(Cl)cc1Cl";"Activity";"";"";"";"";"";"Not Active";"";"";"";"";"";"0";"CHEMBL853380";"Inhibition of Leishmania tarentolae tubulin assembly";"F";"BAO_0000218";"organism-based format";"Leishmania tarentolae";"None";"None";"None";"None";"";"";"";"CHEMBL612241";"Leishmania sp.";"Leishmania sp.";"ORGANISM";"CHEMBL1138888";"1";"Scientific Literature";"J Med Chem";"2006";"None";"";"";""
"CHEMBL78530";"";"None";"430.53";"0";"4.12";"17";"CCCCCCN(CCCCCC)c1c([N+](=O)[O-])cc(S(N)(=O)=O)cc1[N+](=O)[O-]";"Inhibition";"'='";"48.0";"%";"";"";"";"UO_0000187";"";"";"";"";"0";"CHEMBL706588";"Percentage inhibition against Leishmania tubulin in vitro was determined at 20 uM";"F";"BAO_0000218";"organism-based format";"Leishmania sp.";"None";"None";"None";"None";"";"";"";"CHEMBL612241";"Leishmania sp.";"Leishmania sp.";"ORGANISM";"CHEMBL1134896";"1";"Scientific Literature";"Bioorg Med Chem Lett";"2002";"None";"";"";""
"CHEMBL79168";"";"None";"318.31";"0";"1.00";"14";"CCN(CC)c1c([N+](=O)[O-])cc(S(N)(=O)=O)cc1[N+](=O)[O-]";"Inhibition";"'='";"58.0";"%";"";"";"";"UO_0000187";"";"";"";"";"0";"CHEMBL706588";"Percentage inhibition against Leishmania tubulin in vitro was determined at 20 uM";"F";"BAO_0000218";"organism-based format";"Leishmania sp.";"None";"None";"None";"None";"";"";"";"CHEMBL612241";"Leishmania sp.";"Leishmania sp.";"ORGANISM";"CHEMBL1134896";"1";"Scientific Literature";"Bioorg Med Chem Lett";"2002";"None";"";"";""
"CHEMBL310237";"";"None";"304.28";"0";"0.97";"13";"CCCNc1c([N+](=O)[O-])cc(S(N)(=O)=O)cc1[N+](=O)[O-]";"Inhibition";"'='";"43.0";"%";"";"";"";"UO_0000187";"";"";"";"";"0";"CHEMBL706588";"Percentage inhibition against Leishmania tubulin in vitro was determined at 20 uM";"F";"BAO_0000218";"organism-based format";"Leishmania sp.";"None";"None";"None";"None";"";"";"";"CHEMBL612241";"Leishmania sp.";"Leishmania sp.";"ORGANISM";"CHEMBL1134896";"1";"Scientific Literature";"Bioorg Med Chem Lett";"2002";"None";"";"";""
"CHEMBL298794";"";"None";"388.45";"0";"2.82";"21";"CCCNS(=O)(=O)c1cc([N+](=O)[O-])c(N(CCC)CCC)c([N+](=O)[O-])c1";"Inhibition";"'='";"97.0";"%";"";"";"";"UO_0000187";"";"";"";"";"0";"CHEMBL706588";"Percentage inhibition against Leishmania tubulin in vitro was determined at 20 uM";"F";"BAO_0000218";"organism-based format";"Leishmania sp.";"None";"None";"None";"None";"";"";"";"CHEMBL612241";"Leishmania sp.";"Leishmania sp.";"ORGANISM";"CHEMBL1134896";"1";"Scientific Literature";"Bioorg Med Chem Lett";"2002";"None";"";"";""
"CHEMBL80689";"";"None";"402.47";"0";"3.34";"16";"CCCCCN(CCCCC)c1c([N+](=O)[O-])cc(S(N)(=O)=O)cc1[N+](=O)[O-]";"Inhibition";"'='";"95.0";"%";"";"";"";"UO_0000187";"";"";"";"";"0";"CHEMBL706588";"Percentage inhibition against Leishmania tubulin in vitro was determined at 20 uM";"F";"BAO_0000218";"organism-based format";"Leishmania sp.";"None";"None";"None";"None";"";"";"";"CHEMBL612241";"Leishmania sp.";"Leishmania sp.";"ORGANISM";"CHEMBL1134896";"1";"Scientific Literature";"Bioorg Med Chem Lett";"2002";"None";"";"";""
"CHEMBL295960";"ORYZALIN";"None";"346.37";"0";"1.78";"3 (Oryzalin)";"CCCN(CCC)c1c([N+](=O)[O-])cc(S(N)(=O)=O)cc1[N+](=O)[O-]";"Inhibition";"'='";"54.0";"%";"";"";"";"UO_0000187";"";"";"";"";"0";"CHEMBL706588";"Percentage inhibition against Leishmania tubulin in vitro was determined at 20 uM";"F";"BAO_0000218";"organism-based format";"Leishmania sp.";"None";"None";"None";"None";"";"";"";"CHEMBL612241";"Leishmania sp.";"Leishmania sp.";"ORGANISM";"CHEMBL1134896";"1";"Scientific Literature";"Bioorg Med Chem Lett";"2002";"None";"";"";""
"CHEMBL80640";"";"None";"325.33";"0";"2.43";"29";"CCCN(CCC)c1c([N+](=O)[O-])cc(C(=N)NO)cc1[N+](=O)[O-]";"Inhibition";"'='";"35.0";"%";"";"";"";"UO_0000187";"";"";"";"";"0";"CHEMBL706588";"Percentage inhibition against Leishmania tubulin in vitro was determined at 20 uM";"F";"BAO_0000218";"organism-based format";"Leishmania sp.";"None";"None";"None";"None";"";"";"";"CHEMBL612241";"Leishmania sp.";"Leishmania sp.";"ORGANISM";"CHEMBL1134896";"1";"Scientific Literature";"Bioorg Med Chem Lett";"2002";"None";"";"";""
"CHEMBL81762";"";"None";"316.30";"0";"0.75";"19";"NS(=O)(=O)c1cc([N+](=O)[O-])c(N2CCCC2)c([N+](=O)[O-])c1";"Inhibition";"'='";"57.0";"%";"";"";"";"UO_0000187";"";"";"";"";"0";"CHEMBL706588";"Percentage inhibition against Leishmania tubulin in vitro was determined at 20 uM";"F";"BAO_0000218";"organism-based format";"Leishmania sp.";"None";"None";"None";"None";"";"";"";"CHEMBL612241";"Leishmania sp.";"Leishmania sp.";"ORGANISM";"CHEMBL1134896";"1";"Scientific Literature";"Bioorg Med Chem Lett";"2002";"None";"";"";""
