"Molecule ChEMBL ID";"Molecule Name";"Molecule Max Phase";"Molecular Weight";"#RO5 Violations";"AlogP";"Compound Key";"Smiles";"Standard Type";"Standard Relation";"Standard Value";"Standard Units";"pChEMBL Value";"Data Validity Comment";"Comment";"Uo Units";"Ligand Efficiency BEI";"Ligand Efficiency LE";"Ligand Efficiency LLE";"Ligand Efficiency SEI";"Potential Duplicate";"Assay ChEMBL ID";"Assay Description";"Assay Type";"BAO Format ID";"BAO Label";"Assay Organism";"Assay Tissue ChEMBL ID";"Assay Tissue Name";"Assay Cell Type";"Assay Subcellular Fraction";"Assay Parameters";"Assay Variant Accession";"Assay Variant Mutation";"Target ChEMBL ID";"Target Name";"Target Organism";"Target Type";"Document ChEMBL ID";"Source ID";"Source Description";"Document Journal";"Document Year";"Cell ChEMBL ID";"Properties";"Action Type";"Standard Text Value"
"CHEMBL1214082";"";"None";"1848.88";"None";"None";"6";"CC[C@H](C)[C@H](NC(=O)[C@H](CCCCN)NC(=O)[C@H](CCCCN)NC(=O)[C@H](Cc1ccccc1)NC(=O)[C@H](CC(C)C)NC(=O)[C@H](CCCCN)NC(=O)[C@H](Cc1c[nH]c2ccccc12)NC(=O)[C@@H](N)CCCCN)C(=O)NCC(=O)N[C@@H](C)C(=O)N[C@H](C(=O)N[C@@H](CC(C)C)C(=O)N[C@@H](CCCC[N+](C)(C)C)C(=O)N[C@H](C(=O)N[C@@H](CC(C)C)C(N)=O)C(C)C)C(C)C.[Cl-]";"IC50";"'='";"10100.0";"nM";"5.00";"";"";"UO_0000065";"";"";"";"";"0";"CHEMBL1217634";"Antileishmanial activity against Leishmania pifonoi MHOM/VE/60/LTrod promastigotes after 72 hrs by MTT assay";"F";"BAO_0000218";"organism-based format";"Leishmania pifanoi";"None";"None";"None";"None";"";"";"";"CHEMBL612914";"Leishmania pifanoi";"Leishmania pifanoi";"ORGANISM";"CHEMBL1212840";"1";"Scientific Literature";"J Med Chem";"2010";"None";"";"";""
"CHEMBL1214083";"";"None";"1927.42";"None";"None";"7";"CC[C@H](C)[C@H](NC(=O)[C@H](CCCCN)NC(=O)[C@H](CCCCN)NC(=O)[C@H](Cc1ccccc1)NC(=O)[C@H](CC(C)C)NC(=O)[C@H](CCCC[N+](C)(C)C)NC(=O)[C@H](Cc1c[nH]c2ccccc12)NC(=O)[C@@H](N)CCCC[N+](C)(C)C)C(=O)NCC(=O)N[C@@H](C)C(=O)N[C@H](C(=O)N[C@@H](CC(C)C)C(=O)N[C@@H](CCCCN)C(=O)N[C@H](C(=O)N[C@@H](CC(C)C)C(N)=O)C(C)C)C(C)C.[Cl-].[Cl-]";"IC50";"'='";"16200.0";"nM";"4.79";"";"";"UO_0000065";"";"";"";"";"0";"CHEMBL1217634";"Antileishmanial activity against Leishmania pifonoi MHOM/VE/60/LTrod promastigotes after 72 hrs by MTT assay";"F";"BAO_0000218";"organism-based format";"Leishmania pifanoi";"None";"None";"None";"None";"";"";"";"CHEMBL612914";"Leishmania pifanoi";"Leishmania pifanoi";"ORGANISM";"CHEMBL1212840";"1";"Scientific Literature";"J Med Chem";"2010";"None";"";"";""
"CHEMBL125";"MILTEFOSINE";"4.0";"407.58";"1";"5.68";"MT";"CCCCCCCCCCCCCCCCOP(=O)([O-])OCC[N+](C)(C)C";"LD50";"'='";"26.3";"uM";"";"";"";"UO_0000064";"";"";"";"";"0";"CHEMBL901921";"Antileishmanial activity against miltefosine-sensitive Leishmania pifanoi MHOM/VE/60/Ltrod amastigotes by MTT assay";"F";"BAO_0000218";"organism-based format";"Leishmania pifanoi";"None";"None";"None";"None";"";"";"";"CHEMBL612914";"Leishmania pifanoi";"Leishmania pifanoi";"ORGANISM";"CHEMBL1138289";"1";"Scientific Literature";"J Med Chem";"2007";"None";"";"";""
"CHEMBL4471238";"";"None";"423.56";"1";"6.70";"21";"CCN(CC)Cc1cc(Nc2cc(/C=C/c3ccccc3)nc3ccccc23)ccc1O";"IC50";"'='";"9000.0";"nM";"5.05";"";"";"UO_0000065";"";"";"";"";"0";"CHEMBL4347989";"Antileishmanial activity against Leishmania pifanoi MHOM-ET-67/L82 axenic amastigotes incubated for 96 hrs by MTT assay";"F";"BAO_0000218";"organism-based format";"Leishmania pifanoi";"None";"None";"None";"None";"";"";"";"CHEMBL612914";"Leishmania pifanoi";"Leishmania pifanoi";"ORGANISM";"CHEMBL4346674";"1";"Scientific Literature";"Eur J Med Chem";"2019";"None";"";"";""
"CHEMBL605979";"";"None";"688.55";"2";"10.41";"3";"CCC[P+](CCC)(CCC)Cc1ccc(C(=O)c2ccc(C[P+](CCC)(CCC)CCC)cc2)cc1.[Br-].[Br-]";"LC50";"'>'";"50000.0";"nM";"";"";"";"UO_0000065";"";"";"";"";"0";"CHEMBL1070290";"Antileishmanial activity against Leishmania pifanoi MHOM/VE/60/Ltrod after 96 hrs by MTT assay";"F";"BAO_0000218";"organism-based format";"Leishmania pifanoi";"None";"None";"None";"None";"";"";"";"CHEMBL612914";"Leishmania pifanoi";"Leishmania pifanoi";"ORGANISM";"CHEMBL1157544";"1";"Scientific Literature";"J Med Chem";"2010";"None";"";"";""
"CHEMBL590504";"";"None";"768.51";"2";"8.51";"13";"C[P+](Cc1ccc(C(=O)c2ccc(C[P+](C)(c3ccccc3)c3ccccc3)cc2)cc1)(c1ccccc1)c1ccccc1.[Br-].[Br-]";"LC50";"'='";"1640.0";"nM";"";"";"";"UO_0000065";"";"";"";"";"0";"CHEMBL1070290";"Antileishmanial activity against Leishmania pifanoi MHOM/VE/60/Ltrod after 96 hrs by MTT assay";"F";"BAO_0000218";"organism-based format";"Leishmania pifanoi";"None";"None";"None";"None";"";"";"";"CHEMBL612914";"Leishmania pifanoi";"Leishmania pifanoi";"ORGANISM";"CHEMBL1157544";"1";"Scientific Literature";"J Med Chem";"2010";"None";"";"";""
"CHEMBL601065";"";"None";"796.56";"2";"9.29";"14";"CC[P+](Cc1ccc(C(=O)c2ccc(C[P+](CC)(c3ccccc3)c3ccccc3)cc2)cc1)(c1ccccc1)c1ccccc1.[Br-].[Br-]";"LC50";"'='";"14010.0";"nM";"";"";"";"UO_0000065";"";"";"";"";"0";"CHEMBL1070290";"Antileishmanial activity against Leishmania pifanoi MHOM/VE/60/Ltrod after 96 hrs by MTT assay";"F";"BAO_0000218";"organism-based format";"Leishmania pifanoi";"None";"None";"None";"None";"";"";"";"CHEMBL612914";"Leishmania pifanoi";"Leishmania pifanoi";"ORGANISM";"CHEMBL1157544";"1";"Scientific Literature";"J Med Chem";"2010";"None";"";"";""
"CHEMBL4591356";"";"None";"289.38";"0";"3.78";"12a";"NCCNc1cc(/C=C/c2ccccc2)nc2ccccc12";"IC50";"'>'";"50000.0";"nM";"";"";"";"UO_0000065";"";"";"";"";"0";"CHEMBL4347989";"Antileishmanial activity against Leishmania pifanoi MHOM-ET-67/L82 axenic amastigotes incubated for 96 hrs by MTT assay";"F";"BAO_0000218";"organism-based format";"Leishmania pifanoi";"None";"None";"None";"None";"";"";"";"CHEMBL612914";"Leishmania pifanoi";"Leishmania pifanoi";"ORGANISM";"CHEMBL4346674";"1";"Scientific Literature";"Eur J Med Chem";"2019";"None";"";"";""
"CHEMBL4455687";"";"None";"429.57";"0";"3.18";"14f";"CN1CCN(CC(=O)NCCNc2cc(/C=C/c3ccccc3)nc3ccccc23)CC1";"IC50";"'='";"3500.0";"nM";"5.46";"";"";"UO_0000065";"";"";"";"";"0";"CHEMBL4347989";"Antileishmanial activity against Leishmania pifanoi MHOM-ET-67/L82 axenic amastigotes incubated for 96 hrs by MTT assay";"F";"BAO_0000218";"organism-based format";"Leishmania pifanoi";"None";"None";"None";"None";"";"";"";"CHEMBL612914";"Leishmania pifanoi";"Leishmania pifanoi";"ORGANISM";"CHEMBL4346674";"1";"Scientific Literature";"Eur J Med Chem";"2019";"None";"";"";""
"CHEMBL1214080";"";"None";"1848.88";"None";"None";"4";"CC[C@H](C)[C@H](NC(=O)[C@H](CCCCN)NC(=O)[C@H](CCCC[N+](C)(C)C)NC(=O)[C@H](Cc1ccccc1)NC(=O)[C@H](CC(C)C)NC(=O)[C@H](CCCCN)NC(=O)[C@H](Cc1c[nH]c2ccccc12)NC(=O)[C@@H](N)CCCCN)C(=O)NCC(=O)N[C@@H](C)C(=O)N[C@H](C(=O)N[C@@H](CC(C)C)C(=O)N[C@@H](CCCCN)C(=O)N[C@H](C(=O)N[C@@H](CC(C)C)C(N)=O)C(C)C)C(C)C.[Cl-]";"LC50";"'='";"16300.0";"nM";"";"";"";"UO_0000065";"";"";"";"";"0";"CHEMBL1217634";"Antileishmanial activity against Leishmania pifonoi MHOM/VE/60/LTrod promastigotes after 72 hrs by MTT assay";"F";"BAO_0000218";"organism-based format";"Leishmania pifanoi";"None";"None";"None";"None";"";"";"";"CHEMBL612914";"Leishmania pifanoi";"Leishmania pifanoi";"ORGANISM";"CHEMBL1212840";"1";"Scientific Literature";"J Med Chem";"2010";"None";"";"";""
"CHEMBL1214086";"";"None";"1929.43";"None";"None";"10";"CC[C@H](C)[C@H](NC(=O)[C@H](CCCCN)NC(=O)[C@H](CCCCN)NC(=O)[C@H](Cc1ccccc1)NC(=O)[C@H](CC(C)C)NC(=O)[C@H](CCCCN)NC(=O)[C@H](Cc1c[nH]c2ccccc12)NC(=O)[C@@H](N)CCCC[N+](C)(C)C)C(=O)NCC(=O)N[C@@H](C)C(=O)N[C@@H](C(C)C)C(O)N[C@@H](CC(C)C)C(=O)N[C@@H](CCCC[N+](C)(C)C)C(=O)N[C@H](C(=O)N[C@@H](CC(C)C)C(N)=O)C(C)C.[Cl-].[Cl-]";"LC50";"'='";"13500.0";"nM";"";"";"";"UO_0000065";"";"";"";"";"0";"CHEMBL1217634";"Antileishmanial activity against Leishmania pifonoi MHOM/VE/60/LTrod promastigotes after 72 hrs by MTT assay";"F";"BAO_0000218";"organism-based format";"Leishmania pifanoi";"None";"None";"None";"None";"";"";"";"CHEMBL612914";"Leishmania pifanoi";"Leishmania pifanoi";"ORGANISM";"CHEMBL1212840";"1";"Scientific Literature";"J Med Chem";"2010";"None";"";"";""
"CHEMBL598801";"";"None";"688.55";"2";"10.40";"4";"CC(C)[P+](Cc1ccc(C(=O)c2ccc(C[P+](C(C)C)(C(C)C)C(C)C)cc2)cc1)(C(C)C)C(C)C.[Br-].[Br-]";"LC50";"'>'";"50000.0";"nM";"";"";"";"UO_0000065";"";"";"";"";"0";"CHEMBL1070290";"Antileishmanial activity against Leishmania pifanoi MHOM/VE/60/Ltrod after 96 hrs by MTT assay";"F";"BAO_0000218";"organism-based format";"Leishmania pifanoi";"None";"None";"None";"None";"";"";"";"CHEMBL612914";"Leishmania pifanoi";"Leishmania pifanoi";"ORGANISM";"CHEMBL1157544";"1";"Scientific Literature";"J Med Chem";"2010";"None";"";"";""
"CHEMBL4538122";"";"None";"374.49";"0";"3.49";"14a";"CN(C)CC(=O)NCCNc1cc(/C=C/c2ccccc2)nc2ccccc12";"IC50";"'='";"1100.0";"nM";"5.96";"";"";"UO_0000065";"";"";"";"";"0";"CHEMBL4347989";"Antileishmanial activity against Leishmania pifanoi MHOM-ET-67/L82 axenic amastigotes incubated for 96 hrs by MTT assay";"F";"BAO_0000218";"organism-based format";"Leishmania pifanoi";"None";"None";"None";"None";"";"";"";"CHEMBL612914";"Leishmania pifanoi";"Leishmania pifanoi";"ORGANISM";"CHEMBL4346674";"1";"Scientific Literature";"Eur J Med Chem";"2019";"None";"";"";""
"CHEMBL392226";"";"None";"266.38";"0";"4.37";"PTRI-OH, all-(E)-6";"OCCCCCC#C/C=C/C=C/C=C/c1ccccc1";"LD50";"'>'";"150.0";"uM";"";"";"";"UO_0000064";"";"";"";"";"0";"CHEMBL901921";"Antileishmanial activity against miltefosine-sensitive Leishmania pifanoi MHOM/VE/60/Ltrod amastigotes by MTT assay";"F";"BAO_0000218";"organism-based format";"Leishmania pifanoi";"None";"None";"None";"None";"";"";"";"CHEMBL612914";"Leishmania pifanoi";"Leishmania pifanoi";"ORGANISM";"CHEMBL1138289";"1";"Scientific Literature";"J Med Chem";"2007";"None";"";"";""
"CHEMBL125";"MILTEFOSINE";"4.0";"407.58";"1";"5.68";"Mtf";"CCCCCCCCCCCCCCCCOP(=O)([O-])OCC[N+](C)(C)C";"GI";"'='";"85.5";"%";"";"";"";"UO_0000187";"";"";"";"";"0";"CHEMBL1038175";"Antileishmanial activity against Leishmania pifanoi MHOM/VE/57/LV135 promastigotes assessed as parasite viability at 5 uM after 5 days by MTT assay";"F";"BAO_0000218";"organism-based format";"Leishmania pifanoi";"None";"None";"None";"None";"";"";"";"CHEMBL612914";"Leishmania pifanoi";"Leishmania pifanoi";"ORGANISM";"CHEMBL1156117";"1";"Scientific Literature";"Eur J Med Chem";"2009";"None";"";"";""
"CHEMBL601066";"";"None";"892.65";"2";"9.91";"15";"O=C(c1ccc(C[P+](c2ccccc2)(c2ccccc2)c2ccccc2)cc1)c1ccc(C[P+](c2ccccc2)(c2ccccc2)c2ccccc2)cc1.[Br-].[Br-]";"LC50";"'='";"1530.0";"nM";"";"";"";"UO_0000065";"";"";"";"";"0";"CHEMBL1070290";"Antileishmanial activity against Leishmania pifanoi MHOM/VE/60/Ltrod after 96 hrs by MTT assay";"F";"BAO_0000218";"organism-based format";"Leishmania pifanoi";"None";"None";"None";"None";"";"";"";"CHEMBL612914";"Leishmania pifanoi";"Leishmania pifanoi";"ORGANISM";"CHEMBL1157544";"1";"Scientific Literature";"J Med Chem";"2010";"None";"";"";""
"CHEMBL1214084";"";"None";"1927.42";"None";"None";"8";"CC[C@H](C)[C@H](NC(=O)[C@H](CCCCN)NC(=O)[C@H](CCCC[N+](C)(C)C)NC(=O)[C@H](Cc1ccccc1)NC(=O)[C@H](CC(C)C)NC(=O)[C@H](CCCC[N+](C)(C)C)NC(=O)[C@H](Cc1c[nH]c2ccccc12)NC(=O)[C@@H](N)CCCCN)C(=O)NCC(=O)N[C@@H](C)C(=O)N[C@H](C(=O)N[C@@H](CC(C)C)C(=O)N[C@@H](CCCCN)C(=O)N[C@H](C(=O)N[C@@H](CC(C)C)C(N)=O)C(C)C)C(C)C.[Cl-].[Cl-]";"IC50";"'='";"7400.0";"nM";"5.13";"";"";"UO_0000065";"";"";"";"";"0";"CHEMBL1217634";"Antileishmanial activity against Leishmania pifonoi MHOM/VE/60/LTrod promastigotes after 72 hrs by MTT assay";"F";"BAO_0000218";"organism-based format";"Leishmania pifanoi";"None";"None";"None";"None";"";"";"";"CHEMBL612914";"Leishmania pifanoi";"Leishmania pifanoi";"ORGANISM";"CHEMBL1212840";"1";"Scientific Literature";"J Med Chem";"2010";"None";"";"";""
"CHEMBL110";"BENZNIDAZOLE";"4.0";"260.25";"0";"1.11";"Bnz";"O=C(Cn1ccnc1[N+](=O)[O-])NCc1ccccc1";"ID50";"'='";"3.8";"uM";"";"";"";"UO_0000064";"";"";"";"";"0";"CHEMBL978120";"Antileishmanial activity against Leishmania pifanoi MHOM/VE/57/LV135 assessed as parasite viability after 5 days by MTT assay";"F";"BAO_0000218";"organism-based format";"Leishmania pifanoi";"None";"None";"None";"None";"";"";"";"CHEMBL612914";"Leishmania pifanoi";"Leishmania pifanoi";"ORGANISM";"CHEMBL1140032";"1";"Scientific Literature";"Bioorg Med Chem";"2008";"None";"";"";""
"CHEMBL577054";"";"None";"304.76";"0";"3.88";"15E";"[O-][n+]1onc2ccc(/C=C/Sc3ccc(Cl)cc3)cc21";"IC50";"'='";"4600.0";"nM";"5.34";"";"";"UO_0000065";"";"";"";"";"0";"CHEMBL1038174";"Antileishmanial activity against Leishmania pifanoi MHOM/VE/57/LV135 promastigotes assessed as parasite viability after 5 days by MTT assay";"F";"BAO_0000218";"organism-based format";"Leishmania pifanoi";"None";"None";"None";"None";"";"";"";"CHEMBL612914";"Leishmania pifanoi";"Leishmania pifanoi";"ORGANISM";"CHEMBL1156117";"1";"Scientific Literature";"Eur J Med Chem";"2009";"None";"";"";""
"CHEMBL238705";"";"None";"549.69";"2";"5.95";"PTE-ET";"COC(COCCCCCCC/C=C/C=C/C=C/C=C/c1ccccc1)COP(=O)([O-])OCC[N+](C)(C)C";"LD50";"'='";"22.5";"uM";"";"";"";"UO_0000064";"";"";"";"";"0";"CHEMBL901921";"Antileishmanial activity against miltefosine-sensitive Leishmania pifanoi MHOM/VE/60/Ltrod amastigotes by MTT assay";"F";"BAO_0000218";"organism-based format";"Leishmania pifanoi";"None";"None";"None";"None";"";"";"";"CHEMBL612914";"Leishmania pifanoi";"Leishmania pifanoi";"ORGANISM";"CHEMBL1138289";"1";"Scientific Literature";"J Med Chem";"2007";"None";"";"";""
"CHEMBL487815";"";"None";"314.39";"0";"1.50";"34";"CCSCCS(=O)(=O)c1no[n+]([O-])c1-c1ccccc1";"ID50";"'>'";"50.0";"uM";"";"";"";"UO_0000064";"";"";"";"";"0";"CHEMBL978120";"Antileishmanial activity against Leishmania pifanoi MHOM/VE/57/LV135 assessed as parasite viability after 5 days by MTT assay";"F";"BAO_0000218";"organism-based format";"Leishmania pifanoi";"None";"None";"None";"None";"";"";"";"CHEMBL612914";"Leishmania pifanoi";"Leishmania pifanoi";"ORGANISM";"CHEMBL1140032";"1";"Scientific Literature";"Bioorg Med Chem";"2008";"None";"";"";""
"CHEMBL239129";"MEGLUMINE ANTIMONATE";"3.0";"365.98";"None";"None";"glucantime";"";"IC90";"'>'";"100.0";"ug";"";"";"";"UO_0000023";"";"";"";"";"0";"CHEMBL1016636";"Antileishmanial activity against Leishmania pifanoi LL1 after 48 hrs";"F";"BAO_0000218";"organism-based format";"Leishmania pifanoi";"None";"None";"None";"None";"";"";"";"CHEMBL612914";"Leishmania pifanoi";"Leishmania pifanoi";"ORGANISM";"CHEMBL1158948";"1";"Scientific Literature";"J Nat Prod";"1991";"None";"";"";""
"CHEMBL239761";"";"None";"431.51";"0";"4.58";"PTRI-MT";"C[N+](C)(C)CCOP(=O)([O-])OCCCCCC#C/C=C/C=C/C=C/c1ccccc1";"LD50";"'='";"26.5";"uM";"";"";"";"UO_0000064";"";"";"";"";"0";"CHEMBL901921";"Antileishmanial activity against miltefosine-sensitive Leishmania pifanoi MHOM/VE/60/Ltrod amastigotes by MTT assay";"F";"BAO_0000218";"organism-based format";"Leishmania pifanoi";"None";"None";"None";"None";"";"";"";"CHEMBL612914";"Leishmania pifanoi";"Leishmania pifanoi";"ORGANISM";"CHEMBL1138289";"1";"Scientific Literature";"J Med Chem";"2007";"None";"";"";""
"CHEMBL456975";"ESPINTANOL";"None";"210.27";"0";"2.84";"3a, espintanol";"COc1cc(C)c(O)c(OC)c1C(C)C";"IC90";"'='";"25.0";"ug";"";"";"";"UO_0000023";"";"";"";"";"0";"CHEMBL1016636";"Antileishmanial activity against Leishmania pifanoi LL1 after 48 hrs";"F";"BAO_0000218";"organism-based format";"Leishmania pifanoi";"None";"None";"None";"None";"";"";"";"CHEMBL612914";"Leishmania pifanoi";"Leishmania pifanoi";"ORGANISM";"CHEMBL1158948";"1";"Scientific Literature";"J Nat Prod";"1991";"None";"";"";""
"CHEMBL4573353";"";"None";"519.48";"2";"7.13";"14l";"O=C(CNc1ccc(Cl)cc1Cl)NCCCCNc1cc(/C=C/c2ccccc2)nc2ccccc12";"IC50";"'='";"12300.0";"nM";"4.91";"";"";"UO_0000065";"";"";"";"";"0";"CHEMBL4347989";"Antileishmanial activity against Leishmania pifanoi MHOM-ET-67/L82 axenic amastigotes incubated for 96 hrs by MTT assay";"F";"BAO_0000218";"organism-based format";"Leishmania pifanoi";"None";"None";"None";"None";"";"";"";"CHEMBL612914";"Leishmania pifanoi";"Leishmania pifanoi";"ORGANISM";"CHEMBL4346674";"1";"Scientific Literature";"Eur J Med Chem";"2019";"None";"";"";""
"CHEMBL596744";"";"None";"604.39";"1";"8.07";"2";"CC[P+](CC)(CC)Cc1ccc(C(=O)c2ccc(C[P+](CC)(CC)CC)cc2)cc1.[Br-].[Br-]";"LC50";"'>'";"50000.0";"nM";"";"";"";"UO_0000065";"";"";"";"";"0";"CHEMBL1070290";"Antileishmanial activity against Leishmania pifanoi MHOM/VE/60/Ltrod after 96 hrs by MTT assay";"F";"BAO_0000218";"organism-based format";"Leishmania pifanoi";"None";"None";"None";"None";"";"";"";"CHEMBL612914";"Leishmania pifanoi";"Leishmania pifanoi";"ORGANISM";"CHEMBL1157544";"1";"Scientific Literature";"J Med Chem";"2010";"None";"";"";""
"CHEMBL590266";"";"None";"1109.36";"2";"22.12";"9";"CCCCCCCC[P+](CCCCCCCC)(CCCCCCCC)Cc1ccc(C(=O)c2ccc(C[P+](CCCCCCCC)(CCCCCCCC)CCCCCCCC)cc2)cc1.[Br-].[Br-]";"LC50";"'='";"1370.0";"nM";"";"";"";"UO_0000065";"";"";"";"";"0";"CHEMBL1070290";"Antileishmanial activity against Leishmania pifanoi MHOM/VE/60/Ltrod after 96 hrs by MTT assay";"F";"BAO_0000218";"organism-based format";"Leishmania pifanoi";"None";"None";"None";"None";"";"";"";"CHEMBL612914";"Leishmania pifanoi";"Leishmania pifanoi";"ORGANISM";"CHEMBL1157544";"1";"Scientific Literature";"J Med Chem";"2010";"None";"";"";""
"CHEMBL590505";"";"None";"920.71";"2";"10.52";"18";"Cc1ccc([P+](Cc2ccc(C(=O)c3ccc(C[P+](c4ccccc4)(c4ccccc4)c4ccc(C)cc4)cc3)cc2)(c2ccccc2)c2ccccc2)cc1.[Br-].[Br-]";"LC50";"'='";"1380.0";"nM";"";"";"";"UO_0000065";"";"";"";"";"0";"CHEMBL1070290";"Antileishmanial activity against Leishmania pifanoi MHOM/VE/60/Ltrod after 96 hrs by MTT assay";"F";"BAO_0000218";"organism-based format";"Leishmania pifanoi";"None";"None";"None";"None";"";"";"";"CHEMBL612914";"Leishmania pifanoi";"Leishmania pifanoi";"ORGANISM";"CHEMBL1157544";"1";"Scientific Literature";"J Med Chem";"2010";"None";"";"";""
"CHEMBL125";"MILTEFOSINE";"4.0";"407.58";"1";"5.68";"Miltefosine";"CCCCCCCCCCCCCCCCOP(=O)([O-])OCC[N+](C)(C)C";"LC50";"'='";"26300.0";"nM";"";"";"";"UO_0000065";"";"";"";"";"0";"CHEMBL1070290";"Antileishmanial activity against Leishmania pifanoi MHOM/VE/60/Ltrod after 96 hrs by MTT assay";"F";"BAO_0000218";"organism-based format";"Leishmania pifanoi";"None";"None";"None";"None";"";"";"";"CHEMBL612914";"Leishmania pifanoi";"Leishmania pifanoi";"ORGANISM";"CHEMBL1157544";"1";"Scientific Literature";"J Med Chem";"2010";"None";"";"";""
"CHEMBL1214077";"";"None";"1770.33";"None";"None";"1";"CC[C@H](C)[C@H](NC(=O)[C@H](CCCCN)NC(=O)[C@H](CCCCN)NC(=O)[C@H](Cc1ccccc1)NC(=O)[C@H](CC(C)C)NC(=O)[C@H](CCCCN)NC(=O)[C@H](Cc1c[nH]c2ccccc12)NC(=O)[C@@H](N)CCCCN)C(=O)NCC(=O)N[C@@H](C)C(=O)N[C@H](C(=O)N[C@@H](CC(C)C)C(=O)N[C@@H](CCCCN)C(=O)N[C@H](C(=O)N[C@@H](CC(C)C)C(N)=O)C(C)C)C(C)C";"LC50";"'='";"4500.0";"nM";"";"";"";"UO_0000065";"";"";"";"";"0";"CHEMBL1217634";"Antileishmanial activity against Leishmania pifonoi MHOM/VE/60/LTrod promastigotes after 72 hrs by MTT assay";"F";"BAO_0000218";"organism-based format";"Leishmania pifanoi";"None";"None";"None";"None";"";"";"";"CHEMBL612914";"Leishmania pifanoi";"Leishmania pifanoi";"ORGANISM";"CHEMBL1212840";"1";"Scientific Literature";"J Med Chem";"2010";"None";"";"";""
"CHEMBL601707";"";"None";"772.71";"2";"11.89";"6";"CC(C)C[P+](Cc1ccc(C(=O)c2ccc(C[P+](CC(C)C)(CC(C)C)CC(C)C)cc2)cc1)(CC(C)C)CC(C)C.[Br-].[Br-]";"LC50";"'>'";"50000.0";"nM";"";"";"";"UO_0000065";"";"";"";"";"0";"CHEMBL1070290";"Antileishmanial activity against Leishmania pifanoi MHOM/VE/60/Ltrod after 96 hrs by MTT assay";"F";"BAO_0000218";"organism-based format";"Leishmania pifanoi";"None";"None";"None";"None";"";"";"";"CHEMBL612914";"Leishmania pifanoi";"Leishmania pifanoi";"ORGANISM";"CHEMBL1157544";"1";"Scientific Literature";"J Med Chem";"2010";"None";"";"";""
"CHEMBL487646";"";"None";"375.41";"0";"1.87";"36";"COc1ccccc1NCCS(=O)(=O)c1no[n+]([O-])c1-c1ccccc1";"ID50";"'='";"33.8";"uM";"";"";"";"UO_0000064";"";"";"";"";"0";"CHEMBL978120";"Antileishmanial activity against Leishmania pifanoi MHOM/VE/57/LV135 assessed as parasite viability after 5 days by MTT assay";"F";"BAO_0000218";"organism-based format";"Leishmania pifanoi";"None";"None";"None";"None";"";"";"";"CHEMBL612914";"Leishmania pifanoi";"Leishmania pifanoi";"ORGANISM";"CHEMBL1140032";"1";"Scientific Literature";"Bioorg Med Chem";"2008";"None";"";"";""
"CHEMBL451795";"";"None";"359.41";"0";"2.63";"23";"COc1ccccc1NCCS(=O)(=O)c1nonc1-c1ccccc1";"ID50";"'='";"15.8";"uM";"";"";"";"UO_0000064";"";"";"";"";"0";"CHEMBL978120";"Antileishmanial activity against Leishmania pifanoi MHOM/VE/57/LV135 assessed as parasite viability after 5 days by MTT assay";"F";"BAO_0000218";"organism-based format";"Leishmania pifanoi";"None";"None";"None";"None";"";"";"";"CHEMBL612914";"Leishmania pifanoi";"Leishmania pifanoi";"ORGANISM";"CHEMBL1140032";"1";"Scientific Literature";"Bioorg Med Chem";"2008";"None";"";"";""
"CHEMBL444937";"";"None";"267.27";"0";"0.00";"22";"NC(=O)CS(=O)(=O)c1nonc1-c1ccccc1";"ID50";"'>'";"50.0";"uM";"";"";"";"UO_0000064";"";"";"";"";"0";"CHEMBL978120";"Antileishmanial activity against Leishmania pifanoi MHOM/VE/57/LV135 assessed as parasite viability after 5 days by MTT assay";"F";"BAO_0000218";"organism-based format";"Leishmania pifanoi";"None";"None";"None";"None";"";"";"";"CHEMBL612914";"Leishmania pifanoi";"Leishmania pifanoi";"ORGANISM";"CHEMBL1140032";"1";"Scientific Literature";"Bioorg Med Chem";"2008";"None";"";"";""
"CHEMBL508007";"";"None";"298.32";"0";"0.79";"4";"CCOCCS(=O)(=O)c1c(-c2ccccc2)no[n+]1[O-]";"ID50";"'='";"4.2";"uM";"";"";"";"UO_0000064";"";"";"";"";"0";"CHEMBL978120";"Antileishmanial activity against Leishmania pifanoi MHOM/VE/57/LV135 assessed as parasite viability after 5 days by MTT assay";"F";"BAO_0000218";"organism-based format";"Leishmania pifanoi";"None";"None";"None";"None";"";"";"";"CHEMBL612914";"Leishmania pifanoi";"Leishmania pifanoi";"ORGANISM";"CHEMBL1140032";"1";"Scientific Literature";"Bioorg Med Chem";"2008";"None";"";"";""
"CHEMBL125";"MILTEFOSINE";"4.0";"407.58";"1";"5.68";"Mtf";"CCCCCCCCCCCCCCCCOP(=O)([O-])OCC[N+](C)(C)C";"GI";"'='";"85.5";"%";"";"";"";"UO_0000187";"";"";"";"";"0";"CHEMBL978121";"Antileishmanial activity against Leishmania pifanoi MHOM/VE/57/LV135 at 5.0 uM after 5 days assessed as parasite viability by MTT assay";"F";"BAO_0000218";"organism-based format";"Leishmania pifanoi";"None";"None";"None";"None";"";"";"";"CHEMBL612914";"Leishmania pifanoi";"Leishmania pifanoi";"ORGANISM";"CHEMBL1140032";"1";"Scientific Literature";"Bioorg Med Chem";"2008";"None";"";"";""
"CHEMBL601067";"";"None";"894.63";"2";"8.70";"16";"O=C(c1ccc(C[P+](c2ccccc2)(c2ccccc2)c2ccccn2)cc1)c1ccc(C[P+](c2ccccc2)(c2ccccc2)c2ccccn2)cc1.[Br-].[Br-]";"LC50";"'='";"2580.0";"nM";"";"";"";"UO_0000065";"";"";"";"";"0";"CHEMBL1070290";"Antileishmanial activity against Leishmania pifanoi MHOM/VE/60/Ltrod after 96 hrs by MTT assay";"F";"BAO_0000218";"organism-based format";"Leishmania pifanoi";"None";"None";"None";"None";"";"";"";"CHEMBL612914";"Leishmania pifanoi";"Leishmania pifanoi";"ORGANISM";"CHEMBL1157544";"1";"Scientific Literature";"J Med Chem";"2010";"None";"";"";""
"CHEMBL601068";"";"None";"920.71";"2";"10.52";"17";"Cc1ccccc1[P+](Cc1ccc(C(=O)c2ccc(C[P+](c3ccccc3)(c3ccccc3)c3ccccc3C)cc2)cc1)(c1ccccc1)c1ccccc1.[Br-].[Br-]";"LC50";"'='";"1510.0";"nM";"";"";"";"UO_0000065";"";"";"";"";"0";"CHEMBL1070290";"Antileishmanial activity against Leishmania pifanoi MHOM/VE/60/Ltrod after 96 hrs by MTT assay";"F";"BAO_0000218";"organism-based format";"Leishmania pifanoi";"None";"None";"None";"None";"";"";"";"CHEMBL612914";"Leishmania pifanoi";"Leishmania pifanoi";"ORGANISM";"CHEMBL1157544";"1";"Scientific Literature";"J Med Chem";"2010";"None";"";"";""
"CHEMBL4574428";"";"None";"288.35";"0";"4.36";"19";"CC(=O)Nc1cc(/C=C/c2ccccc2)nc2ccccc12";"IC50";"'='";"9500.0";"nM";"5.02";"";"";"UO_0000065";"";"";"";"";"0";"CHEMBL4347989";"Antileishmanial activity against Leishmania pifanoi MHOM-ET-67/L82 axenic amastigotes incubated for 96 hrs by MTT assay";"F";"BAO_0000218";"organism-based format";"Leishmania pifanoi";"None";"None";"None";"None";"";"";"";"CHEMBL612914";"Leishmania pifanoi";"Leishmania pifanoi";"ORGANISM";"CHEMBL4346674";"1";"Scientific Literature";"Eur J Med Chem";"2019";"None";"";"";""
"CHEMBL127579";"";"None";"231.30";"0";"4.41";"23";"C(=C/c1ccc2ccccc2n1)\c1ccccc1";"IC50";"'>'";"50000.0";"nM";"";"";"";"UO_0000065";"";"";"";"";"0";"CHEMBL4347989";"Antileishmanial activity against Leishmania pifanoi MHOM-ET-67/L82 axenic amastigotes incubated for 96 hrs by MTT assay";"F";"BAO_0000218";"organism-based format";"Leishmania pifanoi";"None";"None";"None";"None";"";"";"";"CHEMBL612914";"Leishmania pifanoi";"Leishmania pifanoi";"ORGANISM";"CHEMBL4346674";"1";"Scientific Literature";"Eur J Med Chem";"2019";"None";"";"";""
"CHEMBL55";"PENTAMIDINE";"4.0";"340.43";"0";"2.88";"pentamidine";"N=C(N)c1ccc(OCCCCCOc2ccc(C(=N)N)cc2)cc1";"IC90";"'='";"1.0";"ug";"";"";"";"UO_0000023";"";"";"";"";"0";"CHEMBL1016636";"Antileishmanial activity against Leishmania pifanoi LL1 after 48 hrs";"F";"BAO_0000218";"organism-based format";"Leishmania pifanoi";"None";"None";"None";"None";"";"";"";"CHEMBL612914";"Leishmania pifanoi";"Leishmania pifanoi";"ORGANISM";"CHEMBL1158948";"1";"Scientific Literature";"J Nat Prod";"1991";"None";"";"";""
"CHEMBL500320";"";"None";"235.27";"0";"1.31";"56";"NC(=O)CSc1nonc1-c1ccccc1";"ID50";"'>'";"50.0";"uM";"";"";"";"UO_0000064";"";"";"";"";"0";"CHEMBL978120";"Antileishmanial activity against Leishmania pifanoi MHOM/VE/57/LV135 assessed as parasite viability after 5 days by MTT assay";"F";"BAO_0000218";"organism-based format";"Leishmania pifanoi";"None";"None";"None";"None";"";"";"";"CHEMBL612914";"Leishmania pifanoi";"Leishmania pifanoi";"ORGANISM";"CHEMBL1140032";"1";"Scientific Literature";"Bioorg Med Chem";"2008";"None";"";"";""
"CHEMBL452915";"";"None";"251.27";"0";"0.55";"105";"NC(=O)CSc1c(-c2ccccc2)no[n+]1[O-]";"ID50";"'>'";"50.0";"uM";"";"";"";"UO_0000064";"";"";"";"";"0";"CHEMBL978120";"Antileishmanial activity against Leishmania pifanoi MHOM/VE/57/LV135 assessed as parasite viability after 5 days by MTT assay";"F";"BAO_0000218";"organism-based format";"Leishmania pifanoi";"None";"None";"None";"None";"";"";"";"CHEMBL612914";"Leishmania pifanoi";"Leishmania pifanoi";"ORGANISM";"CHEMBL1140032";"1";"Scientific Literature";"Bioorg Med Chem";"2008";"None";"";"";""
"CHEMBL392226";"";"None";"266.38";"0";"4.37";"PTRI-OH, all-(E)-6";"OCCCCCC#C/C=C/C=C/C=C/c1ccccc1";"Stability";"";"";"%";"";"";"Stable";"UO_0000187";"";"";"";"";"0";"CHEMBL901920";"Metabolic stability in Leishmania pifanoi amastigotes at 7.5 uM after 4 hrs";"A";"BAO_0000218";"organism-based format";"Leishmania pifanoi";"None";"None";"None";"None";"";"";"";"CHEMBL612914";"Leishmania pifanoi";"Leishmania pifanoi";"ORGANISM";"CHEMBL1138289";"1";"Scientific Literature";"J Med Chem";"2007";"None";"";"";""
"CHEMBL1214078";"";"None";"1848.88";"None";"None";"2";"CC[C@H](C)[C@H](NC(=O)[C@H](CCCCN)NC(=O)[C@H](CCCCN)NC(=O)[C@H](Cc1ccccc1)NC(=O)[C@H](CC(C)C)NC(=O)[C@H](CCCCN)NC(=O)[C@H](Cc1c[nH]c2ccccc12)NC(=O)[C@@H](N)CCCC[N+](C)(C)C)C(=O)NCC(=O)N[C@@H](C)C(=O)N[C@H](C(=O)N[C@@H](CC(C)C)C(=O)N[C@@H](CCCCN)C(=O)N[C@H](C(=O)N[C@@H](CC(C)C)C(N)=O)C(C)C)C(C)C.[Cl-]";"IC50";"'='";"6000.0";"nM";"5.22";"";"";"UO_0000065";"";"";"";"";"0";"CHEMBL1217634";"Antileishmanial activity against Leishmania pifonoi MHOM/VE/60/LTrod promastigotes after 72 hrs by MTT assay";"F";"BAO_0000218";"organism-based format";"Leishmania pifanoi";"None";"None";"None";"None";"";"";"";"CHEMBL612914";"Leishmania pifanoi";"Leishmania pifanoi";"ORGANISM";"CHEMBL1212840";"1";"Scientific Literature";"J Med Chem";"2010";"None";"";"";""
"CHEMBL565655";"";"None";"270.31";"0";"3.22";"2Z";"[O-][n+]1onc2ccc(/C=C\Sc3ccccc3)cc21";"IC50";"'='";"4500.0";"nM";"5.35";"";"";"UO_0000065";"";"";"";"";"0";"CHEMBL1038174";"Antileishmanial activity against Leishmania pifanoi MHOM/VE/57/LV135 promastigotes assessed as parasite viability after 5 days by MTT assay";"F";"BAO_0000218";"organism-based format";"Leishmania pifanoi";"None";"None";"None";"None";"";"";"";"CHEMBL612914";"Leishmania pifanoi";"Leishmania pifanoi";"ORGANISM";"CHEMBL1156117";"1";"Scientific Literature";"Eur J Med Chem";"2009";"None";"";"";""
"CHEMBL566700";"";"None";"286.31";"0";"2.24";"3Z";"[O-][n+]1onc2ccc(/C=C\[S+]([O-])c3ccccc3)cc21";"IC50";"";"";"";"";"";"Not Determined";"";"";"";"";"";"0";"CHEMBL1038174";"Antileishmanial activity against Leishmania pifanoi MHOM/VE/57/LV135 promastigotes assessed as parasite viability after 5 days by MTT assay";"F";"BAO_0000218";"organism-based format";"Leishmania pifanoi";"None";"None";"None";"None";"";"";"";"CHEMBL612914";"Leishmania pifanoi";"Leishmania pifanoi";"ORGANISM";"CHEMBL1156117";"1";"Scientific Literature";"Eur J Med Chem";"2009";"None";"";"";""
"CHEMBL566291";"";"None";"240.24";"0";"0.52";"5";"C=CS(=O)(=O)Cc1ccc2no[n+]([O-])c2c1";"IC50";"";"";"";"";"";"Not Determined";"";"";"";"";"";"0";"CHEMBL1038174";"Antileishmanial activity against Leishmania pifanoi MHOM/VE/57/LV135 promastigotes assessed as parasite viability after 5 days by MTT assay";"F";"BAO_0000218";"organism-based format";"Leishmania pifanoi";"None";"None";"None";"None";"";"";"";"CHEMBL612914";"Leishmania pifanoi";"Leishmania pifanoi";"ORGANISM";"CHEMBL1156117";"1";"Scientific Literature";"Eur J Med Chem";"2009";"None";"";"";""
"CHEMBL568488";"";"None";"302.31";"0";"1.91";"4E";"O=S(=O)(/C=C/c1ccc2no[n+]([O-])c2c1)c1ccccc1";"IC50";"";"";"";"";"";"Not Determined";"";"";"";"";"";"0";"CHEMBL1038174";"Antileishmanial activity against Leishmania pifanoi MHOM/VE/57/LV135 promastigotes assessed as parasite viability after 5 days by MTT assay";"F";"BAO_0000218";"organism-based format";"Leishmania pifanoi";"None";"None";"None";"None";"";"";"";"CHEMBL612914";"Leishmania pifanoi";"Leishmania pifanoi";"ORGANISM";"CHEMBL1156117";"1";"Scientific Literature";"Eur J Med Chem";"2009";"None";"";"";""
"CHEMBL507014";"";"None";"302.31";"0";"1.81";"2";"O=S(=O)(c1ccccc1)c1c(-c2ccccc2)no[n+]1[O-]";"ID50";"'='";"3.8";"uM";"";"";"";"UO_0000064";"";"";"";"";"0";"CHEMBL978120";"Antileishmanial activity against Leishmania pifanoi MHOM/VE/57/LV135 assessed as parasite viability after 5 days by MTT assay";"F";"BAO_0000218";"organism-based format";"Leishmania pifanoi";"None";"None";"None";"None";"";"";"";"CHEMBL612914";"Leishmania pifanoi";"Leishmania pifanoi";"ORGANISM";"CHEMBL1140032";"1";"Scientific Literature";"Bioorg Med Chem";"2008";"None";"";"";""
"CHEMBL452055";"";"None";"298.39";"0";"2.26";"21";"CCSCCS(=O)(=O)c1nonc1-c1ccccc1";"ID50";"'>'";"50.0";"uM";"";"";"";"UO_0000064";"";"";"";"";"0";"CHEMBL978120";"Antileishmanial activity against Leishmania pifanoi MHOM/VE/57/LV135 assessed as parasite viability after 5 days by MTT assay";"F";"BAO_0000218";"organism-based format";"Leishmania pifanoi";"None";"None";"None";"None";"";"";"";"CHEMBL612914";"Leishmania pifanoi";"Leishmania pifanoi";"ORGANISM";"CHEMBL1140032";"1";"Scientific Literature";"Bioorg Med Chem";"2008";"None";"";"";""
"CHEMBL241422";"";"None";"268.40";"0";"4.92";"7";"OCCCCC/C=C/C=C/C=C/C=C/c1ccccc1";"Stability";"";"";"%";"";"";"Stable";"UO_0000187";"";"";"";"";"0";"CHEMBL901920";"Metabolic stability in Leishmania pifanoi amastigotes at 7.5 uM after 4 hrs";"A";"BAO_0000218";"organism-based format";"Leishmania pifanoi";"None";"None";"None";"None";"";"";"";"CHEMBL612914";"Leishmania pifanoi";"Leishmania pifanoi";"ORGANISM";"CHEMBL1138289";"1";"Scientific Literature";"J Med Chem";"2007";"None";"";"";""
"CHEMBL520378";"";"None";"252.25";"0";"0.89";"32";"C=CS(=O)(=O)c1no[n+]([O-])c1-c1ccccc1";"ID50";"'>'";"50.0";"uM";"";"";"";"UO_0000064";"";"";"";"";"0";"CHEMBL978120";"Antileishmanial activity against Leishmania pifanoi MHOM/VE/57/LV135 assessed as parasite viability after 5 days by MTT assay";"F";"BAO_0000218";"organism-based format";"Leishmania pifanoi";"None";"None";"None";"None";"";"";"";"CHEMBL612914";"Leishmania pifanoi";"Leishmania pifanoi";"ORGANISM";"CHEMBL1140032";"1";"Scientific Literature";"Bioorg Med Chem";"2008";"None";"";"";""
"CHEMBL488503";"";"None";"375.41";"0";"1.87";"7";"COc1ccccc1NCCS(=O)(=O)c1c(-c2ccccc2)no[n+]1[O-]";"ID50";"'='";"6.5";"uM";"";"";"";"UO_0000064";"";"";"";"";"0";"CHEMBL978120";"Antileishmanial activity against Leishmania pifanoi MHOM/VE/57/LV135 assessed as parasite viability after 5 days by MTT assay";"F";"BAO_0000218";"organism-based format";"Leishmania pifanoi";"None";"None";"None";"None";"";"";"";"CHEMBL612914";"Leishmania pifanoi";"Leishmania pifanoi";"ORGANISM";"CHEMBL1140032";"1";"Scientific Literature";"Bioorg Med Chem";"2008";"None";"";"";""
"CHEMBL587142";"";"None";"475.38";"1";"8.55";"2";"COc1ccc2nc(C)cc(Nc3ccc(Oc4ccc(Cl)c5ccccc45)c(Cl)c3)c2c1";"IC50";"'='";"6200.0";"nM";"5.21";"";"";"UO_0000065";"";"";"";"";"0";"CHEMBL4347989";"Antileishmanial activity against Leishmania pifanoi MHOM-ET-67/L82 axenic amastigotes incubated for 96 hrs by MTT assay";"F";"BAO_0000218";"organism-based format";"Leishmania pifanoi";"None";"None";"None";"None";"";"";"";"CHEMBL612914";"Leishmania pifanoi";"Leishmania pifanoi";"ORGANISM";"CHEMBL4346674";"1";"Scientific Literature";"Eur J Med Chem";"2019";"None";"";"";""
"CHEMBL539632";"";"None";"856.87";"2";"15.09";"7";"CCCCC[P+](CCCCC)(CCCCC)Cc1ccc(C(=O)c2ccc(C[P+](CCCCC)(CCCCC)CCCCC)cc2)cc1.[Br-].[Br-]";"LC50";"'='";"970.0";"nM";"";"";"";"UO_0000065";"";"";"";"";"0";"CHEMBL1070290";"Antileishmanial activity against Leishmania pifanoi MHOM/VE/60/Ltrod after 96 hrs by MTT assay";"F";"BAO_0000218";"organism-based format";"Leishmania pifanoi";"None";"None";"None";"None";"";"";"";"CHEMBL612914";"Leishmania pifanoi";"Leishmania pifanoi";"ORGANISM";"CHEMBL1157544";"1";"Scientific Literature";"J Med Chem";"2010";"None";"";"";""
"CHEMBL1214078";"";"None";"1848.88";"None";"None";"2";"CC[C@H](C)[C@H](NC(=O)[C@H](CCCCN)NC(=O)[C@H](CCCCN)NC(=O)[C@H](Cc1ccccc1)NC(=O)[C@H](CC(C)C)NC(=O)[C@H](CCCCN)NC(=O)[C@H](Cc1c[nH]c2ccccc12)NC(=O)[C@@H](N)CCCC[N+](C)(C)C)C(=O)NCC(=O)N[C@@H](C)C(=O)N[C@H](C(=O)N[C@@H](CC(C)C)C(=O)N[C@@H](CCCCN)C(=O)N[C@H](C(=O)N[C@@H](CC(C)C)C(N)=O)C(C)C)C(C)C.[Cl-]";"LC50";"'='";"6400.0";"nM";"";"";"";"UO_0000065";"";"";"";"";"0";"CHEMBL1217634";"Antileishmanial activity against Leishmania pifonoi MHOM/VE/60/LTrod promastigotes after 72 hrs by MTT assay";"F";"BAO_0000218";"organism-based format";"Leishmania pifanoi";"None";"None";"None";"None";"";"";"";"CHEMBL612914";"Leishmania pifanoi";"Leishmania pifanoi";"ORGANISM";"CHEMBL1212840";"1";"Scientific Literature";"J Med Chem";"2010";"None";"";"";""
"CHEMBL1626571";"";"None";"2163.04";"None";"None";"11";"CC[C@H](C)[C@H](NC(=O)[C@H](CCCC[N+](C)(C)C)NC(=O)[C@H](CCCC[N+](C)(C)C)NC(=O)[C@H](Cc1ccccc1)NC(=O)[C@H](CC(C)C)NC(=O)[C@H](CCCC[N+](C)(C)C)NC(=O)[C@H](Cc1c[nH]c2ccccc12)NC(=O)[C@@H](N)CCCC[N+](C)(C)C)C(=O)NCC(=O)N[C@@H](C)C(=O)N[C@H](C(=O)N[C@@H](CC(C)C)C(=O)N[C@@H](CCCC[N+](C)(C)C)C(=O)N[C@H](C(=O)N[C@@H](CC(C)C)C(N)=O)C(C)C)C(C)C.[Cl-].[Cl-].[Cl-].[Cl-].[Cl-]";"LC50";"'>'";"50000.0";"nM";"";"";"";"UO_0000065";"";"";"";"";"0";"CHEMBL1217634";"Antileishmanial activity against Leishmania pifonoi MHOM/VE/60/LTrod promastigotes after 72 hrs by MTT assay";"F";"BAO_0000218";"organism-based format";"Leishmania pifanoi";"None";"None";"None";"None";"";"";"";"CHEMBL612914";"Leishmania pifanoi";"Leishmania pifanoi";"ORGANISM";"CHEMBL1212840";"1";"Scientific Literature";"J Med Chem";"2010";"None";"";"";""
"CHEMBL1214084";"";"None";"1927.42";"None";"None";"8";"CC[C@H](C)[C@H](NC(=O)[C@H](CCCCN)NC(=O)[C@H](CCCC[N+](C)(C)C)NC(=O)[C@H](Cc1ccccc1)NC(=O)[C@H](CC(C)C)NC(=O)[C@H](CCCC[N+](C)(C)C)NC(=O)[C@H](Cc1c[nH]c2ccccc12)NC(=O)[C@@H](N)CCCCN)C(=O)NCC(=O)N[C@@H](C)C(=O)N[C@H](C(=O)N[C@@H](CC(C)C)C(=O)N[C@@H](CCCCN)C(=O)N[C@H](C(=O)N[C@@H](CC(C)C)C(N)=O)C(C)C)C(C)C.[Cl-].[Cl-]";"LC50";"'='";"16500.0";"nM";"";"";"";"UO_0000065";"";"";"";"";"0";"CHEMBL1217634";"Antileishmanial activity against Leishmania pifonoi MHOM/VE/60/LTrod promastigotes after 72 hrs by MTT assay";"F";"BAO_0000218";"organism-based format";"Leishmania pifanoi";"None";"None";"None";"None";"";"";"";"CHEMBL612914";"Leishmania pifanoi";"Leishmania pifanoi";"ORGANISM";"CHEMBL1212840";"1";"Scientific Literature";"J Med Chem";"2010";"None";"";"";""
"CHEMBL577509";"";"None";"288.30";"0";"3.36";"14Z";"[O-][n+]1onc2ccc(/C=C\Sc3ccc(F)cc3)cc21";"IC50";"'='";"4500.0";"nM";"5.35";"";"";"UO_0000065";"";"";"";"";"0";"CHEMBL1038174";"Antileishmanial activity against Leishmania pifanoi MHOM/VE/57/LV135 promastigotes assessed as parasite viability after 5 days by MTT assay";"F";"BAO_0000218";"organism-based format";"Leishmania pifanoi";"None";"None";"None";"None";"";"";"";"CHEMBL612914";"Leishmania pifanoi";"Leishmania pifanoi";"ORGANISM";"CHEMBL1156117";"1";"Scientific Literature";"Eur J Med Chem";"2009";"None";"";"";""
"CHEMBL1214081";"";"None";"1848.88";"None";"None";"5";"CC[C@H](C)[C@H](NC(=O)[C@H](CCCC[N+](C)(C)C)NC(=O)[C@H](CCCCN)NC(=O)[C@H](Cc1ccccc1)NC(=O)[C@H](CC(C)C)NC(=O)[C@H](CCCCN)NC(=O)[C@H](Cc1c[nH]c2ccccc12)NC(=O)[C@@H](N)CCCCN)C(=O)NCC(=O)N[C@@H](C)C(=O)N[C@H](C(=O)N[C@@H](CC(C)C)C(=O)N[C@@H](CCCCN)C(=O)N[C@H](C(=O)N[C@@H](CC(C)C)C(N)=O)C(C)C)C(C)C.[Cl-]";"IC50";"'='";"11400.0";"nM";"4.94";"";"";"UO_0000065";"";"";"";"";"0";"CHEMBL1217634";"Antileishmanial activity against Leishmania pifonoi MHOM/VE/60/LTrod promastigotes after 72 hrs by MTT assay";"F";"BAO_0000218";"organism-based format";"Leishmania pifanoi";"None";"None";"None";"None";"";"";"";"CHEMBL612914";"Leishmania pifanoi";"Leishmania pifanoi";"ORGANISM";"CHEMBL1212840";"1";"Scientific Literature";"J Med Chem";"2010";"None";"";"";""
"CHEMBL601706";"";"None";"772.71";"2";"12.75";"5";"CCCC[P+](CCCC)(CCCC)Cc1ccc(C(=O)c2ccc(C[P+](CCCC)(CCCC)CCCC)cc2)cc1.[Br-].[Br-]";"LC50";"'>'";"50000.0";"nM";"";"";"";"UO_0000065";"";"";"";"";"0";"CHEMBL1070290";"Antileishmanial activity against Leishmania pifanoi MHOM/VE/60/Ltrod after 96 hrs by MTT assay";"F";"BAO_0000218";"organism-based format";"Leishmania pifanoi";"None";"None";"None";"None";"";"";"";"CHEMBL612914";"Leishmania pifanoi";"Leishmania pifanoi";"ORGANISM";"CHEMBL1157544";"1";"Scientific Literature";"J Med Chem";"2010";"None";"";"";""
"CHEMBL601708";"";"None";"928.94";"2";"15.95";"8";"O=C(c1ccc(C[P+](C2CCCCC2)(C2CCCCC2)C2CCCCC2)cc1)c1ccc(C[P+](C2CCCCC2)(C2CCCCC2)C2CCCCC2)cc1.[Br-].[Br-]";"LC50";"'='";"1670.0";"nM";"";"";"";"UO_0000065";"";"";"";"";"0";"CHEMBL1070290";"Antileishmanial activity against Leishmania pifanoi MHOM/VE/60/Ltrod after 96 hrs by MTT assay";"F";"BAO_0000218";"organism-based format";"Leishmania pifanoi";"None";"None";"None";"None";"";"";"";"CHEMBL612914";"Leishmania pifanoi";"Leishmania pifanoi";"ORGANISM";"CHEMBL1157544";"1";"Scientific Literature";"J Med Chem";"2010";"None";"";"";""
"CHEMBL605561";"";"None";"644.37";"1";"7.12";"10";"C[P+](C)(Cc1ccc(C(=O)c2ccc(C[P+](C)(C)c3ccccc3)cc2)cc1)c1ccccc1.[Br-].[Br-]";"LC50";"'>'";"50000.0";"nM";"";"";"";"UO_0000065";"";"";"";"";"0";"CHEMBL1070290";"Antileishmanial activity against Leishmania pifanoi MHOM/VE/60/Ltrod after 96 hrs by MTT assay";"F";"BAO_0000218";"organism-based format";"Leishmania pifanoi";"None";"None";"None";"None";"";"";"";"CHEMBL612914";"Leishmania pifanoi";"Leishmania pifanoi";"ORGANISM";"CHEMBL1157544";"1";"Scientific Literature";"J Med Chem";"2010";"None";"";"";""
"CHEMBL598176";"";"None";"700.48";"2";"8.68";"11";"CC[P+](CC)(Cc1ccc(C(=O)c2ccc(C[P+](CC)(CC)c3ccccc3)cc2)cc1)c1ccccc1.[Br-].[Br-]";"LC50";"'>'";"50000.0";"nM";"";"";"";"UO_0000065";"";"";"";"";"0";"CHEMBL1070290";"Antileishmanial activity against Leishmania pifanoi MHOM/VE/60/Ltrod after 96 hrs by MTT assay";"F";"BAO_0000218";"organism-based format";"Leishmania pifanoi";"None";"None";"None";"None";"";"";"";"CHEMBL612914";"Leishmania pifanoi";"Leishmania pifanoi";"ORGANISM";"CHEMBL1157544";"1";"Scientific Literature";"J Med Chem";"2010";"None";"";"";""
"CHEMBL601069";"";"None";"832.42";"2";"7.46";"19";"O=C(c1ccc(C[P+](c2ccco2)(c2ccco2)c2ccco2)cc1)c1ccc(C[P+](c2ccco2)(c2ccco2)c2ccco2)cc1.[Br-].[Br-]";"LC50";"'>'";"50000.0";"nM";"";"";"";"UO_0000065";"";"";"";"";"0";"CHEMBL1070290";"Antileishmanial activity against Leishmania pifanoi MHOM/VE/60/Ltrod after 96 hrs by MTT assay";"F";"BAO_0000218";"organism-based format";"Leishmania pifanoi";"None";"None";"None";"None";"";"";"";"CHEMBL612914";"Leishmania pifanoi";"Leishmania pifanoi";"ORGANISM";"CHEMBL1157544";"1";"Scientific Literature";"J Med Chem";"2010";"None";"";"";""
"CHEMBL453343";"";"None";"283.27";"0";"-0.77";"6";"NC(=O)CS(=O)(=O)c1c(-c2ccccc2)no[n+]1[O-]";"ID50";"'>'";"50.0";"uM";"";"";"";"UO_0000064";"";"";"";"";"0";"CHEMBL978120";"Antileishmanial activity against Leishmania pifanoi MHOM/VE/57/LV135 assessed as parasite viability after 5 days by MTT assay";"F";"BAO_0000218";"organism-based format";"Leishmania pifanoi";"None";"None";"None";"None";"";"";"";"CHEMBL612914";"Leishmania pifanoi";"Leishmania pifanoi";"ORGANISM";"CHEMBL1140032";"1";"Scientific Literature";"Bioorg Med Chem";"2008";"None";"";"";""
"CHEMBL568590";"";"None";"288.30";"0";"3.36";"14E";"[O-][n+]1onc2ccc(/C=C/Sc3ccc(F)cc3)cc21";"IC50";"'='";"4300.0";"nM";"5.37";"";"";"UO_0000065";"";"";"";"";"0";"CHEMBL1038174";"Antileishmanial activity against Leishmania pifanoi MHOM/VE/57/LV135 promastigotes assessed as parasite viability after 5 days by MTT assay";"F";"BAO_0000218";"organism-based format";"Leishmania pifanoi";"None";"None";"None";"None";"";"";"";"CHEMBL612914";"Leishmania pifanoi";"Leishmania pifanoi";"ORGANISM";"CHEMBL1156117";"1";"Scientific Literature";"Eur J Med Chem";"2009";"None";"";"";""
"CHEMBL1214080";"";"None";"1848.88";"None";"None";"4";"CC[C@H](C)[C@H](NC(=O)[C@H](CCCCN)NC(=O)[C@H](CCCC[N+](C)(C)C)NC(=O)[C@H](Cc1ccccc1)NC(=O)[C@H](CC(C)C)NC(=O)[C@H](CCCCN)NC(=O)[C@H](Cc1c[nH]c2ccccc12)NC(=O)[C@@H](N)CCCCN)C(=O)NCC(=O)N[C@@H](C)C(=O)N[C@H](C(=O)N[C@@H](CC(C)C)C(=O)N[C@@H](CCCCN)C(=O)N[C@H](C(=O)N[C@@H](CC(C)C)C(N)=O)C(C)C)C(C)C.[Cl-]";"IC50";"'='";"13400.0";"nM";"4.87";"";"";"UO_0000065";"";"";"";"";"0";"CHEMBL1217634";"Antileishmanial activity against Leishmania pifonoi MHOM/VE/60/LTrod promastigotes after 72 hrs by MTT assay";"F";"BAO_0000218";"organism-based format";"Leishmania pifanoi";"None";"None";"None";"None";"";"";"";"CHEMBL612914";"Leishmania pifanoi";"Leishmania pifanoi";"ORGANISM";"CHEMBL1212840";"1";"Scientific Literature";"J Med Chem";"2010";"None";"";"";""
"CHEMBL453600";"";"None";"282.32";"0";"1.55";"20";"CCOCCS(=O)(=O)c1nonc1-c1ccccc1";"ID50";"'>'";"50.0";"uM";"";"";"";"UO_0000064";"";"";"";"";"0";"CHEMBL978120";"Antileishmanial activity against Leishmania pifanoi MHOM/VE/57/LV135 assessed as parasite viability after 5 days by MTT assay";"F";"BAO_0000218";"organism-based format";"Leishmania pifanoi";"None";"None";"None";"None";"";"";"";"CHEMBL612914";"Leishmania pifanoi";"Leishmania pifanoi";"ORGANISM";"CHEMBL1140032";"1";"Scientific Literature";"Bioorg Med Chem";"2008";"None";"";"";""
"CHEMBL453599";"";"None";"236.25";"0";"1.65";"19";"C=CS(=O)(=O)c1nonc1-c1ccccc1";"ID50";"'='";"20.4";"uM";"";"";"";"UO_0000064";"";"";"";"";"0";"CHEMBL978120";"Antileishmanial activity against Leishmania pifanoi MHOM/VE/57/LV135 assessed as parasite viability after 5 days by MTT assay";"F";"BAO_0000218";"organism-based format";"Leishmania pifanoi";"None";"None";"None";"None";"";"";"";"CHEMBL612914";"Leishmania pifanoi";"Leishmania pifanoi";"ORGANISM";"CHEMBL1140032";"1";"Scientific Literature";"Bioorg Med Chem";"2008";"None";"";"";""
"CHEMBL507925";"";"None";"252.25";"0";"0.89";"3";"C=CS(=O)(=O)c1c(-c2ccccc2)no[n+]1[O-]";"ID50";"'='";"26.7";"uM";"";"";"";"UO_0000064";"";"";"";"";"0";"CHEMBL978120";"Antileishmanial activity against Leishmania pifanoi MHOM/VE/57/LV135 assessed as parasite viability after 5 days by MTT assay";"F";"BAO_0000218";"organism-based format";"Leishmania pifanoi";"None";"None";"None";"None";"";"";"";"CHEMBL612914";"Leishmania pifanoi";"Leishmania pifanoi";"ORGANISM";"CHEMBL1140032";"1";"Scientific Literature";"Bioorg Med Chem";"2008";"None";"";"";""
"CHEMBL1214079";"";"None";"1848.88";"None";"None";"3";"CC[C@H](C)[C@H](NC(=O)[C@H](CCCCN)NC(=O)[C@H](CCCCN)NC(=O)[C@H](Cc1ccccc1)NC(=O)[C@H](CC(C)C)NC(=O)[C@H](CCCC[N+](C)(C)C)NC(=O)[C@H](Cc1c[nH]c2ccccc12)NC(=O)[C@@H](N)CCCCN)C(=O)NCC(=O)N[C@@H](C)C(=O)N[C@H](C(=O)N[C@@H](CC(C)C)C(=O)N[C@@H](CCCCN)C(=O)N[C@H](C(=O)N[C@@H](CC(C)C)C(N)=O)C(C)C)C(C)C.[Cl-]";"IC50";"'='";"9400.0";"nM";"5.03";"";"";"UO_0000065";"";"";"";"";"0";"CHEMBL1217634";"Antileishmanial activity against Leishmania pifonoi MHOM/VE/60/LTrod promastigotes after 72 hrs by MTT assay";"F";"BAO_0000218";"organism-based format";"Leishmania pifanoi";"None";"None";"None";"None";"";"";"";"CHEMBL612914";"Leishmania pifanoi";"Leishmania pifanoi";"ORGANISM";"CHEMBL1212840";"1";"Scientific Literature";"J Med Chem";"2010";"None";"";"";""
"CHEMBL238912";"";"None";"433.53";"1";"5.14";"PTE-MT";"C[N+](C)(C)CCOP(=O)([O-])OCCCCC/C=C/C=C/C=C/C=C/c1ccccc1";"LD50";"'='";"26.0";"uM";"";"";"";"UO_0000064";"";"";"";"";"0";"CHEMBL901921";"Antileishmanial activity against miltefosine-sensitive Leishmania pifanoi MHOM/VE/60/Ltrod amastigotes by MTT assay";"F";"BAO_0000218";"organism-based format";"Leishmania pifanoi";"None";"None";"None";"None";"";"";"";"CHEMBL612914";"Leishmania pifanoi";"Leishmania pifanoi";"ORGANISM";"CHEMBL1138289";"1";"Scientific Literature";"J Med Chem";"2007";"None";"";"";""
"CHEMBL567955";"";"None";"270.31";"0";"3.22";"2E";"[O-][n+]1onc2ccc(/C=C/Sc3ccccc3)cc21";"IC50";"'='";"4300.0";"nM";"5.37";"";"";"UO_0000065";"";"";"";"";"0";"CHEMBL1038174";"Antileishmanial activity against Leishmania pifanoi MHOM/VE/57/LV135 promastigotes assessed as parasite viability after 5 days by MTT assay";"F";"BAO_0000218";"organism-based format";"Leishmania pifanoi";"None";"None";"None";"None";"";"";"";"CHEMBL612914";"Leishmania pifanoi";"Leishmania pifanoi";"ORGANISM";"CHEMBL1156117";"1";"Scientific Literature";"Eur J Med Chem";"2009";"None";"";"";""
"CHEMBL1214086";"";"None";"1929.43";"None";"None";"10";"CC[C@H](C)[C@H](NC(=O)[C@H](CCCCN)NC(=O)[C@H](CCCCN)NC(=O)[C@H](Cc1ccccc1)NC(=O)[C@H](CC(C)C)NC(=O)[C@H](CCCCN)NC(=O)[C@H](Cc1c[nH]c2ccccc12)NC(=O)[C@@H](N)CCCC[N+](C)(C)C)C(=O)NCC(=O)N[C@@H](C)C(=O)N[C@@H](C(C)C)C(O)N[C@@H](CC(C)C)C(=O)N[C@@H](CCCC[N+](C)(C)C)C(=O)N[C@H](C(=O)N[C@@H](CC(C)C)C(N)=O)C(C)C.[Cl-].[Cl-]";"IC50";"'='";"170000.0";"nM";"";"Outside typical range";"";"UO_0000065";"";"";"";"";"0";"CHEMBL1217634";"Antileishmanial activity against Leishmania pifonoi MHOM/VE/60/LTrod promastigotes after 72 hrs by MTT assay";"F";"BAO_0000218";"organism-based format";"Leishmania pifanoi";"None";"None";"None";"None";"";"";"";"CHEMBL612914";"Leishmania pifanoi";"Leishmania pifanoi";"ORGANISM";"CHEMBL1212840";"1";"Scientific Literature";"J Med Chem";"2010";"None";"";"";""
"CHEMBL1214079";"";"None";"1848.88";"None";"None";"3";"CC[C@H](C)[C@H](NC(=O)[C@H](CCCCN)NC(=O)[C@H](CCCCN)NC(=O)[C@H](Cc1ccccc1)NC(=O)[C@H](CC(C)C)NC(=O)[C@H](CCCC[N+](C)(C)C)NC(=O)[C@H](Cc1c[nH]c2ccccc12)NC(=O)[C@@H](N)CCCCN)C(=O)NCC(=O)N[C@@H](C)C(=O)N[C@H](C(=O)N[C@@H](CC(C)C)C(=O)N[C@@H](CCCCN)C(=O)N[C@H](C(=O)N[C@@H](CC(C)C)C(N)=O)C(C)C)C(C)C.[Cl-]";"LC50";"'='";"8200.0";"nM";"";"";"";"UO_0000065";"";"";"";"";"0";"CHEMBL1217634";"Antileishmanial activity against Leishmania pifonoi MHOM/VE/60/LTrod promastigotes after 72 hrs by MTT assay";"F";"BAO_0000218";"organism-based format";"Leishmania pifanoi";"None";"None";"None";"None";"";"";"";"CHEMBL612914";"Leishmania pifanoi";"Leishmania pifanoi";"ORGANISM";"CHEMBL1212840";"1";"Scientific Literature";"J Med Chem";"2010";"None";"";"";""
"CHEMBL1214081";"";"None";"1848.88";"None";"None";"5";"CC[C@H](C)[C@H](NC(=O)[C@H](CCCC[N+](C)(C)C)NC(=O)[C@H](CCCCN)NC(=O)[C@H](Cc1ccccc1)NC(=O)[C@H](CC(C)C)NC(=O)[C@H](CCCCN)NC(=O)[C@H](Cc1c[nH]c2ccccc12)NC(=O)[C@@H](N)CCCCN)C(=O)NCC(=O)N[C@@H](C)C(=O)N[C@H](C(=O)N[C@@H](CC(C)C)C(=O)N[C@@H](CCCCN)C(=O)N[C@H](C(=O)N[C@@H](CC(C)C)C(N)=O)C(C)C)C(C)C.[Cl-]";"LC50";"'='";"12100.0";"nM";"";"";"";"UO_0000065";"";"";"";"";"0";"CHEMBL1217634";"Antileishmanial activity against Leishmania pifonoi MHOM/VE/60/LTrod promastigotes after 72 hrs by MTT assay";"F";"BAO_0000218";"organism-based format";"Leishmania pifanoi";"None";"None";"None";"None";"";"";"";"CHEMBL612914";"Leishmania pifanoi";"Leishmania pifanoi";"ORGANISM";"CHEMBL1212840";"1";"Scientific Literature";"J Med Chem";"2010";"None";"";"";""
"CHEMBL1214083";"";"None";"1927.42";"None";"None";"7";"CC[C@H](C)[C@H](NC(=O)[C@H](CCCCN)NC(=O)[C@H](CCCCN)NC(=O)[C@H](Cc1ccccc1)NC(=O)[C@H](CC(C)C)NC(=O)[C@H](CCCC[N+](C)(C)C)NC(=O)[C@H](Cc1c[nH]c2ccccc12)NC(=O)[C@@H](N)CCCC[N+](C)(C)C)C(=O)NCC(=O)N[C@@H](C)C(=O)N[C@H](C(=O)N[C@@H](CC(C)C)C(=O)N[C@@H](CCCCN)C(=O)N[C@H](C(=O)N[C@@H](CC(C)C)C(N)=O)C(C)C)C(C)C.[Cl-].[Cl-]";"LC50";"'='";"24800.0";"nM";"";"";"";"UO_0000065";"";"";"";"";"0";"CHEMBL1217634";"Antileishmanial activity against Leishmania pifonoi MHOM/VE/60/LTrod promastigotes after 72 hrs by MTT assay";"F";"BAO_0000218";"organism-based format";"Leishmania pifanoi";"None";"None";"None";"None";"";"";"";"CHEMBL612914";"Leishmania pifanoi";"Leishmania pifanoi";"ORGANISM";"CHEMBL1212840";"1";"Scientific Literature";"J Med Chem";"2010";"None";"";"";""
"CHEMBL1626571";"";"None";"2163.04";"None";"None";"11";"CC[C@H](C)[C@H](NC(=O)[C@H](CCCC[N+](C)(C)C)NC(=O)[C@H](CCCC[N+](C)(C)C)NC(=O)[C@H](Cc1ccccc1)NC(=O)[C@H](CC(C)C)NC(=O)[C@H](CCCC[N+](C)(C)C)NC(=O)[C@H](Cc1c[nH]c2ccccc12)NC(=O)[C@@H](N)CCCC[N+](C)(C)C)C(=O)NCC(=O)N[C@@H](C)C(=O)N[C@H](C(=O)N[C@@H](CC(C)C)C(=O)N[C@@H](CCCC[N+](C)(C)C)C(=O)N[C@H](C(=O)N[C@@H](CC(C)C)C(N)=O)C(C)C)C(C)C.[Cl-].[Cl-].[Cl-].[Cl-].[Cl-]";"IC50";"'>'";"50000.0";"nM";"";"";"";"UO_0000065";"";"";"";"";"0";"CHEMBL1217634";"Antileishmanial activity against Leishmania pifonoi MHOM/VE/60/LTrod promastigotes after 72 hrs by MTT assay";"F";"BAO_0000218";"organism-based format";"Leishmania pifanoi";"None";"None";"None";"None";"";"";"";"CHEMBL612914";"Leishmania pifanoi";"Leishmania pifanoi";"ORGANISM";"CHEMBL1212840";"1";"Scientific Literature";"J Med Chem";"2010";"None";"";"";""
"CHEMBL1214082";"";"None";"1848.88";"None";"None";"6";"CC[C@H](C)[C@H](NC(=O)[C@H](CCCCN)NC(=O)[C@H](CCCCN)NC(=O)[C@H](Cc1ccccc1)NC(=O)[C@H](CC(C)C)NC(=O)[C@H](CCCCN)NC(=O)[C@H](Cc1c[nH]c2ccccc12)NC(=O)[C@@H](N)CCCCN)C(=O)NCC(=O)N[C@@H](C)C(=O)N[C@H](C(=O)N[C@@H](CC(C)C)C(=O)N[C@@H](CCCC[N+](C)(C)C)C(=O)N[C@H](C(=O)N[C@@H](CC(C)C)C(N)=O)C(C)C)C(C)C.[Cl-]";"LC50";"'='";"11600.0";"nM";"";"";"";"UO_0000065";"";"";"";"";"0";"CHEMBL1217634";"Antileishmanial activity against Leishmania pifonoi MHOM/VE/60/LTrod promastigotes after 72 hrs by MTT assay";"F";"BAO_0000218";"organism-based format";"Leishmania pifanoi";"None";"None";"None";"None";"";"";"";"CHEMBL612914";"Leishmania pifanoi";"Leishmania pifanoi";"ORGANISM";"CHEMBL1212840";"1";"Scientific Literature";"J Med Chem";"2010";"None";"";"";""
"CHEMBL1214085";"";"None";"1927.42";"None";"None";"9";"CC[C@H](C)[C@H](NC(=O)[C@H](CCCC[N+](C)(C)C)NC(=O)[C@H](CCCC[N+](C)(C)C)NC(=O)[C@H](Cc1ccccc1)NC(=O)[C@H](CC(C)C)NC(=O)[C@H](CCCCN)NC(=O)[C@H](Cc1c[nH]c2ccccc12)NC(=O)[C@@H](N)CCCCN)C(=O)NCC(=O)N[C@@H](C)C(=O)N[C@H](C(=O)N[C@@H](CC(C)C)C(=O)N[C@@H](CCCCN)C(=O)N[C@H](C(=O)N[C@@H](CC(C)C)C(N)=O)C(C)C)C(C)C.[Cl-].[Cl-]";"LC50";"'='";"27000.0";"nM";"";"";"";"UO_0000065";"";"";"";"";"0";"CHEMBL1217634";"Antileishmanial activity against Leishmania pifonoi MHOM/VE/60/LTrod promastigotes after 72 hrs by MTT assay";"F";"BAO_0000218";"organism-based format";"Leishmania pifanoi";"None";"None";"None";"None";"";"";"";"CHEMBL612914";"Leishmania pifanoi";"Leishmania pifanoi";"ORGANISM";"CHEMBL1212840";"1";"Scientific Literature";"J Med Chem";"2010";"None";"";"";""
"CHEMBL566290";"";"None";"302.31";"0";"1.91";"4Z";"O=S(=O)(/C=C\c1ccc2no[n+]([O-])c2c1)c1ccccc1";"IC50";"";"";"";"";"";"Not Determined";"";"";"";"";"";"0";"CHEMBL1038174";"Antileishmanial activity against Leishmania pifanoi MHOM/VE/57/LV135 promastigotes assessed as parasite viability after 5 days by MTT assay";"F";"BAO_0000218";"organism-based format";"Leishmania pifanoi";"None";"None";"None";"None";"";"";"";"CHEMBL612914";"Leishmania pifanoi";"Leishmania pifanoi";"ORGANISM";"CHEMBL1156117";"1";"Scientific Literature";"Eur J Med Chem";"2009";"None";"";"";""
"CHEMBL595536";"";"None";"158.20";"0";"2.13";"17";"Cc1cc(N)c2ccccc2n1";"IC50";"'>'";"50000.0";"nM";"";"";"";"UO_0000065";"";"";"";"";"0";"CHEMBL4347989";"Antileishmanial activity against Leishmania pifanoi MHOM-ET-67/L82 axenic amastigotes incubated for 96 hrs by MTT assay";"F";"BAO_0000218";"organism-based format";"Leishmania pifanoi";"None";"None";"None";"None";"";"";"";"CHEMBL612914";"Leishmania pifanoi";"Leishmania pifanoi";"ORGANISM";"CHEMBL4346674";"1";"Scientific Literature";"Eur J Med Chem";"2019";"None";"";"";""
"CHEMBL4457606";"";"None";"375.47";"0";"3.97";"15a";"CCOCC(=O)NCCNc1cc(/C=C/c2ccccc2)nc2ccccc12";"Activity_index";"'='";"1.6";"";"";"";"";"";"";"";"";"";"0";"CHEMBL4347993";"Antileishmanial activity against CFSE-labelled Leishmania pifanoi MHOM/VE/60/Ltrod axenic amastigotes infected in mouse peritoneal macrophage assessed as infection index at 10 uM incubated for 12 hrs by DAPI staining based confocal microscopic method (Rvb = 5.3 +/- 2.5 No_unit)";"F";"BAO_0000218";"organism-based format";"Leishmania pifanoi";"None";"None";"None";"None";"";"";"";"CHEMBL612914";"Leishmania pifanoi";"Leishmania pifanoi";"ORGANISM";"CHEMBL4346674";"1";"Scientific Literature";"Eur J Med Chem";"2019";"None";"";"";""
"CHEMBL511515";"";"None";"251.27";"0";"0.55";"44";"NC(=O)CSc1no[n+]([O-])c1-c1ccccc1";"ID50";"'>'";"50.0";"uM";"";"";"";"UO_0000064";"";"";"";"";"0";"CHEMBL978120";"Antileishmanial activity against Leishmania pifanoi MHOM/VE/57/LV135 assessed as parasite viability after 5 days by MTT assay";"F";"BAO_0000218";"organism-based format";"Leishmania pifanoi";"None";"None";"None";"None";"";"";"";"CHEMBL612914";"Leishmania pifanoi";"Leishmania pifanoi";"ORGANISM";"CHEMBL1140032";"1";"Scientific Literature";"Bioorg Med Chem";"2008";"None";"";"";""
"CHEMBL487816";"";"None";"283.27";"0";"-0.77";"35";"NC(=O)CS(=O)(=O)c1no[n+]([O-])c1-c1ccccc1";"ID50";"'>'";"50.0";"uM";"";"";"";"UO_0000064";"";"";"";"";"0";"CHEMBL978120";"Antileishmanial activity against Leishmania pifanoi MHOM/VE/57/LV135 assessed as parasite viability after 5 days by MTT assay";"F";"BAO_0000218";"organism-based format";"Leishmania pifanoi";"None";"None";"None";"None";"";"";"";"CHEMBL612914";"Leishmania pifanoi";"Leishmania pifanoi";"ORGANISM";"CHEMBL1140032";"1";"Scientific Literature";"Bioorg Med Chem";"2008";"None";"";"";""
"CHEMBL509872";"";"None";"286.31";"0";"2.57";"18";"O=S(=O)(c1ccccc1)c1nonc1-c1ccccc1";"ID50";"'>'";"50.0";"uM";"";"";"";"UO_0000064";"";"";"";"";"0";"CHEMBL978120";"Antileishmanial activity against Leishmania pifanoi MHOM/VE/57/LV135 assessed as parasite viability after 5 days by MTT assay";"F";"BAO_0000218";"organism-based format";"Leishmania pifanoi";"None";"None";"None";"None";"";"";"";"CHEMBL612914";"Leishmania pifanoi";"Leishmania pifanoi";"ORGANISM";"CHEMBL1140032";"1";"Scientific Literature";"Bioorg Med Chem";"2008";"None";"";"";""
"CHEMBL453342";"";"None";"314.39";"0";"1.50";"5";"CCSCCS(=O)(=O)c1c(-c2ccccc2)no[n+]1[O-]";"ID50";"'='";"4.6";"uM";"";"";"";"UO_0000064";"";"";"";"";"0";"CHEMBL978120";"Antileishmanial activity against Leishmania pifanoi MHOM/VE/57/LV135 assessed as parasite viability after 5 days by MTT assay";"F";"BAO_0000218";"organism-based format";"Leishmania pifanoi";"None";"None";"None";"None";"";"";"";"CHEMBL612914";"Leishmania pifanoi";"Leishmania pifanoi";"ORGANISM";"CHEMBL1140032";"1";"Scientific Literature";"Bioorg Med Chem";"2008";"None";"";"";""
"CHEMBL448578";"";"None";"298.32";"0";"0.79";"33";"CCOCCS(=O)(=O)c1no[n+]([O-])c1-c1ccccc1";"ID50";"'>'";"50.0";"uM";"";"";"";"UO_0000064";"";"";"";"";"0";"CHEMBL978120";"Antileishmanial activity against Leishmania pifanoi MHOM/VE/57/LV135 assessed as parasite viability after 5 days by MTT assay";"F";"BAO_0000218";"organism-based format";"Leishmania pifanoi";"None";"None";"None";"None";"";"";"";"CHEMBL612914";"Leishmania pifanoi";"Leishmania pifanoi";"ORGANISM";"CHEMBL1140032";"1";"Scientific Literature";"Bioorg Med Chem";"2008";"None";"";"";""
"CHEMBL486633";"";"None";"302.31";"0";"1.81";"31";"O=S(=O)(c1ccccc1)c1no[n+]([O-])c1-c1ccccc1";"ID50";"'='";"20.5";"uM";"";"";"";"UO_0000064";"";"";"";"";"0";"CHEMBL978120";"Antileishmanial activity against Leishmania pifanoi MHOM/VE/57/LV135 assessed as parasite viability after 5 days by MTT assay";"F";"BAO_0000218";"organism-based format";"Leishmania pifanoi";"None";"None";"None";"None";"";"";"";"CHEMBL612914";"Leishmania pifanoi";"Leishmania pifanoi";"ORGANISM";"CHEMBL1140032";"1";"Scientific Literature";"Bioorg Med Chem";"2008";"None";"";"";""
"CHEMBL596746";"";"None";"520.23";"1";"5.73";"1";"C[P+](C)(C)Cc1ccc(C(=O)c2ccc(C[P+](C)(C)C)cc2)cc1.[Br-].[Br-]";"LC50";"'>'";"50000.0";"nM";"";"";"";"UO_0000065";"";"";"";"";"0";"CHEMBL1070290";"Antileishmanial activity against Leishmania pifanoi MHOM/VE/60/Ltrod after 96 hrs by MTT assay";"F";"BAO_0000218";"organism-based format";"Leishmania pifanoi";"None";"None";"None";"None";"";"";"";"CHEMBL612914";"Leishmania pifanoi";"Leishmania pifanoi";"ORGANISM";"CHEMBL1157544";"1";"Scientific Literature";"J Med Chem";"2010";"None";"";"";""
"CHEMBL1214085";"";"None";"1927.42";"None";"None";"9";"CC[C@H](C)[C@H](NC(=O)[C@H](CCCC[N+](C)(C)C)NC(=O)[C@H](CCCC[N+](C)(C)C)NC(=O)[C@H](Cc1ccccc1)NC(=O)[C@H](CC(C)C)NC(=O)[C@H](CCCCN)NC(=O)[C@H](Cc1c[nH]c2ccccc12)NC(=O)[C@@H](N)CCCCN)C(=O)NCC(=O)N[C@@H](C)C(=O)N[C@H](C(=O)N[C@@H](CC(C)C)C(=O)N[C@@H](CCCCN)C(=O)N[C@H](C(=O)N[C@@H](CC(C)C)C(N)=O)C(C)C)C(C)C.[Cl-].[Cl-]";"IC50";"'='";"9200.0";"nM";"5.04";"";"";"UO_0000065";"";"";"";"";"0";"CHEMBL1217634";"Antileishmanial activity against Leishmania pifonoi MHOM/VE/60/LTrod promastigotes after 72 hrs by MTT assay";"F";"BAO_0000218";"organism-based format";"Leishmania pifanoi";"None";"None";"None";"None";"";"";"";"CHEMBL612914";"Leishmania pifanoi";"Leishmania pifanoi";"ORGANISM";"CHEMBL1212840";"1";"Scientific Literature";"J Med Chem";"2010";"None";"";"";""
"CHEMBL590385";"";"None";"916.84";"2";"13.93";"12";"O=C(c1ccc(C[P+](c2ccccc2)(C2CCCCC2)C2CCCCC2)cc1)c1ccc(C[P+](c2ccccc2)(C2CCCCC2)C2CCCCC2)cc1.[Br-].[Br-]";"LC50";"'='";"1450.0";"nM";"";"";"";"UO_0000065";"";"";"";"";"0";"CHEMBL1070290";"Antileishmanial activity against Leishmania pifanoi MHOM/VE/60/Ltrod after 96 hrs by MTT assay";"F";"BAO_0000218";"organism-based format";"Leishmania pifanoi";"None";"None";"None";"None";"";"";"";"CHEMBL612914";"Leishmania pifanoi";"Leishmania pifanoi";"ORGANISM";"CHEMBL1157544";"1";"Scientific Literature";"J Med Chem";"2010";"None";"";"";""
"CHEMBL1214077";"";"None";"1770.33";"None";"None";"1";"CC[C@H](C)[C@H](NC(=O)[C@H](CCCCN)NC(=O)[C@H](CCCCN)NC(=O)[C@H](Cc1ccccc1)NC(=O)[C@H](CC(C)C)NC(=O)[C@H](CCCCN)NC(=O)[C@H](Cc1c[nH]c2ccccc12)NC(=O)[C@@H](N)CCCCN)C(=O)NCC(=O)N[C@@H](C)C(=O)N[C@H](C(=O)N[C@@H](CC(C)C)C(=O)N[C@@H](CCCCN)C(=O)N[C@H](C(=O)N[C@@H](CC(C)C)C(N)=O)C(C)C)C(C)C";"IC50";"'='";"4300.0";"nM";"5.37";"";"";"UO_0000065";"";"";"";"";"0";"CHEMBL1217634";"Antileishmanial activity against Leishmania pifonoi MHOM/VE/60/LTrod promastigotes after 72 hrs by MTT assay";"F";"BAO_0000218";"organism-based format";"Leishmania pifanoi";"None";"None";"None";"None";"";"";"";"CHEMBL612914";"Leishmania pifanoi";"Leishmania pifanoi";"ORGANISM";"CHEMBL1212840";"1";"Scientific Literature";"J Med Chem";"2010";"None";"";"";""
"CHEMBL4569110";"";"None";"414.55";"0";"4.42";"14d";"O=C(CN1CCCCC1)NCCNc1cc(/C=C/c2ccccc2)nc2ccccc12";"IC50";"'='";"1200.0";"nM";"5.92";"";"";"UO_0000065";"";"";"";"";"0";"CHEMBL4347989";"Antileishmanial activity against Leishmania pifanoi MHOM-ET-67/L82 axenic amastigotes incubated for 96 hrs by MTT assay";"F";"BAO_0000218";"organism-based format";"Leishmania pifanoi";"None";"None";"None";"None";"";"";"";"CHEMBL612914";"Leishmania pifanoi";"Leishmania pifanoi";"ORGANISM";"CHEMBL4346674";"1";"Scientific Literature";"Eur J Med Chem";"2019";"None";"";"";""
"CHEMBL4541808";"";"None";"416.53";"0";"3.27";"14e";"O=C(CN1CCOCC1)NCCNc1cc(/C=C/c2ccccc2)nc2ccccc12";"IC50";"'>'";"25000.0";"nM";"";"";"";"UO_0000065";"";"";"";"";"0";"CHEMBL4347989";"Antileishmanial activity against Leishmania pifanoi MHOM-ET-67/L82 axenic amastigotes incubated for 96 hrs by MTT assay";"F";"BAO_0000218";"organism-based format";"Leishmania pifanoi";"None";"None";"None";"None";"";"";"";"CHEMBL612914";"Leishmania pifanoi";"Leishmania pifanoi";"ORGANISM";"CHEMBL4346674";"1";"Scientific Literature";"Eur J Med Chem";"2019";"None";"";"";""
"CHEMBL4444079";"";"None";"491.42";"1";"6.35";"14k";"O=C(CNc1ccc(Cl)cc1Cl)NCCNc1cc(/C=C/c2ccccc2)nc2ccccc12";"IC50";"'='";"1200.0";"nM";"5.92";"";"";"UO_0000065";"";"";"";"";"0";"CHEMBL4347989";"Antileishmanial activity against Leishmania pifanoi MHOM-ET-67/L82 axenic amastigotes incubated for 96 hrs by MTT assay";"F";"BAO_0000218";"organism-based format";"Leishmania pifanoi";"None";"None";"None";"None";"";"";"";"CHEMBL612914";"Leishmania pifanoi";"Leishmania pifanoi";"ORGANISM";"CHEMBL4346674";"1";"Scientific Literature";"Eur J Med Chem";"2019";"None";"";"";""
"CHEMBL4562688";"";"None";"403.53";"0";"4.75";"15b";"CCOCC(=O)NCCCCNc1cc(/C=C/c2ccccc2)nc2ccccc12";"IC50";"'='";"4500.0";"nM";"5.35";"";"";"UO_0000065";"";"";"";"";"0";"CHEMBL4347989";"Antileishmanial activity against Leishmania pifanoi MHOM-ET-67/L82 axenic amastigotes incubated for 96 hrs by MTT assay";"F";"BAO_0000218";"organism-based format";"Leishmania pifanoi";"None";"None";"None";"None";"";"";"";"CHEMBL612914";"Leishmania pifanoi";"Leishmania pifanoi";"ORGANISM";"CHEMBL4346674";"1";"Scientific Literature";"Eur J Med Chem";"2019";"None";"";"";""
"CHEMBL4463207";"";"None";"389.50";"1";"5.34";"11a";"CC(C)(C)OC(=O)NCCNc1cc(/C=C/c2ccccc2)nc2ccccc12";"IC50";"'='";"4300.0";"nM";"5.37";"";"";"UO_0000065";"";"";"";"";"0";"CHEMBL4347989";"Antileishmanial activity against Leishmania pifanoi MHOM-ET-67/L82 axenic amastigotes incubated for 96 hrs by MTT assay";"F";"BAO_0000218";"organism-based format";"Leishmania pifanoi";"None";"None";"None";"None";"";"";"";"CHEMBL612914";"Leishmania pifanoi";"Leishmania pifanoi";"ORGANISM";"CHEMBL4346674";"1";"Scientific Literature";"Eur J Med Chem";"2019";"None";"";"";""
"CHEMBL4464363";"";"None";"400.53";"0";"4.03";"14c";"O=C(CN1CCCC1)NCCNc1cc(/C=C/c2ccccc2)nc2ccccc12";"IC50";"'='";"900.0";"nM";"6.05";"";"";"UO_0000065";"";"";"";"";"0";"CHEMBL4347989";"Antileishmanial activity against Leishmania pifanoi MHOM-ET-67/L82 axenic amastigotes incubated for 96 hrs by MTT assay";"F";"BAO_0000218";"organism-based format";"Leishmania pifanoi";"None";"None";"None";"None";"";"";"";"CHEMBL612914";"Leishmania pifanoi";"Leishmania pifanoi";"ORGANISM";"CHEMBL4346674";"1";"Scientific Literature";"Eur J Med Chem";"2019";"None";"";"";""
"CHEMBL568312";"";"None";"286.31";"0";"2.24";"3E";"[O-][n+]1onc2ccc(/C=C/[S+]([O-])c3ccccc3)cc21";"IC50";"";"";"";"";"";"Not Determined";"";"";"";"";"";"0";"CHEMBL1038174";"Antileishmanial activity against Leishmania pifanoi MHOM/VE/57/LV135 promastigotes assessed as parasite viability after 5 days by MTT assay";"F";"BAO_0000218";"organism-based format";"Leishmania pifanoi";"None";"None";"None";"None";"";"";"";"CHEMBL612914";"Leishmania pifanoi";"Leishmania pifanoi";"ORGANISM";"CHEMBL1156117";"1";"Scientific Literature";"Eur J Med Chem";"2009";"None";"";"";""
"CHEMBL4457606";"";"None";"375.47";"0";"3.97";"15a";"CCOCC(=O)NCCNc1cc(/C=C/c2ccccc2)nc2ccccc12";"IC50";"'='";"1600.0";"nM";"5.80";"";"";"UO_0000065";"";"";"";"";"0";"CHEMBL4347989";"Antileishmanial activity against Leishmania pifanoi MHOM-ET-67/L82 axenic amastigotes incubated for 96 hrs by MTT assay";"F";"BAO_0000218";"organism-based format";"Leishmania pifanoi";"None";"None";"None";"None";"";"";"";"CHEMBL612914";"Leishmania pifanoi";"Leishmania pifanoi";"ORGANISM";"CHEMBL4346674";"1";"Scientific Literature";"Eur J Med Chem";"2019";"None";"";"";""
"CHEMBL4445537";"";"None";"330.39";"0";"4.30";"18";"CC(=O)N(C(C)=O)c1cc(/C=C/c2ccccc2)nc2ccccc12";"IC50";"'='";"13400.0";"nM";"4.87";"";"";"UO_0000065";"";"";"";"";"0";"CHEMBL4347989";"Antileishmanial activity against Leishmania pifanoi MHOM-ET-67/L82 axenic amastigotes incubated for 96 hrs by MTT assay";"F";"BAO_0000218";"organism-based format";"Leishmania pifanoi";"None";"None";"None";"None";"";"";"";"CHEMBL612914";"Leishmania pifanoi";"Leishmania pifanoi";"ORGANISM";"CHEMBL4346674";"1";"Scientific Literature";"Eur J Med Chem";"2019";"None";"";"";""
"CHEMBL4566783";"";"None";"317.44";"0";"4.56";"12b";"NCCCCNc1cc(/C=C/c2ccccc2)nc2ccccc12";"IC50";"'>'";"25000.0";"nM";"";"";"";"UO_0000065";"";"";"";"";"0";"CHEMBL4347989";"Antileishmanial activity against Leishmania pifanoi MHOM-ET-67/L82 axenic amastigotes incubated for 96 hrs by MTT assay";"F";"BAO_0000218";"organism-based format";"Leishmania pifanoi";"None";"None";"None";"None";"";"";"";"CHEMBL612914";"Leishmania pifanoi";"Leishmania pifanoi";"ORGANISM";"CHEMBL4346674";"1";"Scientific Literature";"Eur J Med Chem";"2019";"None";"";"";""
"CHEMBL4528103";"";"None";"402.54";"0";"4.28";"14b";"CCN(CC)CC(=O)NCCNc1cc(/C=C/c2ccccc2)nc2ccccc12";"IC50";"'='";"900.0";"nM";"6.05";"";"";"UO_0000065";"";"";"";"";"0";"CHEMBL4347989";"Antileishmanial activity against Leishmania pifanoi MHOM-ET-67/L82 axenic amastigotes incubated for 96 hrs by MTT assay";"F";"BAO_0000218";"organism-based format";"Leishmania pifanoi";"None";"None";"None";"None";"";"";"";"CHEMBL612914";"Leishmania pifanoi";"Leishmania pifanoi";"ORGANISM";"CHEMBL4346674";"1";"Scientific Literature";"Eur J Med Chem";"2019";"None";"";"";""
"CHEMBL4438090";"";"None";"428.58";"0";"4.81";"14h";"O=C(CN1CCCC1)NCCCCNc1cc(/C=C/c2ccccc2)nc2ccccc12";"IC50";"'='";"5300.0";"nM";"5.28";"";"";"UO_0000065";"";"";"";"";"0";"CHEMBL4347989";"Antileishmanial activity against Leishmania pifanoi MHOM-ET-67/L82 axenic amastigotes incubated for 96 hrs by MTT assay";"F";"BAO_0000218";"organism-based format";"Leishmania pifanoi";"None";"None";"None";"None";"";"";"";"CHEMBL612914";"Leishmania pifanoi";"Leishmania pifanoi";"ORGANISM";"CHEMBL4346674";"1";"Scientific Literature";"Eur J Med Chem";"2019";"None";"";"";""
"CHEMBL4536369";"";"None";"422.53";"1";"5.05";"14i";"O=C(CNc1ccccc1)NCCNc1cc(/C=C/c2ccccc2)nc2ccccc12";"IC50";"'='";"4300.0";"nM";"5.37";"";"";"UO_0000065";"";"";"";"";"0";"CHEMBL4347989";"Antileishmanial activity against Leishmania pifanoi MHOM-ET-67/L82 axenic amastigotes incubated for 96 hrs by MTT assay";"F";"BAO_0000218";"organism-based format";"Leishmania pifanoi";"None";"None";"None";"None";"";"";"";"CHEMBL612914";"Leishmania pifanoi";"Leishmania pifanoi";"ORGANISM";"CHEMBL4346674";"1";"Scientific Literature";"Eur J Med Chem";"2019";"None";"";"";""
"CHEMBL4454153";"";"None";"246.31";"0";"3.99";"20";"Nc1cc(/C=C/c2ccccc2)nc2ccccc12";"IC50";"'='";"8900.0";"nM";"5.05";"";"";"UO_0000065";"";"";"";"";"0";"CHEMBL4347989";"Antileishmanial activity against Leishmania pifanoi MHOM-ET-67/L82 axenic amastigotes incubated for 96 hrs by MTT assay";"F";"BAO_0000218";"organism-based format";"Leishmania pifanoi";"None";"None";"None";"None";"";"";"";"CHEMBL612914";"Leishmania pifanoi";"Leishmania pifanoi";"ORGANISM";"CHEMBL4346674";"1";"Scientific Literature";"Eur J Med Chem";"2019";"None";"";"";""
"CHEMBL4553521";"";"None";"450.59";"1";"5.83";"14j";"O=C(CNc1ccccc1)NCCCCNc1cc(/C=C/c2ccccc2)nc2ccccc12";"IC50";"'='";"6900.0";"nM";"5.16";"";"";"UO_0000065";"";"";"";"";"0";"CHEMBL4347989";"Antileishmanial activity against Leishmania pifanoi MHOM-ET-67/L82 axenic amastigotes incubated for 96 hrs by MTT assay";"F";"BAO_0000218";"organism-based format";"Leishmania pifanoi";"None";"None";"None";"None";"";"";"";"CHEMBL612914";"Leishmania pifanoi";"Leishmania pifanoi";"ORGANISM";"CHEMBL4346674";"1";"Scientific Literature";"Eur J Med Chem";"2019";"None";"";"";""
"CHEMBL4559575";"";"None";"417.55";"1";"6.12";"11b";"CC(C)(C)OC(=O)NCCCCNc1cc(/C=C/c2ccccc2)nc2ccccc12";"IC50";"'='";"4900.0";"nM";"5.31";"";"";"UO_0000065";"";"";"";"";"0";"CHEMBL4347989";"Antileishmanial activity against Leishmania pifanoi MHOM-ET-67/L82 axenic amastigotes incubated for 96 hrs by MTT assay";"F";"BAO_0000218";"organism-based format";"Leishmania pifanoi";"None";"None";"None";"None";"";"";"";"CHEMBL612914";"Leishmania pifanoi";"Leishmania pifanoi";"ORGANISM";"CHEMBL4346674";"1";"Scientific Literature";"Eur J Med Chem";"2019";"None";"";"";""
"CHEMBL4449677";"";"None";"491.64";"0";"4.76";"14g";"O=C(CN1CCN(c2ccccc2)CC1)NCCNc1cc(/C=C/c2ccccc2)nc2ccccc12";"IC50";"'='";"1500.0";"nM";"5.82";"";"";"UO_0000065";"";"";"";"";"0";"CHEMBL4347989";"Antileishmanial activity against Leishmania pifanoi MHOM-ET-67/L82 axenic amastigotes incubated for 96 hrs by MTT assay";"F";"BAO_0000218";"organism-based format";"Leishmania pifanoi";"None";"None";"None";"None";"";"";"";"CHEMBL612914";"Leishmania pifanoi";"Leishmania pifanoi";"ORGANISM";"CHEMBL4346674";"1";"Scientific Literature";"Eur J Med Chem";"2019";"None";"";"";""
"CHEMBL4533464";"";"None";"346.43";"1";"6.55";"22";"C(=C/c1cc(-c2c[nH]c3ccccc23)c2ccccc2n1)\c1ccccc1";"IC50";"'='";"1000.0";"nM";"6.00";"";"";"UO_0000065";"";"";"";"";"0";"CHEMBL4347989";"Antileishmanial activity against Leishmania pifanoi MHOM-ET-67/L82 axenic amastigotes incubated for 96 hrs by MTT assay";"F";"BAO_0000218";"organism-based format";"Leishmania pifanoi";"None";"None";"None";"None";"";"";"";"CHEMBL612914";"Leishmania pifanoi";"Leishmania pifanoi";"ORGANISM";"CHEMBL4346674";"1";"Scientific Literature";"Eur J Med Chem";"2019";"None";"";"";""
