"Molecule ChEMBL ID";"Molecule Name";"Molecule Max Phase";"Molecular Weight";"#RO5 Violations";"AlogP";"Compound Key";"Smiles";"Standard Type";"Standard Relation";"Standard Value";"Standard Units";"pChEMBL Value";"Data Validity Comment";"Comment";"Uo Units";"Ligand Efficiency BEI";"Ligand Efficiency LE";"Ligand Efficiency LLE";"Ligand Efficiency SEI";"Potential Duplicate";"Assay ChEMBL ID";"Assay Description";"Assay Type";"BAO Format ID";"BAO Label";"Assay Organism";"Assay Tissue ChEMBL ID";"Assay Tissue Name";"Assay Cell Type";"Assay Subcellular Fraction";"Assay Parameters";"Assay Variant Accession";"Assay Variant Mutation";"Target ChEMBL ID";"Target Name";"Target Organism";"Target Type";"Document ChEMBL ID";"Source ID";"Source Description";"Document Journal";"Document Year";"Cell ChEMBL ID";"Properties";"Action Type";"Standard Text Value"
"CHEMBL222707";"";"None";"303.39";"0";"2.87";"21";"CCCc1cc(O)nc(SCC(=O)Nc2ccccc2)n1";"Activity";"";"";"";"";"";"Not Active";"";"";"";"";"";"0";"CHEMBL919608";"Inhibition of Leishmania donovani cysteine protease";"B";"BAO_0000357";"single protein format";"Leishmania donovani";"None";"None";"None";"None";"";"";"";"CHEMBL4751";"Cysteine protease";"Leishmania donovani";"SINGLE PROTEIN";"CHEMBL1149285";"1";"Scientific Literature";"J Med Chem";"2004";"None";"";"";""
"CHEMBL224915";"";"None";"347.34";"0";"0.81";"17";"O=C(Cn1nnc(-c2ccccc2)n1)N/N=C1\C(=O)Nc2ccccc21";"IC50";"'='";"129500.0";"nM";"";"Outside typical range";"";"UO_0000065";"";"";"";"";"0";"CHEMBL919608";"Inhibition of Leishmania donovani cysteine protease";"B";"BAO_0000357";"single protein format";"Leishmania donovani";"None";"None";"None";"None";"";"";"";"CHEMBL4751";"Cysteine protease";"Leishmania donovani";"SINGLE PROTEIN";"CHEMBL1149285";"1";"Scientific Literature";"J Med Chem";"2004";"None";"";"";""
"CHEMBL222708";"";"None";"353.40";"0";"2.89";"22";"O=C(CSc1ccc2ccccc2n1)N/N=C/c1ccc(O)cc1O";"Activity";"";"";"";"";"";"Not Active";"";"";"";"";"";"0";"CHEMBL919608";"Inhibition of Leishmania donovani cysteine protease";"B";"BAO_0000357";"single protein format";"Leishmania donovani";"None";"None";"None";"None";"";"";"";"CHEMBL4751";"Cysteine protease";"Leishmania donovani";"SINGLE PROTEIN";"CHEMBL1149285";"1";"Scientific Literature";"J Med Chem";"2004";"None";"";"";""
"CHEMBL296588";"PEPSTATIN";"2.0";"685.90";"2";"1.47";"pepstatin";"CC(C)CC(=O)N[C@H](C(=O)N[C@H](C(=O)N[C@@H](CC(C)C)[C@@H](O)CC(=O)N[C@@H](C)C(=O)N[C@@H](CC(C)C)[C@@H](O)CC(=O)O)C(C)C)C(C)C";"IC50";"'='";"160.0";"nM";"6.80";"";"";"UO_0000065";"9.91";"0.19";"5.33";"3.04";"0";"CHEMBL919608";"Inhibition of Leishmania donovani cysteine protease";"B";"BAO_0000357";"single protein format";"Leishmania donovani";"None";"None";"None";"None";"";"";"";"CHEMBL4751";"Cysteine protease";"Leishmania donovani";"SINGLE PROTEIN";"CHEMBL1149285";"1";"Scientific Literature";"J Med Chem";"2004";"None";"";"";""
"CHEMBL221991";"";"None";"396.43";"0";"0.22";"7";"O=C(NCc1ccc(/C=c2/sc3n(c2=O)CCN=3)o1)C(=O)Nc1ccccc1";"Activity";"";"";"";"";"";"Not Active";"";"";"";"";"";"0";"CHEMBL919608";"Inhibition of Leishmania donovani cysteine protease";"B";"BAO_0000357";"single protein format";"Leishmania donovani";"None";"None";"None";"None";"";"";"";"CHEMBL4751";"Cysteine protease";"Leishmania donovani";"SINGLE PROTEIN";"CHEMBL1149285";"1";"Scientific Literature";"J Med Chem";"2004";"None";"";"";""
"CHEMBL224803";"";"None";"379.41";"0";"1.37";"10";"O=C(CSc1nnnn1-c1ccccc1)Nc1ccc(-n2cnnn2)cc1";"Activity";"";"";"";"";"";"Not Active";"";"";"";"";"";"0";"CHEMBL919608";"Inhibition of Leishmania donovani cysteine protease";"B";"BAO_0000357";"single protein format";"Leishmania donovani";"None";"None";"None";"None";"";"";"";"CHEMBL4751";"Cysteine protease";"Leishmania donovani";"SINGLE PROTEIN";"CHEMBL1149285";"1";"Scientific Literature";"J Med Chem";"2004";"None";"";"";""
"CHEMBL222871";"";"None";"402.41";"0";"2.63";"3";"O=C(N/N=C/c1ccc(/C=N/NC(=O)c2ccccc2O)cc1)c1ccccc1O";"Activity";"";"";"";"";"";"Not Active";"";"";"";"";"";"0";"CHEMBL919608";"Inhibition of Leishmania donovani cysteine protease";"B";"BAO_0000357";"single protein format";"Leishmania donovani";"None";"None";"None";"None";"";"";"";"CHEMBL4751";"Cysteine protease";"Leishmania donovani";"SINGLE PROTEIN";"CHEMBL1149285";"1";"Scientific Literature";"J Med Chem";"2004";"None";"";"";""
"CHEMBL373909";"";"None";"269.33";"0";"3.65";"15";"Oc1ccc(Nc2nc(-c3cccnc3)cs2)cc1";"Activity";"";"";"";"";"";"Not Active";"";"";"";"";"";"0";"CHEMBL919608";"Inhibition of Leishmania donovani cysteine protease";"B";"BAO_0000357";"single protein format";"Leishmania donovani";"None";"None";"None";"None";"";"";"";"CHEMBL4751";"Cysteine protease";"Leishmania donovani";"SINGLE PROTEIN";"CHEMBL1149285";"1";"Scientific Literature";"J Med Chem";"2004";"None";"";"";""
"CHEMBL374510";"";"None";"354.34";"0";"2.21";"13";"N#CCC(=O)N/N=C\c1ccc(OCC(=O)Nc2ccc(F)cc2)cc1";"Activity";"";"";"";"";"";"Not Active";"";"";"";"";"";"0";"CHEMBL919608";"Inhibition of Leishmania donovani cysteine protease";"B";"BAO_0000357";"single protein format";"Leishmania donovani";"None";"None";"None";"None";"";"";"";"CHEMBL4751";"Cysteine protease";"Leishmania donovani";"SINGLE PROTEIN";"CHEMBL1149285";"1";"Scientific Literature";"J Med Chem";"2004";"None";"";"";""
"CHEMBL221471";"";"None";"365.40";"0";"2.11";"23";"OC[C@@H](O)/C=N/Nc1nc(Nc2ccccc2)nc(Nc2ccccc2)n1";"Activity";"";"";"";"";"";"Not Active";"";"";"";"";"";"0";"CHEMBL919608";"Inhibition of Leishmania donovani cysteine protease";"B";"BAO_0000357";"single protein format";"Leishmania donovani";"None";"None";"None";"None";"";"";"";"CHEMBL4751";"Cysteine protease";"Leishmania donovani";"SINGLE PROTEIN";"CHEMBL1149285";"1";"Scientific Literature";"J Med Chem";"2004";"None";"";"";""
"CHEMBL222709";"";"None";"384.41";"0";"3.15";"24";"O=C(Nc1cccc(O)c1)c1cccc(S(=O)(=O)Nc2cccc(O)c2)c1";"Activity";"";"";"";"";"";"Not Active";"";"";"";"";"";"0";"CHEMBL919608";"Inhibition of Leishmania donovani cysteine protease";"B";"BAO_0000357";"single protein format";"Leishmania donovani";"None";"None";"None";"None";"";"";"";"CHEMBL4751";"Cysteine protease";"Leishmania donovani";"SINGLE PROTEIN";"CHEMBL1149285";"1";"Scientific Literature";"J Med Chem";"2004";"None";"";"";""
"CHEMBL222325";"";"None";"398.42";"1";"5.16";"5";"Oc1cccc(/C=N\c2cccc3c(/N=C/c4cccc(O)c4O)cccc23)c1O";"IC50";"'='";"112900.0";"nM";"";"Outside typical range";"";"UO_0000065";"";"";"";"";"0";"CHEMBL919608";"Inhibition of Leishmania donovani cysteine protease";"B";"BAO_0000357";"single protein format";"Leishmania donovani";"None";"None";"None";"None";"";"";"";"CHEMBL4751";"Cysteine protease";"Leishmania donovani";"SINGLE PROTEIN";"CHEMBL1149285";"1";"Scientific Literature";"J Med Chem";"2004";"None";"";"";""
"CHEMBL374367";"";"None";"300.31";"0";"2.05";"14";"Oc1ccc(/C=N/CC/N=C/c2ccc(O)cc2O)c(O)c1";"Activity";"";"";"";"";"";"Not Active";"";"";"";"";"";"0";"CHEMBL919608";"Inhibition of Leishmania donovani cysteine protease";"B";"BAO_0000357";"single protein format";"Leishmania donovani";"None";"None";"None";"None";"";"";"";"CHEMBL4751";"Cysteine protease";"Leishmania donovani";"SINGLE PROTEIN";"CHEMBL1149285";"1";"Scientific Literature";"J Med Chem";"2004";"None";"";"";""
"CHEMBL224858";"";"None";"382.51";"0";"1.89";"11";"CCCS(=O)(=O)N1CCN(S(=O)(=O)c2ccc3ccccc3c2)CC1";"Activity";"";"";"";"";"";"Not Active";"";"";"";"";"";"0";"CHEMBL919608";"Inhibition of Leishmania donovani cysteine protease";"B";"BAO_0000357";"single protein format";"Leishmania donovani";"None";"None";"None";"None";"";"";"";"CHEMBL4751";"Cysteine protease";"Leishmania donovani";"SINGLE PROTEIN";"CHEMBL1149285";"1";"Scientific Literature";"J Med Chem";"2004";"None";"";"";""
"CHEMBL224801";"";"None";"402.41";"0";"3.98";"1";"O=C(O)c1ccccc1N/N=C/c1ccc(/C=N/Nc2ccccc2C(=O)O)cc1";"IC50";"'='";"72000.0";"nM";"4.14";"";"";"UO_0000065";"10.29";"0.19";"0.16";"3.36";"0";"CHEMBL919608";"Inhibition of Leishmania donovani cysteine protease";"B";"BAO_0000357";"single protein format";"Leishmania donovani";"None";"None";"None";"None";"";"";"";"CHEMBL4751";"Cysteine protease";"Leishmania donovani";"SINGLE PROTEIN";"CHEMBL1149285";"1";"Scientific Literature";"J Med Chem";"2004";"None";"";"";""
"CHEMBL204200";"";"None";"426.43";"0";"2.11";"19";"O=C(N[C@@H](COCc1ccccc1)C(=O)ON1C(=O)CCC1=O)OCc1ccccc1";"IC50";"'='";"23500.0";"nM";"4.63";"";"";"UO_0000065";"10.86";"0.20";"2.52";"4.16";"0";"CHEMBL862349";"Inhibition of Leishmania donovani cysteine protease";"B";"BAO_0000357";"single protein format";"Leishmania donovani";"None";"None";"None";"None";"";"";"";"CHEMBL4751";"Cysteine protease";"Leishmania donovani";"SINGLE PROTEIN";"CHEMBL1138178";"1";"Scientific Literature";"J Med Chem";"2006";"None";"";"";""
"CHEMBL204036";"";"None";"401.89";"0";"1.70";"20";"O=C(CS(=O)(=O)c1ccc(Cl)cc1)NCCS(=O)(=O)c1ccccc1";"IC50";"'='";"24900.0";"nM";"4.60";"";"";"UO_0000065";"11.46";"0.25";"2.90";"4.73";"0";"CHEMBL862349";"Inhibition of Leishmania donovani cysteine protease";"B";"BAO_0000357";"single protein format";"Leishmania donovani";"None";"None";"None";"None";"";"";"";"CHEMBL4751";"Cysteine protease";"Leishmania donovani";"SINGLE PROTEIN";"CHEMBL1138178";"1";"Scientific Literature";"J Med Chem";"2006";"None";"";"";""
"CHEMBL222870";"";"None";"382.80";"0";"4.66";"2";"Oc1ccc(/C=N/c2ccc(/N=C/c3ccc(O)cc3O)c(Cl)c2)c(O)c1";"IC50";"'='";"65300.0";"nM";"4.18";"";"";"UO_0000065";"10.93";"0.21";"-0.47";"3.96";"0";"CHEMBL919608";"Inhibition of Leishmania donovani cysteine protease";"B";"BAO_0000357";"single protein format";"Leishmania donovani";"None";"None";"None";"None";"";"";"";"CHEMBL4751";"Cysteine protease";"Leishmania donovani";"SINGLE PROTEIN";"CHEMBL1149285";"1";"Scientific Literature";"J Med Chem";"2004";"None";"";"";""
"CHEMBL191881";"LEUPEPTIN";"None";"426.56";"1";"0.02";"Leupeptin";"CC(=O)N[C@@H](CC(C)C)C(=O)N[C@@H](CC(C)C)C(=O)N[C@H](C=O)CCCNC(=N)N";"IC50";"'='";"10.0";"nM";"8.00";"";"";"UO_0000065";"18.75";"0.36";"7.98";"4.81";"0";"CHEMBL862349";"Inhibition of Leishmania donovani cysteine protease";"B";"BAO_0000357";"single protein format";"Leishmania donovani";"None";"None";"None";"None";"";"";"";"CHEMBL4751";"Cysteine protease";"Leishmania donovani";"SINGLE PROTEIN";"CHEMBL1138178";"1";"Scientific Literature";"J Med Chem";"2006";"None";"";"";""
"CHEMBL381970";"";"None";"348.45";"0";"3.56";"22";"O=C(CSc1nc2ccccc2o1)NCCSCc1ccco1";"IC50";"'='";"43000.0";"nM";"4.37";"";"";"UO_0000065";"12.53";"0.26";"0.81";"6.40";"0";"CHEMBL862349";"Inhibition of Leishmania donovani cysteine protease";"B";"BAO_0000357";"single protein format";"Leishmania donovani";"None";"None";"None";"None";"";"";"";"CHEMBL4751";"Cysteine protease";"Leishmania donovani";"SINGLE PROTEIN";"CHEMBL1138178";"1";"Scientific Literature";"J Med Chem";"2006";"None";"";"";""
"CHEMBL224916";"";"None";"397.42";"0";"1.89";"18";"O=C(Cc1nnc(NC(=O)c2ccccc2)s1)N/N=C\c1ccc(O)c(O)c1";"Activity";"";"";"";"";"";"Not Active";"";"";"";"";"";"0";"CHEMBL919608";"Inhibition of Leishmania donovani cysteine protease";"B";"BAO_0000357";"single protein format";"Leishmania donovani";"None";"None";"None";"None";"";"";"";"CHEMBL4751";"Cysteine protease";"Leishmania donovani";"SINGLE PROTEIN";"CHEMBL1149285";"1";"Scientific Literature";"J Med Chem";"2004";"None";"";"";""
"CHEMBL221833";"";"None";"359.81";"0";"3.22";"9";"Cc1cccc(NC(=O)CCC(=O)N/N=C/c2cc(Cl)ccc2O)c1";"Activity";"";"";"";"";"";"Not Active";"";"";"";"";"";"0";"CHEMBL919608";"Inhibition of Leishmania donovani cysteine protease";"B";"BAO_0000357";"single protein format";"Leishmania donovani";"None";"None";"None";"None";"";"";"";"CHEMBL4751";"Cysteine protease";"Leishmania donovani";"SINGLE PROTEIN";"CHEMBL1149285";"1";"Scientific Literature";"J Med Chem";"2004";"None";"";"";""
"CHEMBL222322";"";"None";"372.40";"0";"2.51";"4";"C/C(=N\NS(=O)(=O)c1ccc(C)cc1)c1c(O)c2ccccc2oc1=O";"Activity";"";"";"";"";"";"Not Active";"";"";"";"";"";"0";"CHEMBL919608";"Inhibition of Leishmania donovani cysteine protease";"B";"BAO_0000357";"single protein format";"Leishmania donovani";"None";"None";"None";"None";"";"";"";"CHEMBL4751";"Cysteine protease";"Leishmania donovani";"SINGLE PROTEIN";"CHEMBL1149285";"1";"Scientific Literature";"J Med Chem";"2004";"None";"";"";""
"CHEMBL426667";"";"None";"446.50";"0";"3.38";"21";"O=C(CNC(=O)OCc1ccccc1)N[C@@H](Cc1ccccc1)C(=O)OCc1ccccc1";"IC50";"'='";"31400.0";"nM";"4.50";"";"";"UO_0000065";"10.09";"0.19";"1.12";"4.80";"0";"CHEMBL862349";"Inhibition of Leishmania donovani cysteine protease";"B";"BAO_0000357";"single protein format";"Leishmania donovani";"None";"None";"None";"None";"";"";"";"CHEMBL4751";"Cysteine protease";"Leishmania donovani";"SINGLE PROTEIN";"CHEMBL1138178";"1";"Scientific Literature";"J Med Chem";"2006";"None";"";"";""
"CHEMBL376232";"";"None";"379.35";"0";"3.26";"19";"CCOP(=O)(CC(=O)NNC(=O)Nc1cccc2ccccc12)OCC";"Activity";"";"";"";"";"";"Not Active";"";"";"";"";"";"0";"CHEMBL919608";"Inhibition of Leishmania donovani cysteine protease";"B";"BAO_0000357";"single protein format";"Leishmania donovani";"None";"None";"None";"None";"";"";"";"CHEMBL4751";"Cysteine protease";"Leishmania donovani";"SINGLE PROTEIN";"CHEMBL1149285";"1";"Scientific Literature";"J Med Chem";"2004";"None";"";"";""
"CHEMBL436500";"";"None";"389.43";"0";"2.15";"6";"COC(=O)c1ccccc1NC(=O)COC(=O)CSc1nc(C)cc(C)n1";"Activity";"";"";"";"";"";"Not Active";"";"";"";"";"";"0";"CHEMBL919608";"Inhibition of Leishmania donovani cysteine protease";"B";"BAO_0000357";"single protein format";"Leishmania donovani";"None";"None";"None";"None";"";"";"";"CHEMBL4751";"Cysteine protease";"Leishmania donovani";"SINGLE PROTEIN";"CHEMBL1149285";"1";"Scientific Literature";"J Med Chem";"2004";"None";"";"";""
"CHEMBL222270";"";"None";"345.38";"0";"1.15";"16";"O=C(CNC(=O)[C@@H]1COc2ccccc2O1)N/N=C/c1cccs1";"Activity";"";"";"";"";"";"Not Active";"";"";"";"";"";"0";"CHEMBL919608";"Inhibition of Leishmania donovani cysteine protease";"B";"BAO_0000357";"single protein format";"Leishmania donovani";"None";"None";"None";"None";"";"";"";"CHEMBL4751";"Cysteine protease";"Leishmania donovani";"SINGLE PROTEIN";"CHEMBL1149285";"1";"Scientific Literature";"J Med Chem";"2004";"None";"";"";""
"CHEMBL426564";"";"None";"399.41";"0";"2.20";"12";"O=C(CN1C(=O)/C(=N\NC(=O)c2ccncc2)c2ccccc21)Nc1ccccc1";"IC50";"'='";"62600.0";"nM";"4.20";"";"";"UO_0000065";"10.52";"0.19";"2.00";"4.05";"0";"CHEMBL919608";"Inhibition of Leishmania donovani cysteine protease";"B";"BAO_0000357";"single protein format";"Leishmania donovani";"None";"None";"None";"None";"";"";"";"CHEMBL4751";"Cysteine protease";"Leishmania donovani";"SINGLE PROTEIN";"CHEMBL1149285";"1";"Scientific Literature";"J Med Chem";"2004";"None";"";"";""
"CHEMBL222706";"";"None";"357.42";"0";"1.36";"20";"OC[C@H](O)/C=N/Nc1nc(Nc2ccccc2)nc(N2CCCCC2)n1";"Activity";"";"";"";"";"";"Not Active";"";"";"";"";"";"0";"CHEMBL919608";"Inhibition of Leishmania donovani cysteine protease";"B";"BAO_0000357";"single protein format";"Leishmania donovani";"None";"None";"None";"None";"";"";"";"CHEMBL4751";"Cysteine protease";"Leishmania donovani";"SINGLE PROTEIN";"CHEMBL1149285";"1";"Scientific Literature";"J Med Chem";"2004";"None";"";"";""
"CHEMBL438659";"";"None";"403.40";"0";"2.02";"8";"O=C(N/N=C/c1ccccc1O)c1cccc(C(=O)N/N=C/c2ccccc2O)n1";"Activity";"";"";"";"";"";"Not Active";"";"";"";"";"";"0";"CHEMBL919608";"Inhibition of Leishmania donovani cysteine protease";"B";"BAO_0000357";"single protein format";"Leishmania donovani";"None";"None";"None";"None";"";"";"";"CHEMBL4751";"Cysteine protease";"Leishmania donovani";"SINGLE PROTEIN";"CHEMBL1149285";"1";"Scientific Literature";"J Med Chem";"2004";"None";"";"";""
