"Molecule ChEMBL ID";"Molecule Name";"Molecule Max Phase";"Molecular Weight";"#RO5 Violations";"AlogP";"Compound Key";"Smiles";"Standard Type";"Standard Relation";"Standard Value";"Standard Units";"pChEMBL Value";"Data Validity Comment";"Comment";"Uo Units";"Ligand Efficiency BEI";"Ligand Efficiency LE";"Ligand Efficiency LLE";"Ligand Efficiency SEI";"Potential Duplicate";"Assay ChEMBL ID";"Assay Description";"Assay Type";"BAO Format ID";"BAO Label";"Assay Organism";"Assay Tissue ChEMBL ID";"Assay Tissue Name";"Assay Cell Type";"Assay Subcellular Fraction";"Assay Parameters";"Assay Variant Accession";"Assay Variant Mutation";"Target ChEMBL ID";"Target Name";"Target Organism";"Target Type";"Document ChEMBL ID";"Source ID";"Source Description";"Document Journal";"Document Year";"Cell ChEMBL ID";"Properties";"Action Type";"Standard Text Value"
"CHEMBL194269";"";"None";"459.40";"0";"2.04";"2a";"O=c1ccn(C2CC(O)C(CNP(=O)(Oc3ccccc3)Oc3ccccc3)O2)c(=O)[nH]1";"Ki";"'>'";"1000000.0";"nM";"";"Outside typical range";"";"UO_0000065";"";"";"";"";"0";"CHEMBL884808";"Inhibitory constant against Leishmania major deoxyuridine 5'-triphosphate nucleotidohydrolase";"B";"BAO_0000357";"single protein format";"Leishmania major";"None";"None";"None";"None";"";"";"";"CHEMBL4418";"dUTP pyrophosphatase";"Leishmania major";"SINGLE PROTEIN";"CHEMBL1140411";"1";"Scientific Literature";"J Med Chem";"2005";"None";"";"";""
"CHEMBL3143775";"";"None";"460.38";"0";"2.47";"1a";"O=c1ccn([C@H]2C[C@H](O)[C@@H](COP(=O)(Oc3ccccc3)Oc3ccccc3)O2)c(=O)[nH]1";"Ki";"'>'";"1000000.0";"nM";"";"Outside typical range";"";"UO_0000065";"";"";"";"";"0";"CHEMBL884808";"Inhibitory constant against Leishmania major deoxyuridine 5'-triphosphate nucleotidohydrolase";"B";"BAO_0000357";"single protein format";"Leishmania major";"None";"None";"None";"None";"";"";"";"CHEMBL4418";"dUTP pyrophosphatase";"Leishmania major";"SINGLE PROTEIN";"CHEMBL1140411";"1";"Scientific Literature";"J Med Chem";"2005";"None";"";"";""
"CHEMBL3143785";"";"None";"384.55";"None";"None";"1k";"CC(C)[Si](OC[C@H]1O[C@@H](n2ccc(=O)[nH]c2=O)C[C@@H]1O)(C(C)C)C(C)C";"Ki";"'>'";"1000000.0";"nM";"";"Outside typical range";"";"UO_0000065";"";"";"";"";"0";"CHEMBL884808";"Inhibitory constant against Leishmania major deoxyuridine 5'-triphosphate nucleotidohydrolase";"B";"BAO_0000357";"single protein format";"Leishmania major";"None";"None";"None";"None";"";"";"";"CHEMBL4418";"dUTP pyrophosphatase";"Leishmania major";"SINGLE PROTEIN";"CHEMBL1140411";"1";"Scientific Literature";"J Med Chem";"2005";"None";"";"";""
"CHEMBL175267";"";"None";"227.22";"0";"-1.86";"2k";"NCC1OC(n2ccc(=O)[nH]c2=O)CC1O";"Ki";"'>'";"1000000.0";"nM";"";"Outside typical range";"";"UO_0000065";"";"";"";"";"0";"CHEMBL884808";"Inhibitory constant against Leishmania major deoxyuridine 5'-triphosphate nucleotidohydrolase";"B";"BAO_0000357";"single protein format";"Leishmania major";"None";"None";"None";"None";"";"";"";"CHEMBL4418";"dUTP pyrophosphatase";"Leishmania major";"SINGLE PROTEIN";"CHEMBL1140411";"1";"Scientific Literature";"J Med Chem";"2005";"None";"";"";""
"CHEMBL198661";"";"None";"442.36";"0";"3.27";"5a";"O=c1ccn(C2C=CC(COP(=O)(Oc3ccccc3)Oc3ccccc3)O2)c(=O)[nH]1";"Ki";"'>'";"1000000.0";"nM";"";"Outside typical range";"";"UO_0000065";"";"";"";"";"0";"CHEMBL884808";"Inhibitory constant against Leishmania major deoxyuridine 5'-triphosphate nucleotidohydrolase";"B";"BAO_0000357";"single protein format";"Leishmania major";"None";"None";"None";"None";"";"";"";"CHEMBL4418";"dUTP pyrophosphatase";"Leishmania major";"SINGLE PROTEIN";"CHEMBL1140411";"1";"Scientific Literature";"J Med Chem";"2005";"None";"";"";""
"CHEMBL194479";"";"None";"332.29";"0";"-2.08";"5b";"NS(=O)(=O)NC(=O)OCC1C=CC(n2ccc(=O)[nH]c2=O)O1";"Ki";"'>'";"1000000.0";"nM";"";"Outside typical range";"";"UO_0000065";"";"";"";"";"0";"CHEMBL884808";"Inhibitory constant against Leishmania major deoxyuridine 5'-triphosphate nucleotidohydrolase";"B";"BAO_0000357";"single protein format";"Leishmania major";"None";"None";"None";"None";"";"";"";"CHEMBL4418";"dUTP pyrophosphatase";"Leishmania major";"SINGLE PROTEIN";"CHEMBL1140411";"1";"Scientific Literature";"J Med Chem";"2005";"None";"";"";""
"CHEMBL198656";"";"None";"324.45";"None";"None";"5f";"CC(C)(C)[Si](C)(C)OCC1C=CC(n2ccc(=O)[nH]c2=O)O1";"Ki";"'>'";"1000000.0";"nM";"";"Outside typical range";"";"UO_0000065";"";"";"";"";"0";"CHEMBL884808";"Inhibitory constant against Leishmania major deoxyuridine 5'-triphosphate nucleotidohydrolase";"B";"BAO_0000357";"single protein format";"Leishmania major";"None";"None";"None";"None";"";"";"";"CHEMBL4418";"dUTP pyrophosphatase";"Leishmania major";"SINGLE PROTEIN";"CHEMBL1140411";"1";"Scientific Literature";"J Med Chem";"2005";"None";"";"";""
"CHEMBL3143780";"";"None";"332.31";"0";"0.04";"1f";"O=C(OC[C@H]1O[C@@H](n2ccc(=O)[nH]c2=O)C[C@@H]1O)c1ccccc1";"Ki";"'>'";"1000000.0";"nM";"";"Outside typical range";"";"UO_0000065";"";"";"";"";"0";"CHEMBL884808";"Inhibitory constant against Leishmania major deoxyuridine 5'-triphosphate nucleotidohydrolase";"B";"BAO_0000357";"single protein format";"Leishmania major";"None";"None";"None";"None";"";"";"";"CHEMBL4418";"dUTP pyrophosphatase";"Leishmania major";"SINGLE PROTEIN";"CHEMBL1140411";"1";"Scientific Literature";"J Med Chem";"2005";"None";"";"";""
"CHEMBL513890";"";"None";"466.61";"None";"None";"1l";"CC(C)(C)[Si](OC[C@H]1O[C@@H](n2ccc(=O)[nH]c2=O)C[C@@H]1O)(c1ccccc1)c1ccccc1";"Ki";"'>'";"1000000.0";"nM";"";"Outside typical range";"";"UO_0000065";"";"";"";"";"0";"CHEMBL884808";"Inhibitory constant against Leishmania major deoxyuridine 5'-triphosphate nucleotidohydrolase";"B";"BAO_0000357";"single protein format";"Leishmania major";"None";"None";"None";"None";"";"";"";"CHEMBL4418";"dUTP pyrophosphatase";"Leishmania major";"SINGLE PROTEIN";"CHEMBL1140411";"1";"Scientific Literature";"J Med Chem";"2005";"None";"";"";""
"CHEMBL3143777";"";"None";"406.33";"0";"-0.01";"1c";"CCOP(=O)(CC(=O)OC[C@H]1O[C@@H](n2ccc(=O)[nH]c2=O)C[C@@H]1O)OCC";"Ki";"'>'";"1000000.0";"nM";"";"Outside typical range";"";"UO_0000065";"";"";"";"";"0";"CHEMBL884808";"Inhibitory constant against Leishmania major deoxyuridine 5'-triphosphate nucleotidohydrolase";"B";"BAO_0000357";"single protein format";"Leishmania major";"None";"None";"None";"None";"";"";"";"CHEMBL4418";"dUTP pyrophosphatase";"Leishmania major";"SINGLE PROTEIN";"CHEMBL1140411";"1";"Scientific Literature";"J Med Chem";"2005";"None";"";"";""
"CHEMBL197449";"";"None";"573.66";"None";"None";"3i";"CC(C)(C)[Si](C)(C)OC1CC(n2ccc(=O)[nH]c2=O)OC1CNP(=O)(Oc1ccccc1)Oc1ccccc1";"Ki";"'>'";"1000000.0";"nM";"";"Outside typical range";"";"UO_0000065";"";"";"";"";"0";"CHEMBL884808";"Inhibitory constant against Leishmania major deoxyuridine 5'-triphosphate nucleotidohydrolase";"B";"BAO_0000357";"single protein format";"Leishmania major";"None";"None";"None";"None";"";"";"";"CHEMBL4418";"dUTP pyrophosphatase";"Leishmania major";"SINGLE PROTEIN";"CHEMBL1140411";"1";"Scientific Literature";"J Med Chem";"2005";"None";"";"";""
"CHEMBL3143770";"";"None";"574.64";"None";"None";"3a";"CC(C)(C)[Si](C)(C)O[C@H]1C[C@H](n2ccc(=O)[nH]c2=O)O[C@@H]1COP(=O)(Oc1ccccc1)Oc1ccccc1";"Ki";"'='";"116000.0";"nM";"";"Outside typical range";"";"UO_0000065";"";"";"";"";"0";"CHEMBL884808";"Inhibitory constant against Leishmania major deoxyuridine 5'-triphosphate nucleotidohydrolase";"B";"BAO_0000357";"single protein format";"Leishmania major";"None";"None";"None";"None";"";"";"";"CHEMBL4418";"dUTP pyrophosphatase";"Leishmania major";"SINGLE PROTEIN";"CHEMBL1140411";"1";"Scientific Literature";"J Med Chem";"2005";"None";"";"";""
"CHEMBL3143771";"";"None";"478.56";"None";"None";"3b";"CCOP(=O)(OCC)OC[C@H]1O[C@@H](n2ccc(=O)[nH]c2=O)C[C@@H]1O[Si](C)(C)C(C)(C)C";"Ki";"'>'";"1000000.0";"nM";"";"Outside typical range";"";"UO_0000065";"";"";"";"";"0";"CHEMBL884808";"Inhibitory constant against Leishmania major deoxyuridine 5'-triphosphate nucleotidohydrolase";"B";"BAO_0000357";"single protein format";"Leishmania major";"None";"None";"None";"None";"";"";"";"CHEMBL4418";"dUTP pyrophosphatase";"Leishmania major";"SINGLE PROTEIN";"CHEMBL1140411";"1";"Scientific Literature";"J Med Chem";"2005";"None";"";"";""
"CHEMBL3143774";"";"None";"421.55";"None";"None";"3e";"CC(C)(C)[Si](C)(C)O[C@H]1C[C@H](n2ccc(=O)[nH]c2=O)O[C@@H]1COS(N)(=O)=O";"Ki";"'>'";"1000000.0";"nM";"";"Outside typical range";"";"UO_0000065";"";"";"";"";"0";"CHEMBL884808";"Inhibitory constant against Leishmania major deoxyuridine 5'-triphosphate nucleotidohydrolase";"B";"BAO_0000357";"single protein format";"Leishmania major";"None";"None";"None";"None";"";"";"";"CHEMBL4418";"dUTP pyrophosphatase";"Leishmania major";"SINGLE PROTEIN";"CHEMBL1140411";"1";"Scientific Literature";"J Med Chem";"2005";"None";"";"";""
"CHEMBL89637";"";"None";"210.19";"0";"-1.02";"5i";"O=c1ccn([C@H]2C=C[C@@H](CO)O2)c(=O)[nH]1";"Ki";"'>'";"1000000.0";"nM";"";"Outside typical range";"";"UO_0000065";"";"";"";"";"0";"CHEMBL884808";"Inhibitory constant against Leishmania major deoxyuridine 5'-triphosphate nucleotidohydrolase";"B";"BAO_0000357";"single protein format";"Leishmania major";"None";"None";"None";"None";"";"";"";"CHEMBL4418";"dUTP pyrophosphatase";"Leishmania major";"SINGLE PROTEIN";"CHEMBL1140411";"1";"Scientific Literature";"J Med Chem";"2005";"None";"";"";""
"CHEMBL197951";"";"None";"472.52";"0";"4.17";"4e";"O=c1ccn(C2CC(F)C(COC(c3ccccc3)(c3ccccc3)c3ccccc3)O2)c(=O)[nH]1";"Ki";"'='";"177000.0";"nM";"";"Outside typical range";"";"UO_0000065";"";"";"";"";"0";"CHEMBL884808";"Inhibitory constant against Leishmania major deoxyuridine 5'-triphosphate nucleotidohydrolase";"B";"BAO_0000357";"single protein format";"Leishmania major";"None";"None";"None";"None";"";"";"";"CHEMBL4418";"dUTP pyrophosphatase";"Leishmania major";"SINGLE PROTEIN";"CHEMBL1140411";"1";"Scientific Literature";"J Med Chem";"2005";"None";"";"";""
"CHEMBL198043";"";"None";"372.42";"0";"1.75";"5d";"O=C(OCC1C=CC(n2ccc(=O)[nH]c2=O)O1)C12CC3CCCC(C1)C3C2";"Ki";"'='";"433000.0";"nM";"";"Outside typical range";"";"UO_0000065";"";"";"";"";"0";"CHEMBL884808";"Inhibitory constant against Leishmania major deoxyuridine 5'-triphosphate nucleotidohydrolase";"B";"BAO_0000357";"single protein format";"Leishmania major";"None";"None";"None";"None";"";"";"";"CHEMBL4418";"dUTP pyrophosphatase";"Leishmania major";"SINGLE PROTEIN";"CHEMBL1140411";"1";"Scientific Literature";"J Med Chem";"2005";"None";"";"";""
"CHEMBL194902";"";"None";"269.26";"0";"-1.68";"2d";"CC(=O)NCC1OC(n2ccc(=O)[nH]c2=O)CC1O";"Ki";"'>'";"1000000.0";"nM";"";"Outside typical range";"";"UO_0000065";"";"";"";"";"0";"CHEMBL884808";"Inhibitory constant against Leishmania major deoxyuridine 5'-triphosphate nucleotidohydrolase";"B";"BAO_0000357";"single protein format";"Leishmania major";"None";"None";"None";"None";"";"";"";"CHEMBL4418";"dUTP pyrophosphatase";"Leishmania major";"SINGLE PROTEIN";"CHEMBL1140411";"1";"Scientific Literature";"J Med Chem";"2005";"None";"";"";""
"CHEMBL3143778";"";"None";"270.24";"0";"-1.25";"1d";"CC(=O)OC[C@H]1O[C@@H](n2ccc(=O)[nH]c2=O)C[C@@H]1O";"Ki";"'>'";"1000000.0";"nM";"";"Outside typical range";"";"UO_0000065";"";"";"";"";"0";"CHEMBL884808";"Inhibitory constant against Leishmania major deoxyuridine 5'-triphosphate nucleotidohydrolase";"B";"BAO_0000357";"single protein format";"Leishmania major";"None";"None";"None";"None";"";"";"";"CHEMBL4418";"dUTP pyrophosphatase";"Leishmania major";"SINGLE PROTEIN";"CHEMBL1140411";"1";"Scientific Literature";"J Med Chem";"2005";"None";"";"";""
"CHEMBL372635";"";"None";"311.34";"0";"-0.51";"2e";"CCCCC(=O)NCC1OC(n2ccc(=O)[nH]c2=O)CC1O";"Ki";"'>'";"1000000.0";"nM";"";"Outside typical range";"";"UO_0000065";"";"";"";"";"0";"CHEMBL884808";"Inhibitory constant against Leishmania major deoxyuridine 5'-triphosphate nucleotidohydrolase";"B";"BAO_0000357";"single protein format";"Leishmania major";"None";"None";"None";"None";"";"";"";"CHEMBL4418";"dUTP pyrophosphatase";"Leishmania major";"SINGLE PROTEIN";"CHEMBL1140411";"1";"Scientific Literature";"J Med Chem";"2005";"None";"";"";""
"CHEMBL371690";"";"None";"448.60";"None";"None";"5g";"CC(C)(C)[Si](OCC1C=CC(n2ccc(=O)[nH]c2=O)O1)(c1ccccc1)c1ccccc1";"Ki";"'='";"178000.0";"nM";"";"Outside typical range";"";"UO_0000065";"";"";"";"";"0";"CHEMBL884808";"Inhibitory constant against Leishmania major deoxyuridine 5'-triphosphate nucleotidohydrolase";"B";"BAO_0000357";"single protein format";"Leishmania major";"None";"None";"None";"None";"";"";"";"CHEMBL4418";"dUTP pyrophosphatase";"Leishmania major";"SINGLE PROTEIN";"CHEMBL1140411";"1";"Scientific Literature";"J Med Chem";"2005";"None";"";"";""
"CHEMBL438428";"";"None";"470.53";"0";"3.19";"1j";"O=c1ccn([C@H]2C[C@H](O)[C@@H](COC(c3ccccc3)(c3ccccc3)c3ccccc3)O2)c(=O)[nH]1";"Ki";"'>'";"1000000.0";"nM";"";"Outside typical range";"";"UO_0000065";"";"";"";"";"0";"CHEMBL884808";"Inhibitory constant against Leishmania major deoxyuridine 5'-triphosphate nucleotidohydrolase";"B";"BAO_0000357";"single protein format";"Leishmania major";"None";"None";"None";"None";"";"";"";"CHEMBL4418";"dUTP pyrophosphatase";"Leishmania major";"SINGLE PROTEIN";"CHEMBL1140411";"1";"Scientific Literature";"J Med Chem";"2005";"None";"";"";""
"CHEMBL3143773";"";"None";"464.57";"None";"None";"3d";"CC(C)(C)[Si](C)(C)O[C@H]1C[C@H](n2ccc(=O)[nH]c2=O)O[C@@H]1COC(=O)NS(N)(=O)=O";"Ki";"'>'";"1000000.0";"nM";"";"Outside typical range";"";"UO_0000065";"";"";"";"";"0";"CHEMBL884808";"Inhibitory constant against Leishmania major deoxyuridine 5'-triphosphate nucleotidohydrolase";"B";"BAO_0000357";"single protein format";"Leishmania major";"None";"None";"None";"None";"";"";"";"CHEMBL4418";"dUTP pyrophosphatase";"Leishmania major";"SINGLE PROTEIN";"CHEMBL1140411";"1";"Scientific Literature";"J Med Chem";"2005";"None";"";"";""
"CHEMBL3143779";"";"None";"312.32";"0";"-0.08";"1e";"CCCCC(=O)OC[C@H]1O[C@@H](n2ccc(=O)[nH]c2=O)C[C@@H]1O";"Ki";"'>'";"1000000.0";"nM";"";"Outside typical range";"";"UO_0000065";"";"";"";"";"0";"CHEMBL884808";"Inhibitory constant against Leishmania major deoxyuridine 5'-triphosphate nucleotidohydrolase";"B";"BAO_0000357";"single protein format";"Leishmania major";"None";"None";"None";"None";"";"";"";"CHEMBL4418";"dUTP pyrophosphatase";"Leishmania major";"SINGLE PROTEIN";"CHEMBL1140411";"1";"Scientific Literature";"J Med Chem";"2005";"None";"";"";""
"CHEMBL372524";"";"None";"469.54";"0";"2.77";"2j";"O=c1ccn(C2CC(O)C(CNC(c3ccccc3)(c3ccccc3)c3ccccc3)O2)c(=O)[nH]1";"Ki";"'='";"304000.0";"nM";"";"Outside typical range";"";"UO_0000065";"";"";"";"";"0";"CHEMBL884808";"Inhibitory constant against Leishmania major deoxyuridine 5'-triphosphate nucleotidohydrolase";"B";"BAO_0000357";"single protein format";"Leishmania major";"None";"None";"None";"None";"";"";"";"CHEMBL4418";"dUTP pyrophosphatase";"Leishmania major";"SINGLE PROTEIN";"CHEMBL1140411";"1";"Scientific Literature";"J Med Chem";"2005";"None";"";"";""
"CHEMBL3143772";"";"None";"520.59";"None";"None";"3c";"CCOP(=O)(CC(=O)OC[C@H]1O[C@@H](n2ccc(=O)[nH]c2=O)C[C@@H]1O[Si](C)(C)C(C)(C)C)OCC";"Ki";"'>'";"1000000.0";"nM";"";"Outside typical range";"";"UO_0000065";"";"";"";"";"0";"CHEMBL884808";"Inhibitory constant against Leishmania major deoxyuridine 5'-triphosphate nucleotidohydrolase";"B";"BAO_0000357";"single protein format";"Leishmania major";"None";"None";"None";"None";"";"";"";"CHEMBL4418";"dUTP pyrophosphatase";"Leishmania major";"SINGLE PROTEIN";"CHEMBL1140411";"1";"Scientific Literature";"J Med Chem";"2005";"None";"";"";""
"CHEMBL211446";"";"None";"486.60";"None";"None";"1m";"O=c1ccn([C@H]2C[C@H](O)[C@@H](CO[Si](c3ccccc3)(c3ccccc3)c3ccccc3)O2)c(=O)[nH]1";"Ki";"'>'";"1000000.0";"nM";"";"Outside typical range";"";"UO_0000065";"";"";"";"";"0";"CHEMBL884808";"Inhibitory constant against Leishmania major deoxyuridine 5'-triphosphate nucleotidohydrolase";"B";"BAO_0000357";"single protein format";"Leishmania major";"None";"None";"None";"None";"";"";"";"CHEMBL4418";"dUTP pyrophosphatase";"Leishmania major";"SINGLE PROTEIN";"CHEMBL1140411";"1";"Scientific Literature";"J Med Chem";"2005";"None";"";"";""
"CHEMBL3143782";"";"None";"584.79";"None";"None";"3g";"CC(C)(C)[Si](C)(C)O[C@H]1C[C@H](n2ccc(=O)[nH]c2=O)O[C@@H]1COC(c1ccccc1)(c1ccccc1)c1ccccc1";"Ki";"'='";"454000.0";"nM";"";"Outside typical range";"";"UO_0000065";"";"";"";"";"0";"CHEMBL884808";"Inhibitory constant against Leishmania major deoxyuridine 5'-triphosphate nucleotidohydrolase";"B";"BAO_0000357";"single protein format";"Leishmania major";"None";"None";"None";"None";"";"";"";"CHEMBL4418";"dUTP pyrophosphatase";"Leishmania major";"SINGLE PROTEIN";"CHEMBL1140411";"1";"Scientific Literature";"J Med Chem";"2005";"None";"";"";""
"CHEMBL196381";"";"None";"583.81";"None";"None";"3h";"CC(C)(C)[Si](C)(C)OC1CC(n2ccc(=O)[nH]c2=O)OC1CNC(c1ccccc1)(c1ccccc1)c1ccccc1";"Ki";"'>'";"1000000.0";"nM";"";"Outside typical range";"";"UO_0000065";"";"";"";"";"0";"CHEMBL884808";"Inhibitory constant against Leishmania major deoxyuridine 5'-triphosphate nucleotidohydrolase";"B";"BAO_0000357";"single protein format";"Leishmania major";"None";"None";"None";"None";"";"";"";"CHEMBL4418";"dUTP pyrophosphatase";"Leishmania major";"SINGLE PROTEIN";"CHEMBL1140411";"1";"Scientific Literature";"J Med Chem";"2005";"None";"";"";""
"CHEMBL3144294";"";"None";"350.31";"0";"-2.89";"1i";"NS(=O)(=O)NC(=O)OC[C@H]1O[C@@H](n2ccc(=O)[nH]c2=O)C[C@@H]1O";"Ki";"'='";"314000.0";"nM";"";"Outside typical range";"";"UO_0000065";"";"";"";"";"0";"CHEMBL884808";"Inhibitory constant against Leishmania major deoxyuridine 5'-triphosphate nucleotidohydrolase";"B";"BAO_0000357";"single protein format";"Leishmania major";"None";"None";"None";"None";"";"";"";"CHEMBL4418";"dUTP pyrophosphatase";"Leishmania major";"SINGLE PROTEIN";"CHEMBL1140411";"1";"Scientific Literature";"J Med Chem";"2005";"None";"";"";""
"CHEMBL198168";"";"None";"331.33";"0";"-0.38";"2f";"O=C(NCC1OC(n2ccc(=O)[nH]c2=O)CC1O)c1ccccc1";"Ki";"'>'";"1000000.0";"nM";"";"Outside typical range";"";"UO_0000065";"";"";"";"";"0";"CHEMBL884808";"Inhibitory constant against Leishmania major deoxyuridine 5'-triphosphate nucleotidohydrolase";"B";"BAO_0000357";"single protein format";"Leishmania major";"None";"None";"None";"None";"";"";"";"CHEMBL4418";"dUTP pyrophosphatase";"Leishmania major";"SINGLE PROTEIN";"CHEMBL1140411";"1";"Scientific Literature";"J Med Chem";"2005";"None";"";"";""
"CHEMBL198169";"";"None";"381.41";"0";"-0.53";"2g";"Cc1ccc(S(=O)(=O)NCC2OC(n3ccc(=O)[nH]c3=O)CC2O)cc1";"Ki";"'>'";"1000000.0";"nM";"";"Outside typical range";"";"UO_0000065";"";"";"";"";"0";"CHEMBL884808";"Inhibitory constant against Leishmania major deoxyuridine 5'-triphosphate nucleotidohydrolase";"B";"BAO_0000357";"single protein format";"Leishmania major";"None";"None";"None";"None";"";"";"";"CHEMBL4418";"dUTP pyrophosphatase";"Leishmania major";"SINGLE PROTEIN";"CHEMBL1140411";"1";"Scientific Literature";"J Med Chem";"2005";"None";"";"";""
"CHEMBL197746";"";"None";"289.27";"0";"-1.79";"5e";"NS(=O)(=O)OCC1C=CC(n2ccc(=O)[nH]c2=O)O1";"Ki";"'>'";"1000000.0";"nM";"";"Outside typical range";"";"UO_0000065";"";"";"";"";"0";"CHEMBL884808";"Inhibitory constant against Leishmania major deoxyuridine 5'-triphosphate nucleotidohydrolase";"B";"BAO_0000357";"single protein format";"Leishmania major";"None";"None";"None";"None";"";"";"";"CHEMBL4418";"dUTP pyrophosphatase";"Leishmania major";"SINGLE PROTEIN";"CHEMBL1140411";"1";"Scientific Literature";"J Med Chem";"2005";"None";"";"";""
"CHEMBL197837";"";"None";"488.59";"None";"None";"4c";"O=c1ccn(C2CC(F)C(CO[Si](c3ccccc3)(c3ccccc3)c3ccccc3)O2)c(=O)[nH]1";"Ki";"'>'";"1000000.0";"nM";"";"Outside typical range";"";"UO_0000065";"";"";"";"";"0";"CHEMBL884808";"Inhibitory constant against Leishmania major deoxyuridine 5'-triphosphate nucleotidohydrolase";"B";"BAO_0000357";"single protein format";"Leishmania major";"None";"None";"None";"None";"";"";"";"CHEMBL4418";"dUTP pyrophosphatase";"Leishmania major";"SINGLE PROTEIN";"CHEMBL1140411";"1";"Scientific Literature";"J Med Chem";"2005";"None";"";"";""
"CHEMBL370908";"";"None";"468.60";"None";"None";"4b";"CC(C)(C)[Si](OCC1OC(n2ccc(=O)[nH]c2=O)CC1F)(c1ccccc1)c1ccccc1";"Ki";"'>'";"1000000.0";"nM";"";"Outside typical range";"";"UO_0000065";"";"";"";"";"0";"CHEMBL884808";"Inhibitory constant against Leishmania major deoxyuridine 5'-triphosphate nucleotidohydrolase";"B";"BAO_0000357";"single protein format";"Leishmania major";"None";"None";"None";"None";"";"";"";"CHEMBL4418";"dUTP pyrophosphatase";"Leishmania major";"SINGLE PROTEIN";"CHEMBL1140411";"1";"Scientific Literature";"J Med Chem";"2005";"None";"";"";""
"CHEMBL3143776";"";"None";"364.29";"0";"0.38";"1b";"CCOP(=O)(OCC)OC[C@H]1O[C@@H](n2ccc(=O)[nH]c2=O)C[C@@H]1O";"Ki";"'>'";"1000000.0";"nM";"";"Outside typical range";"";"UO_0000065";"";"";"";"";"0";"CHEMBL884808";"Inhibitory constant against Leishmania major deoxyuridine 5'-triphosphate nucleotidohydrolase";"B";"BAO_0000357";"single protein format";"Leishmania major";"None";"None";"None";"None";"";"";"";"CHEMBL4418";"dUTP pyrophosphatase";"Leishmania major";"SINGLE PROTEIN";"CHEMBL1140411";"1";"Scientific Literature";"J Med Chem";"2005";"None";"";"";""
"CHEMBL3143783";"";"None";"382.39";"0";"-0.10";"1g";"Cc1ccc(S(=O)(=O)OC[C@H]2O[C@@H](n3ccc(=O)[nH]c3=O)C[C@@H]2O)cc1";"Ki";"'>'";"1000000.0";"nM";"";"Outside typical range";"";"UO_0000065";"";"";"";"";"0";"CHEMBL884808";"Inhibitory constant against Leishmania major deoxyuridine 5'-triphosphate nucleotidohydrolase";"B";"BAO_0000357";"single protein format";"Leishmania major";"None";"None";"None";"None";"";"";"";"CHEMBL4418";"dUTP pyrophosphatase";"Leishmania major";"SINGLE PROTEIN";"CHEMBL1140411";"1";"Scientific Literature";"J Med Chem";"2005";"None";"";"";""
"CHEMBL194845";"";"None";"305.31";"0";"-2.27";"2h";"CS(=O)(=O)NCC1OC(n2ccc(=O)[nH]c2=O)CC1O";"Ki";"'>'";"1000000.0";"nM";"";"Outside typical range";"";"UO_0000065";"";"";"";"";"0";"CHEMBL884808";"Inhibitory constant against Leishmania major deoxyuridine 5'-triphosphate nucleotidohydrolase";"B";"BAO_0000357";"single protein format";"Leishmania major";"None";"None";"None";"None";"";"";"";"CHEMBL4418";"dUTP pyrophosphatase";"Leishmania major";"SINGLE PROTEIN";"CHEMBL1140411";"1";"Scientific Literature";"J Med Chem";"2005";"None";"";"";""
"CHEMBL364710";"";"None";"317.35";"0";"-0.03";"2i";"O=c1ccn(C2CC(O)C(CNCc3ccccc3)O2)c(=O)[nH]1";"Ki";"'>'";"1000000.0";"nM";"";"Outside typical range";"";"UO_0000065";"";"";"";"";"0";"CHEMBL884808";"Inhibitory constant against Leishmania major deoxyuridine 5'-triphosphate nucleotidohydrolase";"B";"BAO_0000357";"single protein format";"Leishmania major";"None";"None";"None";"None";"";"";"";"CHEMBL4418";"dUTP pyrophosphatase";"Leishmania major";"SINGLE PROTEIN";"CHEMBL1140411";"1";"Scientific Literature";"J Med Chem";"2005";"None";"";"";""
"CHEMBL3143781";"";"None";"342.47";"None";"None";"3f";"CC(C)(C)[Si](C)(C)O[C@H]1C[C@H](n2ccc(=O)[nH]c2=O)O[C@@H]1CO";"Ki";"'='";"114000.0";"nM";"";"Outside typical range";"";"UO_0000065";"";"";"";"";"0";"CHEMBL884808";"Inhibitory constant against Leishmania major deoxyuridine 5'-triphosphate nucleotidohydrolase";"B";"BAO_0000357";"single protein format";"Leishmania major";"None";"None";"None";"None";"";"";"";"CHEMBL4418";"dUTP pyrophosphatase";"Leishmania major";"SINGLE PROTEIN";"CHEMBL1140411";"1";"Scientific Literature";"J Med Chem";"2005";"None";"";"";""
"CHEMBL195997";"";"None";"344.46";"None";"None";"4a";"CC(C)(C)[Si](C)(C)OCC1OC(n2ccc(=O)[nH]c2=O)CC1F";"Ki";"'>'";"1000000.0";"nM";"";"Outside typical range";"";"UO_0000065";"";"";"";"";"0";"CHEMBL884808";"Inhibitory constant against Leishmania major deoxyuridine 5'-triphosphate nucleotidohydrolase";"B";"BAO_0000357";"single protein format";"Leishmania major";"None";"None";"None";"None";"";"";"";"CHEMBL4418";"dUTP pyrophosphatase";"Leishmania major";"SINGLE PROTEIN";"CHEMBL1140411";"1";"Scientific Literature";"J Med Chem";"2005";"None";"";"";""
"CHEMBL197786";"";"None";"468.59";"None";"None";"5h";"O=c1ccn(C2C=CC(CO[Si](c3ccccc3)(c3ccccc3)c3ccccc3)O2)c(=O)[nH]1";"Ki";"'='";"350000.0";"nM";"";"Outside typical range";"";"UO_0000065";"";"";"";"";"0";"CHEMBL884808";"Inhibitory constant against Leishmania major deoxyuridine 5'-triphosphate nucleotidohydrolase";"B";"BAO_0000357";"single protein format";"Leishmania major";"None";"None";"None";"None";"";"";"";"CHEMBL4418";"dUTP pyrophosphatase";"Leishmania major";"SINGLE PROTEIN";"CHEMBL1140411";"1";"Scientific Literature";"J Med Chem";"2005";"None";"";"";""
"CHEMBL194480";"";"None";"448.60";"1";"5.01";"5c";"CCCCCCCCCCCCCCCC(=O)OCC1C=CC(n2ccc(=O)[nH]c2=O)O1";"Ki";"'>'";"1000000.0";"nM";"";"Outside typical range";"";"UO_0000065";"";"";"";"";"0";"CHEMBL884808";"Inhibitory constant against Leishmania major deoxyuridine 5'-triphosphate nucleotidohydrolase";"B";"BAO_0000357";"single protein format";"Leishmania major";"None";"None";"None";"None";"";"";"";"CHEMBL4418";"dUTP pyrophosphatase";"Leishmania major";"SINGLE PROTEIN";"CHEMBL1140411";"1";"Scientific Literature";"J Med Chem";"2005";"None";"";"";""
"CHEMBL369937";"";"None";"452.51";"0";"4.00";"5j";"O=c1ccn(C2C=CC(COC(c3ccccc3)(c3ccccc3)c3ccccc3)O2)c(=O)[nH]1";"Ki";"'='";"798000.0";"nM";"";"Outside typical range";"";"UO_0000065";"";"";"";"";"0";"CHEMBL884808";"Inhibitory constant against Leishmania major deoxyuridine 5'-triphosphate nucleotidohydrolase";"B";"BAO_0000357";"single protein format";"Leishmania major";"None";"None";"None";"None";"";"";"";"CHEMBL4418";"dUTP pyrophosphatase";"Leishmania major";"SINGLE PROTEIN";"CHEMBL1140411";"1";"Scientific Literature";"J Med Chem";"2005";"None";"";"";""
"CHEMBL244975";"";"None";"230.19";"0";"-0.85";"4d";"O=c1ccn([C@H]2C[C@H](F)[C@@H](CO)O2)c(=O)[nH]1";"Ki";"";"";"nM";"";"";"Not Determined";"UO_0000065";"";"";"";"";"0";"CHEMBL881936";"Inhibitory constant against Leishmania major deoxyuridine 5'-triphosphate nucleotidohydrolase; nd = not determined";"B";"BAO_0000357";"single protein format";"Leishmania major";"None";"None";"None";"None";"";"";"";"CHEMBL4418";"dUTP pyrophosphatase";"Leishmania major";"SINGLE PROTEIN";"CHEMBL1140411";"1";"Scientific Literature";"J Med Chem";"2005";"None";"";"";""
"CHEMBL3143784";"";"None";"307.28";"0";"-2.59";"1h";"NS(=O)(=O)OC[C@H]1O[C@@H](n2ccc(=O)[nH]c2=O)C[C@@H]1O";"Ki";"'='";"707000.0";"nM";"";"Outside typical range";"";"UO_0000065";"";"";"";"";"0";"CHEMBL884808";"Inhibitory constant against Leishmania major deoxyuridine 5'-triphosphate nucleotidohydrolase";"B";"BAO_0000357";"single protein format";"Leishmania major";"None";"None";"None";"None";"";"";"";"CHEMBL4418";"dUTP pyrophosphatase";"Leishmania major";"SINGLE PROTEIN";"CHEMBL1140411";"1";"Scientific Literature";"J Med Chem";"2005";"None";"";"";""
"CHEMBL194473";"";"None";"389.45";"0";"0.52";"2c";"O=C(NCC1OC(n2ccc(=O)[nH]c2=O)CC1O)C12CC3CCCC(C1)C3C2";"Ki";"'>'";"1000000.0";"nM";"";"Outside typical range";"";"UO_0000065";"";"";"";"";"0";"CHEMBL884808";"Inhibitory constant against Leishmania major deoxyuridine 5'-triphosphate nucleotidohydrolase";"B";"BAO_0000357";"single protein format";"Leishmania major";"None";"None";"None";"None";"";"";"";"CHEMBL4418";"dUTP pyrophosphatase";"Leishmania major";"SINGLE PROTEIN";"CHEMBL1140411";"1";"Scientific Literature";"J Med Chem";"2005";"None";"";"";""
"CHEMBL198660";"";"None";"471.53";"0";"3.74";"4f";"O=c1ccn(C2CC(F)C(CNC(c3ccccc3)(c3ccccc3)c3ccccc3)O2)c(=O)[nH]1";"Ki";"'>'";"1000000.0";"nM";"";"Outside typical range";"";"UO_0000065";"";"";"";"";"0";"CHEMBL884808";"Inhibitory constant against Leishmania major deoxyuridine 5'-triphosphate nucleotidohydrolase";"B";"BAO_0000357";"single protein format";"Leishmania major";"None";"None";"None";"None";"";"";"";"CHEMBL4418";"dUTP pyrophosphatase";"Leishmania major";"SINGLE PROTEIN";"CHEMBL1140411";"1";"Scientific Literature";"J Med Chem";"2005";"None";"";"";""
"CHEMBL194650";"";"None";"405.34";"0";"-0.43";"2b";"CCOP(=O)(CC(=O)NCC1OC(n2ccc(=O)[nH]c2=O)CC1O)OCC";"Ki";"'>'";"1000000.0";"nM";"";"Outside typical range";"";"UO_0000065";"";"";"";"";"0";"CHEMBL884808";"Inhibitory constant against Leishmania major deoxyuridine 5'-triphosphate nucleotidohydrolase";"B";"BAO_0000357";"single protein format";"Leishmania major";"None";"None";"None";"None";"";"";"";"CHEMBL4418";"dUTP pyrophosphatase";"Leishmania major";"SINGLE PROTEIN";"CHEMBL1140411";"1";"Scientific Literature";"J Med Chem";"2005";"None";"";"";""
