"Molecule ChEMBL ID";"Molecule Name";"Molecule Max Phase";"Molecular Weight";"#RO5 Violations";"AlogP";"Compound Key";"Smiles";"Standard Type";"Standard Relation";"Standard Value";"Standard Units";"pChEMBL Value";"Data Validity Comment";"Comment";"Uo Units";"Ligand Efficiency BEI";"Ligand Efficiency LE";"Ligand Efficiency LLE";"Ligand Efficiency SEI";"Potential Duplicate";"Assay ChEMBL ID";"Assay Description";"Assay Type";"BAO Format ID";"BAO Label";"Assay Organism";"Assay Tissue ChEMBL ID";"Assay Tissue Name";"Assay Cell Type";"Assay Subcellular Fraction";"Assay Parameters";"Assay Variant Accession";"Assay Variant Mutation";"Target ChEMBL ID";"Target Name";"Target Organism";"Target Type";"Document ChEMBL ID";"Source ID";"Source Description";"Document Journal";"Document Year";"Cell ChEMBL ID";"Properties";"Action Type";"Standard Text Value"
"CHEMBL20227";"";"None";"365.48";"0";"3.57";"31";"CC(C)c1cccc(OCc2cccc(N3C(N)=NC(N)=NC3(C)C)c2)c1";"Ki";"'='";"173.78";"nM";"6.76";"";"";"UO_0000065";"18.50";"0.34";"3.19";"7.58";"0";"CHEMBL875027";"Inhibition of dihydrofolate reductase (DHFR) from Leishmania major";"B";"BAO_0000357";"single protein format";"Leishmania major";"None";"None";"None";"None";"";"";"";"CHEMBL4614";"Dihydrofolate reductase";"Leishmania major";"SINGLE PROTEIN";"CHEMBL1123784";"1";"Scientific Literature";"J Med Chem";"1987";"None";"";"";""
"CHEMBL283740";"";"None";"348.41";"0";"2.32";"26";"CC1(C)N=C(N)N=C(N)N1c1cccc(COc2cccc(C#N)c2)c1";"Ki";"'='";"177.83";"nM";"6.75";"";"";"UO_0000065";"19.37";"0.35";"4.43";"5.97";"0";"CHEMBL875027";"Inhibition of dihydrofolate reductase (DHFR) from Leishmania major";"B";"BAO_0000357";"single protein format";"Leishmania major";"None";"None";"None";"None";"";"";"";"CHEMBL4614";"Dihydrofolate reductase";"Leishmania major";"SINGLE PROTEIN";"CHEMBL1123784";"1";"Scientific Literature";"J Med Chem";"1987";"None";"";"";""
"CHEMBL20874";"";"None";"245.33";"0";"1.43";"10";"CCc1cccc(N2C(N)=NC(N)=NC2(C)C)c1";"Ki";"'='";"1949.84";"nM";"5.71";"";"";"UO_0000065";"23.27";"0.43";"4.28";"7.14";"0";"CHEMBL875027";"Inhibition of dihydrofolate reductase (DHFR) from Leishmania major";"B";"BAO_0000357";"single protein format";"Leishmania major";"None";"None";"None";"None";"";"";"";"CHEMBL4614";"Dihydrofolate reductase";"Leishmania major";"SINGLE PROTEIN";"CHEMBL1123784";"1";"Scientific Literature";"J Med Chem";"1987";"None";"";"";""
"CHEMBL20393";"";"None";"356.86";"0";"3.14";"41";"CC1(C)N=C(N)N=C(N)N1c1cccc(CNc2ccc(Cl)cc2)c1";"Ki";"'='";"660.69";"nM";"6.18";"";"";"UO_0000065";"17.32";"0.34";"3.04";"6.72";"0";"CHEMBL875027";"Inhibition of dihydrofolate reductase (DHFR) from Leishmania major";"B";"BAO_0000357";"single protein format";"Leishmania major";"None";"None";"None";"None";"";"";"";"CHEMBL4614";"Dihydrofolate reductase";"Leishmania major";"SINGLE PROTEIN";"CHEMBL1123784";"1";"Scientific Literature";"J Med Chem";"1987";"None";"";"";""
"CHEMBL20911";"";"None";"260.30";"0";"-0.03";"3";"CC1(C)N=C(N)N=C(N)N1c1cccc(C(N)=O)c1";"Ki";"'='";"117489.76";"nM";"";"Outside typical range";"";"UO_0000065";"";"";"";"";"0";"CHEMBL875027";"Inhibition of dihydrofolate reductase (DHFR) from Leishmania major";"B";"BAO_0000357";"single protein format";"Leishmania major";"None";"None";"None";"None";"";"";"";"CHEMBL4614";"Dihydrofolate reductase";"Leishmania major";"SINGLE PROTEIN";"CHEMBL1123784";"1";"Scientific Literature";"J Med Chem";"1987";"None";"";"";""
"CHEMBL533684";"";"None";"334.21";"0";"3.71";"7";"Nc1nc(N)c2cc(CNc3ccc(Cl)c(Cl)c3)ccc2n1";"IC50";"'='";"25.0";"nM";"7.60";"";"";"UO_0000065";"22.75";"0.47";"3.89";"8.46";"0";"CHEMBL4734512";"Inhibition of Leishmania major DHFR";"B";"BAO_0000357";"single protein format";"Leishmania major";"None";"None";"None";"None";"";"";"";"CHEMBL4614";"Dihydrofolate reductase";"Leishmania major";"SINGLE PROTEIN";"CHEMBL4732097";"1";"Scientific Literature";"Eur J Med Chem";"2021";"None";"";"INHIBITOR";""
"CHEMBL1650274";"";"None";"216.21";"0";"2.76";"53a";"O=C(c1ccc(O)cc1)c1ccc(F)cc1";"Inhibition";"";"";"%";"";"";"Not Active";"UO_0000187";"";"";"";"";"0";"CHEMBL1655370";"Inhibition of Leishmania major DHFR at 50 uM";"B";"BAO_0000357";"single protein format";"Leishmania major";"None";"None";"None";"None";"";"";"";"CHEMBL4614";"Dihydrofolate reductase";"Leishmania major";"SINGLE PROTEIN";"CHEMBL1649070";"1";"Scientific Literature";"J Med Chem";"2011";"None";"";"";""
"CHEMBL268356";"";"None";"289.34";"0";"1.05";"45";"CCOC(=O)c1cccc(N2C(N)=NC(N)=NC2(C)C)c1";"Ki";"'='";"112201.85";"nM";"";"Outside typical range";"";"UO_0000065";"";"";"";"";"0";"CHEMBL875027";"Inhibition of dihydrofolate reductase (DHFR) from Leishmania major";"B";"BAO_0000357";"single protein format";"Leishmania major";"None";"None";"None";"None";"";"";"";"CHEMBL4614";"Dihydrofolate reductase";"Leishmania major";"SINGLE PROTEIN";"CHEMBL1123784";"1";"Scientific Literature";"J Med Chem";"1987";"None";"";"";""
"CHEMBL1650466";"";"None";"447.43";"0";"1.57";"29b";"O=C(CN1C(=O)c2ccccc2C1=O)Nc1nnc(CN2C(=O)c3ccccc3C2=O)s1";"Inhibition";"";"";"%";"";"";"Not Active";"UO_0000187";"";"";"";"";"0";"CHEMBL1655370";"Inhibition of Leishmania major DHFR at 50 uM";"B";"BAO_0000357";"single protein format";"Leishmania major";"None";"None";"None";"None";"";"";"";"CHEMBL4614";"Dihydrofolate reductase";"Leishmania major";"SINGLE PROTEIN";"CHEMBL1649070";"1";"Scientific Literature";"J Med Chem";"2011";"None";"";"";""
"CHEMBL1650277";"";"None";"193.24";"0";"0.76";"7b";"Nc1nnc(-c2cnccc2N)s1";"Inhibition";"";"";"%";"";"";"Not Active";"UO_0000187";"";"";"";"";"0";"CHEMBL1655370";"Inhibition of Leishmania major DHFR at 50 uM";"B";"BAO_0000357";"single protein format";"Leishmania major";"None";"None";"None";"None";"";"";"";"CHEMBL4614";"Dihydrofolate reductase";"Leishmania major";"SINGLE PROTEIN";"CHEMBL1649070";"1";"Scientific Literature";"J Med Chem";"2011";"None";"";"";""
"CHEMBL22";"TRIMETHOPRIM";"4.0";"290.32";"0";"1.26";"2; TMP";"COc1cc(Cc2cnc(N)nc2N)cc(OC)c1OC";"Ki";"'='";"120.0";"nM";"6.92";"";"";"UO_0000065";"23.84";"0.45";"5.66";"6.56";"0";"CHEMBL4734510";"Inhibition of Leishmania major DHFR assessed by NADPH oxidation measured by spectrophotometric method";"B";"BAO_0000357";"single protein format";"Leishmania major";"None";"None";"None";"None";"";"";"";"CHEMBL4614";"Dihydrofolate reductase";"Leishmania major";"SINGLE PROTEIN";"CHEMBL4732097";"1";"Scientific Literature";"Eur J Med Chem";"2021";"None";"";"INHIBITOR";""
"CHEMBL20466";"";"None";"373.46";"0";"3.60";"35";"CC1(C)N=C(N)N=C(N)N1c1cccc(COc2cccc3ccccc23)c1";"Ki";"'='";"39.81";"nM";"7.40";"";"";"UO_0000065";"19.81";"0.36";"3.80";"8.29";"0";"CHEMBL875027";"Inhibition of dihydrofolate reductase (DHFR) from Leishmania major";"B";"BAO_0000357";"single protein format";"Leishmania major";"None";"None";"None";"None";"";"";"";"CHEMBL4614";"Dihydrofolate reductase";"Leishmania major";"SINGLE PROTEIN";"CHEMBL1123784";"1";"Scientific Literature";"J Med Chem";"1987";"None";"";"";""
"CHEMBL7130";"";"None";"251.72";"0";"1.53";"7";"CC1(C)N=C(N)N=C(N)N1c1cccc(Cl)c1";"Ki";"'='";"1202.26";"nM";"5.92";"";"";"UO_0000065";"23.52";"0.48";"4.39";"7.40";"0";"CHEMBL875027";"Inhibition of dihydrofolate reductase (DHFR) from Leishmania major";"B";"BAO_0000357";"single protein format";"Leishmania major";"None";"None";"None";"None";"";"";"";"CHEMBL4614";"Dihydrofolate reductase";"Leishmania major";"SINGLE PROTEIN";"CHEMBL1123784";"1";"Scientific Literature";"J Med Chem";"1987";"None";"";"";""
"CHEMBL21254";"";"None";"385.60";"1";"5.34";"12";"CCCCCCCCCCCCc1cccc(N2C(N)=NC(N)=NC2(C)C)c1";"Ki";"'='";"72.44";"nM";"7.14";"";"";"UO_0000065";"18.52";"0.35";"1.80";"8.93";"0";"CHEMBL875027";"Inhibition of dihydrofolate reductase (DHFR) from Leishmania major";"B";"BAO_0000357";"single protein format";"Leishmania major";"None";"None";"None";"None";"";"";"";"CHEMBL4614";"Dihydrofolate reductase";"Leishmania major";"SINGLE PROTEIN";"CHEMBL1123784";"1";"Scientific Literature";"J Med Chem";"1987";"None";"";"";""
"CHEMBL4754677";"";"None";"510.50";"2";"2.01";"28";"COc1ccc(C2NC(=O)NC(C)=C2C(=O)Nc2ccc(C(=O)NC(CCC(=O)O)C(=O)O)cc2)cc1";"IC50";"'='";"1630.0";"nM";"5.79";"";"";"UO_0000065";"11.34";"0.21";"3.78";"3.16";"0";"CHEMBL4734505";"Inhibition of Leishmania major DHFR in promastigote stage Leishmania major using dihydrofolic acid as substrate in presence of NADPH measured after 5 days by spectrophotometric method";"B";"BAO_0000357";"single protein format";"Leishmania major";"None";"None";"None";"None";"";"";"";"CHEMBL4614";"Dihydrofolate reductase";"Leishmania major";"SINGLE PROTEIN";"CHEMBL4732097";"1";"Scientific Literature";"Eur J Med Chem";"2021";"None";"TIME = 120.0 hr";"INHIBITOR";""
"CHEMBL4748139";"";"None";"568.59";"3";"1.79";"55";"COc1cc(Cc2cnc(N)nc2N)cc(OC)c1OCCNc1ccc(C(=O)NC(CCC(=O)O)C(=O)O)cc1";"IC50";"'='";"210.0";"nM";"6.68";"";"";"UO_0000065";"11.74";"0.22";"4.89";"3.02";"0";"CHEMBL4734505";"Inhibition of Leishmania major DHFR in promastigote stage Leishmania major using dihydrofolic acid as substrate in presence of NADPH measured after 5 days by spectrophotometric method";"B";"BAO_0000357";"single protein format";"Leishmania major";"None";"None";"None";"None";"";"";"";"CHEMBL4614";"Dihydrofolate reductase";"Leishmania major";"SINGLE PROTEIN";"CHEMBL4732097";"1";"Scientific Literature";"Eur J Med Chem";"2021";"None";"TIME = 120.0 hr";"INHIBITOR";""
"CHEMBL4779765";"";"None";"481.51";"0";"1.44";"58";"COc1cc(Cc2cnc(N)nc2N)cc(OC)c1OC(=O)CNC(Cc1ccccc1)C(=O)O";"IC50";"'='";"140.0";"nM";"6.85";"";"";"UO_0000065";"14.23";"0.27";"5.41";"3.99";"0";"CHEMBL4734505";"Inhibition of Leishmania major DHFR in promastigote stage Leishmania major using dihydrofolic acid as substrate in presence of NADPH measured after 5 days by spectrophotometric method";"B";"BAO_0000357";"single protein format";"Leishmania major";"None";"None";"None";"None";"";"";"";"CHEMBL4614";"Dihydrofolate reductase";"Leishmania major";"SINGLE PROTEIN";"CHEMBL4732097";"1";"Scientific Literature";"Eur J Med Chem";"2021";"None";"TIME = 120.0 hr";"INHIBITOR";""
"CHEMBL22";"TRIMETHOPRIM";"4.0";"290.32";"0";"1.26";"2; TMP";"COc1cc(Cc2cnc(N)nc2N)cc(OC)c1OC";"IC50";"'='";"20500.0";"nM";"4.69";"";"";"UO_0000065";"16.15";"0.30";"3.43";"4.44";"0";"CHEMBL4734505";"Inhibition of Leishmania major DHFR in promastigote stage Leishmania major using dihydrofolic acid as substrate in presence of NADPH measured after 5 days by spectrophotometric method";"B";"BAO_0000357";"single protein format";"Leishmania major";"None";"None";"None";"None";"";"";"";"CHEMBL4614";"Dihydrofolate reductase";"Leishmania major";"SINGLE PROTEIN";"CHEMBL4732097";"1";"Scientific Literature";"Eur J Med Chem";"2021";"None";"TIME = 120.0 hr";"INHIBITOR";""
"CHEMBL2005041";"";"None";"389.46";"0";"4.29";"8";"Nc1nc(N)c(CCCCc2ccccc2)c(/C=C/c2ccc([N+](=O)[O-])cc2)n1";"IC50";"'='";"360.0";"nM";"6.44";"";"";"UO_0000065";"16.55";"0.30";"2.15";"5.33";"0";"CHEMBL4734512";"Inhibition of Leishmania major DHFR";"B";"BAO_0000357";"single protein format";"Leishmania major";"None";"None";"None";"None";"";"";"";"CHEMBL4614";"Dihydrofolate reductase";"Leishmania major";"SINGLE PROTEIN";"CHEMBL4732097";"1";"Scientific Literature";"Eur J Med Chem";"2021";"None";"";"INHIBITOR";""
"CHEMBL174153";"";"None";"281.32";"0";"2.11";"H5";"Nc1nc(N)c2cc(NCc3ccc(O)cc3)ccc2n1";"Kd";"'='";"1020.0";"nM";"5.99";"";"";"UO_0000065";"21.30";"0.39";"3.88";"5.44";"0";"CHEMBL3412012";"Binding affinity to Leishmania major DHFR";"B";"BAO_0000357";"single protein format";"Leishmania major";"None";"None";"None";"None";"";"";"";"CHEMBL4614";"Dihydrofolate reductase";"Leishmania major";"SINGLE PROTEIN";"CHEMBL3407348";"1";"Scientific Literature";"Eur J Med Chem";"2015";"None";"";"";""
"CHEMBL414610";"";"None";"429.65";"1";"5.95";"18";"CCCCCCCCCCCCCCOc1cccc(N2C(N)=NC(N)=NC2(C)C)c1";"Ki";"'='";"5888.44";"nM";"5.23";"";"";"UO_0000065";"12.17";"0.23";"-0.72";"5.86";"0";"CHEMBL875027";"Inhibition of dihydrofolate reductase (DHFR) from Leishmania major";"B";"BAO_0000357";"single protein format";"Leishmania major";"None";"None";"None";"None";"";"";"";"CHEMBL4614";"Dihydrofolate reductase";"Leishmania major";"SINGLE PROTEIN";"CHEMBL1123784";"1";"Scientific Literature";"J Med Chem";"1987";"None";"";"";""
"CHEMBL441503";"";"None";"353.43";"0";"1.94";"28";"CC1(C)N=C(N)N=C(N)N1c1cccc(COc2cccc(CO)c2)c1";"Ki";"'='";"645.65";"nM";"6.19";"";"";"UO_0000065";"17.51";"0.33";"4.25";"5.66";"0";"CHEMBL875027";"Inhibition of dihydrofolate reductase (DHFR) from Leishmania major";"B";"BAO_0000357";"single protein format";"Leishmania major";"None";"None";"None";"None";"";"";"";"CHEMBL4614";"Dihydrofolate reductase";"Leishmania major";"SINGLE PROTEIN";"CHEMBL1123784";"1";"Scientific Literature";"J Med Chem";"1987";"None";"";"";""
"CHEMBL20812";"";"None";"380.45";"0";"2.41";"33";"CC(=O)Nc1cccc(OCc2cccc(N3C(N)=NC(N)=NC3(C)C)c2)c1";"Ki";"'='";"75.86";"nM";"7.12";"";"";"UO_0000065";"18.71";"0.35";"4.71";"6.02";"0";"CHEMBL875027";"Inhibition of dihydrofolate reductase (DHFR) from Leishmania major";"B";"BAO_0000357";"single protein format";"Leishmania major";"None";"None";"None";"None";"";"";"";"CHEMBL4614";"Dihydrofolate reductase";"Leishmania major";"SINGLE PROTEIN";"CHEMBL1123784";"1";"Scientific Literature";"J Med Chem";"1987";"None";"";"";""
"CHEMBL20368";"";"None";"408.47";"0";"0.68";"23";"CC1(C)N=C(N)N=C(N)N1c1cccc(CNc2cc(C(N)=O)cc(C(N)=O)c2)c1";"Ki";"'='";"512.86";"nM";"6.29";"";"";"UO_0000065";"15.40";"0.29";"5.61";"3.53";"0";"CHEMBL875027";"Inhibition of dihydrofolate reductase (DHFR) from Leishmania major";"B";"BAO_0000357";"single protein format";"Leishmania major";"None";"None";"None";"None";"";"";"";"CHEMBL4614";"Dihydrofolate reductase";"Leishmania major";"SINGLE PROTEIN";"CHEMBL1123784";"1";"Scientific Literature";"J Med Chem";"1987";"None";"";"";""
"CHEMBL3410463";"";"None";"310.32";"0";"2.31";"H1";"Nc1nc(N)c2cc(NCc3ccc([N+](=O)[O-])cc3)ccc2n1";"Kd";"'='";"241.0";"nM";"6.62";"";"";"UO_0000065";"21.33";"0.39";"4.31";"4.98";"0";"CHEMBL3412012";"Binding affinity to Leishmania major DHFR";"B";"BAO_0000357";"single protein format";"Leishmania major";"None";"None";"None";"None";"";"";"";"CHEMBL4614";"Dihydrofolate reductase";"Leishmania major";"SINGLE PROTEIN";"CHEMBL3407348";"1";"Scientific Literature";"Eur J Med Chem";"2015";"None";"";"";""
"CHEMBL7357";"";"None";"323.40";"0";"2.45";"21";"CC1(C)N=C(N)N=C(N)N1c1cccc(OCc2ccccc2)c1";"Ki";"'='";"1905.46";"nM";"5.72";"";"";"UO_0000065";"17.69";"0.33";"3.27";"6.41";"0";"CHEMBL875027";"Inhibition of dihydrofolate reductase (DHFR) from Leishmania major";"B";"BAO_0000357";"single protein format";"Leishmania major";"None";"None";"None";"None";"";"";"";"CHEMBL4614";"Dihydrofolate reductase";"Leishmania major";"SINGLE PROTEIN";"CHEMBL1123784";"1";"Scientific Literature";"J Med Chem";"1987";"None";"";"";""
"CHEMBL268914";"";"None";"242.29";"0";"0.74";"9";"CC1(C)N=C(N)N=C(N)N1c1cccc(C#N)c1";"Ki";"'='";"6025.6";"nM";"5.22";"";"";"UO_0000065";"21.54";"0.40";"4.48";"5.03";"0";"CHEMBL875027";"Inhibition of dihydrofolate reductase (DHFR) from Leishmania major";"B";"BAO_0000357";"single protein format";"Leishmania major";"None";"None";"None";"None";"";"";"";"CHEMBL4614";"Dihydrofolate reductase";"Leishmania major";"SINGLE PROTEIN";"CHEMBL1123784";"1";"Scientific Literature";"J Med Chem";"1987";"None";"";"";""
"CHEMBL282932";"";"None";"351.45";"0";"3.01";"30";"CCc1cccc(OCc2cccc(N3C(N)=NC(N)=NC3(C)C)c2)c1";"Ki";"'='";"125.89";"nM";"6.90";"";"";"UO_0000065";"19.63";"0.36";"3.89";"7.73";"0";"CHEMBL875027";"Inhibition of dihydrofolate reductase (DHFR) from Leishmania major";"B";"BAO_0000357";"single protein format";"Leishmania major";"None";"None";"None";"None";"";"";"";"CHEMBL4614";"Dihydrofolate reductase";"Leishmania major";"SINGLE PROTEIN";"CHEMBL1123784";"1";"Scientific Literature";"J Med Chem";"1987";"None";"";"";""
"CHEMBL432942";"";"None";"228.30";"0";"1.28";"4c";"CS(=O)(=O)c1ccc2nc(N)sc2c1";"IC50";"'='";"1790000.0";"nM";"";"Outside typical range";"";"UO_0000065";"";"";"";"";"0";"CHEMBL1655368";"Inhibition of Leishmania major DHFR";"B";"BAO_0000357";"single protein format";"Leishmania major";"None";"None";"None";"None";"";"";"";"CHEMBL4614";"Dihydrofolate reductase";"Leishmania major";"SINGLE PROTEIN";"CHEMBL1649070";"1";"Scientific Literature";"J Med Chem";"2011";"None";"";"";""
"CHEMBL147741";"3-FORMYLINDOLE";"None";"145.16";"0";"1.98";"28a";"O=Cc1c[nH]c2ccccc12";"IC50";"'='";"2000000.0";"nM";"";"Outside typical range";"";"UO_0000065";"";"";"";"";"0";"CHEMBL1655368";"Inhibition of Leishmania major DHFR";"B";"BAO_0000357";"single protein format";"Leishmania major";"None";"None";"None";"None";"";"";"";"CHEMBL4614";"Dihydrofolate reductase";"Leishmania major";"SINGLE PROTEIN";"CHEMBL1649070";"1";"Scientific Literature";"J Med Chem";"2011";"None";"";"";""
"CHEMBL4757974";"";"None";"625.69";"2";"3.65";"53";"COc1cc(Cc2cnc(N)nc2N)cc(OC)c1OCCNc1ccc(C(=O)NC(Cc2cc3ccccc3[nH]2)C(=O)O)cc1";"IC50";"";"";"";"";"";"Not Determined";"";"";"";"";"";"0";"CHEMBL4734505";"Inhibition of Leishmania major DHFR in promastigote stage Leishmania major using dihydrofolic acid as substrate in presence of NADPH measured after 5 days by spectrophotometric method";"B";"BAO_0000357";"single protein format";"Leishmania major";"None";"None";"None";"None";"";"";"";"CHEMBL4614";"Dihydrofolate reductase";"Leishmania major";"SINGLE PROTEIN";"CHEMBL4732097";"1";"Scientific Literature";"Eur J Med Chem";"2021";"None";"TIME = 120.0 hr";"";""
"CHEMBL2178604";"";"None";"422.45";"0";"1.13";"3";"Nc1nc(N)c2nc(CNc3ccc(C(=O)N4CCC(C(=O)O)CC4)cc3)cnc2n1";"Ki";"'='";"4000.0";"nM";"5.40";"";"";"UO_0000065";"12.78";"0.24";"4.27";"3.12";"0";"CHEMBL4734510";"Inhibition of Leishmania major DHFR assessed by NADPH oxidation measured by spectrophotometric method";"B";"BAO_0000357";"single protein format";"Leishmania major";"None";"None";"None";"None";"";"";"";"CHEMBL4614";"Dihydrofolate reductase";"Leishmania major";"SINGLE PROTEIN";"CHEMBL4732097";"1";"Scientific Literature";"Eur J Med Chem";"2021";"None";"";"INHIBITOR";""
"CHEMBL1650288";"";"None";"267.74";"0";"2.59";"22b";"Nc1nnc(CCC(=O)c2ccc(Cl)cc2)s1";"Inhibition";"";"";"%";"";"";"Not Active";"UO_0000187";"";"";"";"";"0";"CHEMBL1655370";"Inhibition of Leishmania major DHFR at 50 uM";"B";"BAO_0000357";"single protein format";"Leishmania major";"None";"None";"None";"None";"";"";"";"CHEMBL4614";"Dihydrofolate reductase";"Leishmania major";"SINGLE PROTEIN";"CHEMBL1649070";"1";"Scientific Literature";"J Med Chem";"2011";"None";"";"";""
"CHEMBL284348";"DALFAMPRIDINE";"4.0";"94.12";"0";"0.66";"6a";"Nc1ccncc1";"Inhibition";"";"";"%";"";"";"Not Active";"UO_0000187";"";"";"";"";"0";"CHEMBL1655369";"Inhibition of Leishmania major DHFR at 500 uM";"B";"BAO_0000357";"single protein format";"Leishmania major";"None";"None";"None";"None";"";"";"";"CHEMBL4614";"Dihydrofolate reductase";"Leishmania major";"SINGLE PROTEIN";"CHEMBL1649070";"1";"Scientific Literature";"J Med Chem";"2011";"None";"";"";""
"CHEMBL34259";"METHOTREXATE";"4.0";"454.45";"0";"0.27";"46 (Methotrexate)";"CN(Cc1cnc2nc(N)nc(N)c2n1)c1ccc(C(=O)N[C@@H](CCC(=O)O)C(=O)O)cc1";"Ki";"'='";"0.1288";"nM";"9.89";"";"";"UO_0000065";"21.76";"0.41";"9.62";"4.70";"0";"CHEMBL875027";"Inhibition of dihydrofolate reductase (DHFR) from Leishmania major";"B";"BAO_0000357";"single protein format";"Leishmania major";"None";"None";"None";"None";"";"";"";"CHEMBL4614";"Dihydrofolate reductase";"Leishmania major";"SINGLE PROTEIN";"CHEMBL1123784";"1";"Scientific Literature";"J Med Chem";"1987";"None";"";"";""
"CHEMBL6742";"";"None";"217.28";"0";"0.87";"1";"CC1(C)N=C(N)N=C(N)N1c1ccccc1";"Ki";"'='";"12589.25";"nM";"4.90";"";"";"UO_0000065";"22.55";"0.42";"4.03";"6.13";"0";"CHEMBL875027";"Inhibition of dihydrofolate reductase (DHFR) from Leishmania major";"B";"BAO_0000357";"single protein format";"Leishmania major";"None";"None";"None";"None";"";"";"";"CHEMBL4614";"Dihydrofolate reductase";"Leishmania major";"SINGLE PROTEIN";"CHEMBL1123784";"1";"Scientific Literature";"J Med Chem";"1987";"None";"";"";""
"CHEMBL266319";"";"None";"247.30";"0";"0.88";"13";"COc1cccc(N2C(N)=NC(N)=NC2(C)C)c1";"Ki";"'='";"22908.68";"nM";"4.64";"";"";"UO_0000065";"18.76";"0.35";"3.76";"5.20";"0";"CHEMBL875027";"Inhibition of dihydrofolate reductase (DHFR) from Leishmania major";"B";"BAO_0000357";"single protein format";"Leishmania major";"None";"None";"None";"None";"";"";"";"CHEMBL4614";"Dihydrofolate reductase";"Leishmania major";"SINGLE PROTEIN";"CHEMBL1123784";"1";"Scientific Literature";"J Med Chem";"1987";"None";"";"";""
"CHEMBL20424";"";"None";"399.50";"0";"4.12";"32";"CC1(C)N=C(N)N=C(N)N1c1cccc(COc2cccc(-c3ccccc3)c2)c1";"Ki";"'='";"16.98";"nM";"7.77";"";"";"UO_0000065";"19.45";"0.35";"3.65";"8.71";"0";"CHEMBL875027";"Inhibition of dihydrofolate reductase (DHFR) from Leishmania major";"B";"BAO_0000357";"single protein format";"Leishmania major";"None";"None";"None";"None";"";"";"";"CHEMBL4614";"Dihydrofolate reductase";"Leishmania major";"SINGLE PROTEIN";"CHEMBL1123784";"1";"Scientific Literature";"J Med Chem";"1987";"None";"";"";""
"CHEMBL278587";"";"None";"233.28";"0";"0.58";"5";"CC1(C)N=C(N)N=C(N)N1c1cccc(O)c1";"Ki";"'='";"53703.18";"nM";"4.27";"";"";"UO_0000065";"18.30";"0.34";"3.69";"4.26";"0";"CHEMBL875027";"Inhibition of dihydrofolate reductase (DHFR) from Leishmania major";"B";"BAO_0000357";"single protein format";"Leishmania major";"None";"None";"None";"None";"";"";"";"CHEMBL4614";"Dihydrofolate reductase";"Leishmania major";"SINGLE PROTEIN";"CHEMBL1123784";"1";"Scientific Literature";"J Med Chem";"1987";"None";"";"";""
"CHEMBL21077";"";"None";"373.91";"0";"3.82";"39";"CC1(C)N=C(N)N=C(N)N1c1cccc(SCc2ccc(Cl)cc2)c1";"Ki";"'='";"109.65";"nM";"6.96";"";"";"UO_0000065";"18.61";"0.38";"3.14";"8.70";"0";"CHEMBL875027";"Inhibition of dihydrofolate reductase (DHFR) from Leishmania major";"B";"BAO_0000357";"single protein format";"Leishmania major";"None";"None";"None";"None";"";"";"";"CHEMBL4614";"Dihydrofolate reductase";"Leishmania major";"SINGLE PROTEIN";"CHEMBL1123784";"1";"Scientific Literature";"J Med Chem";"1987";"None";"";"";""
"CHEMBL21258";"";"None";"401.50";"0";"1.13";"24";"CC1(C)N=C(N)N=C(N)N1c1cccc(CNc2ccc(S(N)(=O)=O)cc2)c1";"Ki";"'='";"758.58";"nM";"6.12";"";"";"UO_0000065";"15.24";"0.30";"4.99";"4.02";"0";"CHEMBL875027";"Inhibition of dihydrofolate reductase (DHFR) from Leishmania major";"B";"BAO_0000357";"single protein format";"Leishmania major";"None";"None";"None";"None";"";"";"";"CHEMBL4614";"Dihydrofolate reductase";"Leishmania major";"SINGLE PROTEIN";"CHEMBL1123784";"1";"Scientific Literature";"J Med Chem";"1987";"None";"";"";""
"CHEMBL1650283";"";"None";"245.26";"0";"1.89";"15b";"Nc1nnc(-c2cc(=O)c3ccccc3o2)s1";"IC50";"'='";"1300000.0";"nM";"";"Outside typical range";"";"UO_0000065";"";"";"";"";"0";"CHEMBL1655368";"Inhibition of Leishmania major DHFR";"B";"BAO_0000357";"single protein format";"Leishmania major";"None";"None";"None";"None";"";"";"";"CHEMBL4614";"Dihydrofolate reductase";"Leishmania major";"SINGLE PROTEIN";"CHEMBL1649070";"1";"Scientific Literature";"J Med Chem";"2011";"None";"";"";""
"CHEMBL20922";"";"None";"393.54";"0";"4.18";"44";"CCCCCc1ccc(OCc2cccc(N3C(N)=NC(N)=NC3(C)C)c2)cc1";"Ki";"'='";"338.84";"nM";"6.47";"";"";"UO_0000065";"16.44";"0.30";"2.29";"7.25";"0";"CHEMBL875027";"Inhibition of dihydrofolate reductase (DHFR) from Leishmania major";"B";"BAO_0000357";"single protein format";"Leishmania major";"None";"None";"None";"None";"";"";"";"CHEMBL4614";"Dihydrofolate reductase";"Leishmania major";"SINGLE PROTEIN";"CHEMBL1123784";"1";"Scientific Literature";"J Med Chem";"1987";"None";"";"";""
"CHEMBL267692";"";"None";"273.38";"0";"2.17";"42";"CC(C)(C)c1cccc(N2C(N)=NC(N)=NC2(C)C)c1";"Ki";"'='";"5754.4";"nM";"5.24";"";"";"UO_0000065";"19.17";"0.36";"3.07";"6.55";"0";"CHEMBL875027";"Inhibition of dihydrofolate reductase (DHFR) from Leishmania major";"B";"BAO_0000357";"single protein format";"Leishmania major";"None";"None";"None";"None";"";"";"";"CHEMBL4614";"Dihydrofolate reductase";"Leishmania major";"SINGLE PROTEIN";"CHEMBL1123784";"1";"Scientific Literature";"J Med Chem";"1987";"None";"";"";""
"CHEMBL21031";"";"None";"339.47";"0";"3.16";"36";"CC1(C)N=C(N)N=C(N)N1c1cccc(CSc2ccccc2)c1";"Ki";"'='";"407.38";"nM";"6.39";"";"";"UO_0000065";"18.82";"0.36";"3.23";"7.99";"0";"CHEMBL875027";"Inhibition of dihydrofolate reductase (DHFR) from Leishmania major";"B";"BAO_0000357";"single protein format";"Leishmania major";"None";"None";"None";"None";"";"";"";"CHEMBL4614";"Dihydrofolate reductase";"Leishmania major";"SINGLE PROTEIN";"CHEMBL1123784";"1";"Scientific Literature";"J Med Chem";"1987";"None";"";"";""
"CHEMBL20224";"";"None";"386.36";"None";"None";"37";"CC1(C)N=C(N)N=C(N)N1c1cccc(C[Se]c2ccccc2)c1";"Ki";"'='";"275.42";"nM";"6.56";"";"";"UO_0000065";"16.98";"None";"None";"None";"0";"CHEMBL875027";"Inhibition of dihydrofolate reductase (DHFR) from Leishmania major";"B";"BAO_0000357";"single protein format";"Leishmania major";"None";"None";"None";"None";"";"";"";"CHEMBL4614";"Dihydrofolate reductase";"Leishmania major";"SINGLE PROTEIN";"CHEMBL1123784";"1";"Scientific Literature";"J Med Chem";"1987";"None";"";"";""
"CHEMBL595536";"";"None";"158.20";"0";"2.13";"38a";"Cc1cc(N)c2ccccc2n1";"Inhibition";"";"";"%";"";"";"Not Active";"UO_0000187";"";"";"";"";"0";"CHEMBL1655369";"Inhibition of Leishmania major DHFR at 500 uM";"B";"BAO_0000357";"single protein format";"Leishmania major";"None";"None";"None";"None";"";"";"";"CHEMBL4614";"Dihydrofolate reductase";"Leishmania major";"SINGLE PROTEIN";"CHEMBL1649070";"1";"Scientific Literature";"J Med Chem";"2011";"None";"";"";""
"CHEMBL6885";"QUINAZOLINE-2,4,6-TRIAMINE";"None";"175.20";"0";"0.38";"TAQ";"Nc1ccc2nc(N)nc(N)c2c1";"Kd";"'='";"83980.0";"nM";"4.08";"";"";"UO_0000065";"23.26";"0.43";"3.70";"3.93";"0";"CHEMBL3412012";"Binding affinity to Leishmania major DHFR";"B";"BAO_0000357";"single protein format";"Leishmania major";"None";"None";"None";"None";"";"";"";"CHEMBL4614";"Dihydrofolate reductase";"Leishmania major";"SINGLE PROTEIN";"CHEMBL3407348";"1";"Scientific Literature";"Eur J Med Chem";"2015";"None";"";"";""
"CHEMBL21032";"";"None";"317.44";"0";"2.83";"15";"CCCCCCOc1cccc(N2C(N)=NC(N)=NC2(C)C)c1";"Ki";"'='";"3981.07";"nM";"5.40";"";"";"UO_0000065";"17.01";"0.32";"2.57";"6.05";"0";"CHEMBL875027";"Inhibition of dihydrofolate reductase (DHFR) from Leishmania major";"B";"BAO_0000357";"single protein format";"Leishmania major";"None";"None";"None";"None";"";"";"";"CHEMBL4614";"Dihydrofolate reductase";"Leishmania major";"SINGLE PROTEIN";"CHEMBL1123784";"1";"Scientific Literature";"J Med Chem";"1987";"None";"";"";""
"CHEMBL20861";"";"None";"262.27";"0";"0.78";"8";"CC1(C)N=C(N)N=C(N)N1c1cccc([N+](=O)[O-])c1";"Ki";"'='";"10000.0";"nM";"5.00";"";"";"UO_0000065";"19.06";"0.36";"4.22";"4.06";"0";"CHEMBL875027";"Inhibition of dihydrofolate reductase (DHFR) from Leishmania major";"B";"BAO_0000357";"single protein format";"Leishmania major";"None";"None";"None";"None";"";"";"";"CHEMBL4614";"Dihydrofolate reductase";"Leishmania major";"SINGLE PROTEIN";"CHEMBL1123784";"1";"Scientific Literature";"J Med Chem";"1987";"None";"";"";""
"CHEMBL417461";"";"None";"357.85";"0";"3.10";"25";"CC1(C)N=C(N)N=C(N)N1c1cccc(COc2cccc(Cl)c2)c1";"Ki";"'='";"223.87";"nM";"6.65";"";"";"UO_0000065";"18.58";"0.36";"3.55";"7.45";"0";"CHEMBL875027";"Inhibition of dihydrofolate reductase (DHFR) from Leishmania major";"B";"BAO_0000357";"single protein format";"Leishmania major";"None";"None";"None";"None";"";"";"";"CHEMBL4614";"Dihydrofolate reductase";"Leishmania major";"SINGLE PROTEIN";"CHEMBL1123784";"1";"Scientific Literature";"J Med Chem";"1987";"None";"";"";""
"CHEMBL329785";"";"None";"150.21";"0";"1.88";"1C";"Nc1nc2ccccc2s1";"Inhibition";"";"";"%";"";"";"Not Active";"UO_0000187";"";"";"";"";"0";"CHEMBL1655369";"Inhibition of Leishmania major DHFR at 500 uM";"B";"BAO_0000357";"single protein format";"Leishmania major";"None";"None";"None";"None";"";"";"";"CHEMBL4614";"Dihydrofolate reductase";"Leishmania major";"SINGLE PROTEIN";"CHEMBL1649070";"1";"Scientific Literature";"J Med Chem";"2011";"None";"";"";""
"CHEMBL1883668";"";"None";"205.18";"0";"0.70";"3";"Nc1nc(N)c2cc([N+](=O)[O-])ccc2n1";"Kd";"'='";"15810.0";"nM";"4.80";"";"";"UO_0000065";"23.40";"0.44";"4.10";"3.97";"0";"CHEMBL3412012";"Binding affinity to Leishmania major DHFR";"B";"BAO_0000357";"single protein format";"Leishmania major";"None";"None";"None";"None";"";"";"";"CHEMBL4614";"Dihydrofolate reductase";"Leishmania major";"SINGLE PROTEIN";"CHEMBL3407348";"1";"Scientific Literature";"Eur J Med Chem";"2015";"None";"";"";""
"CHEMBL318275";"";"None";"195.20";"0";"1.79";"3c";"Nc1nc2ccc([N+](=O)[O-])cc2s1";"Inhibition";"";"";"%";"";"";"Not Active";"UO_0000187";"";"";"";"";"0";"CHEMBL1655371";"Inhibition of Leishmania major DHFR at 25 uM";"B";"BAO_0000357";"single protein format";"Leishmania major";"None";"None";"None";"None";"";"";"";"CHEMBL4614";"Dihydrofolate reductase";"Leishmania major";"SINGLE PROTEIN";"CHEMBL1649070";"1";"Scientific Literature";"J Med Chem";"2011";"None";"";"";""
"CHEMBL1650263";"";"None";"147.18";"0";"1.16";"35a";"Cn1ncc2cc(N)ccc21";"Inhibition";"";"";"%";"";"";"Not Active";"UO_0000187";"";"";"";"";"0";"CHEMBL1655370";"Inhibition of Leishmania major DHFR at 50 uM";"B";"BAO_0000357";"single protein format";"Leishmania major";"None";"None";"None";"None";"";"";"";"CHEMBL4614";"Dihydrofolate reductase";"Leishmania major";"SINGLE PROTEIN";"CHEMBL1649070";"1";"Scientific Literature";"J Med Chem";"2011";"None";"";"";""
"CHEMBL1650287";"";"None";"239.32";"0";"2.00";"21b";"Nc1nnc(CCC(=O)c2cccs2)s1";"IC50";"'='";"139000.0";"nM";"";"Outside typical range";"";"UO_0000065";"";"";"";"";"0";"CHEMBL1655368";"Inhibition of Leishmania major DHFR";"B";"BAO_0000357";"single protein format";"Leishmania major";"None";"None";"None";"None";"";"";"";"CHEMBL4614";"Dihydrofolate reductase";"Leishmania major";"SINGLE PROTEIN";"CHEMBL1649070";"1";"Scientific Literature";"J Med Chem";"2011";"None";"";"";""
"CHEMBL6671";"";"None";"449.48";"0";"4.13";"20";"CC1(C)N=C(N)N=C(N)N1c1cccc(OCCCCOc2cccc(C(F)(F)F)c2)c1";"Ki";"'='";"75.86";"nM";"7.12";"";"";"UO_0000065";"15.84";"0.30";"2.99";"7.23";"0";"CHEMBL875027";"Inhibition of dihydrofolate reductase (DHFR) from Leishmania major";"B";"BAO_0000357";"single protein format";"Leishmania major";"None";"None";"None";"None";"";"";"";"CHEMBL4614";"Dihydrofolate reductase";"Leishmania major";"SINGLE PROTEIN";"CHEMBL1123784";"1";"Scientific Literature";"J Med Chem";"1987";"None";"";"";""
"CHEMBL418741";"";"None";"353.43";"0";"2.46";"27";"COc1cccc(OCc2cccc(N3C(N)=NC(N)=NC3(C)C)c2)c1";"Ki";"'='";"151.36";"nM";"6.82";"";"";"UO_0000065";"19.30";"0.36";"4.36";"6.93";"0";"CHEMBL875027";"Inhibition of dihydrofolate reductase (DHFR) from Leishmania major";"B";"BAO_0000357";"single protein format";"Leishmania major";"None";"None";"None";"None";"";"";"";"CHEMBL4614";"Dihydrofolate reductase";"Leishmania major";"SINGLE PROTEIN";"CHEMBL1123784";"1";"Scientific Literature";"J Med Chem";"1987";"None";"";"";""
"CHEMBL20628";"";"None";"421.42";"0";"3.35";"19";"CC1(C)N=C(N)N=C(N)N1c1cccc(OCCOc2cccc(C(F)(F)F)c2)c1";"Ki";"'='";"251.19";"nM";"6.60";"";"";"UO_0000065";"15.66";"0.30";"3.25";"6.70";"0";"CHEMBL875027";"Inhibition of dihydrofolate reductase (DHFR) from Leishmania major";"B";"BAO_0000357";"single protein format";"Leishmania major";"None";"None";"None";"None";"";"";"";"CHEMBL4614";"Dihydrofolate reductase";"Leishmania major";"SINGLE PROTEIN";"CHEMBL1123784";"1";"Scientific Literature";"J Med Chem";"1987";"None";"";"";""
"CHEMBL21051";"";"None";"323.40";"0";"1.95";"43";"CC1(C)N=C(N)N=C(N)N1c1cccc(C(O)c2ccccc2)c1";"Ki";"'='";"42657.95";"nM";"4.37";"";"";"UO_0000065";"13.51";"0.25";"2.42";"4.36";"0";"CHEMBL875027";"Inhibition of dihydrofolate reductase (DHFR) from Leishmania major";"B";"BAO_0000357";"single protein format";"Leishmania major";"None";"None";"None";"None";"";"";"";"CHEMBL4614";"Dihydrofolate reductase";"Leishmania major";"SINGLE PROTEIN";"CHEMBL1123784";"1";"Scientific Literature";"J Med Chem";"1987";"None";"";"";""
"CHEMBL20587";"";"None";"343.52";"0";"4.17";"11";"CCCCCCCCCc1cccc(N2C(N)=NC(N)=NC2(C)C)c1";"Ki";"'='";"20.89";"nM";"7.68";"";"";"UO_0000065";"22.36";"0.42";"3.51";"9.60";"0";"CHEMBL875027";"Inhibition of dihydrofolate reductase (DHFR) from Leishmania major";"B";"BAO_0000357";"single protein format";"Leishmania major";"None";"None";"None";"None";"";"";"";"CHEMBL4614";"Dihydrofolate reductase";"Leishmania major";"SINGLE PROTEIN";"CHEMBL1123784";"1";"Scientific Literature";"J Med Chem";"1987";"None";"";"";""
"CHEMBL281618";"";"None";"381.52";"0";"3.47";"22";"CC1(C)N=C(N)N=C(N)N1c1cccc(OCC23CC4CC(CC(C4)C2)C3)c1";"Ki";"'='";"3090.3";"nM";"5.51";"";"";"UO_0000065";"14.44";"0.27";"2.04";"6.18";"0";"CHEMBL875027";"Inhibition of dihydrofolate reductase (DHFR) from Leishmania major";"B";"BAO_0000357";"single protein format";"Leishmania major";"None";"None";"None";"None";"";"";"";"CHEMBL4614";"Dihydrofolate reductase";"Leishmania major";"SINGLE PROTEIN";"CHEMBL1123784";"1";"Scientific Literature";"J Med Chem";"1987";"None";"";"";""
"CHEMBL266734";"";"None";"296.36";"0";"-0.48";"2";"CC1(C)N=C(N)N=C(N)N1c1cccc(S(N)(=O)=O)c1";"Ki";"'='";"363078.05";"nM";"";"Outside typical range";"";"UO_0000065";"";"";"";"";"0";"CHEMBL875027";"Inhibition of dihydrofolate reductase (DHFR) from Leishmania major";"B";"BAO_0000357";"single protein format";"Leishmania major";"None";"None";"None";"None";"";"";"";"CHEMBL4614";"Dihydrofolate reductase";"Leishmania major";"SINGLE PROTEIN";"CHEMBL1123784";"1";"Scientific Literature";"J Med Chem";"1987";"None";"";"";""
"CHEMBL6948";"";"None";"285.27";"0";"1.89";"6";"CC1(C)N=C(N)N=C(N)N1c1cccc(C(F)(F)F)c1";"Ki";"'='";"2187.76";"nM";"5.66";"";"";"UO_0000065";"19.84";"0.39";"3.77";"7.08";"0";"CHEMBL875027";"Inhibition of dihydrofolate reductase (DHFR) from Leishmania major";"B";"BAO_0000357";"single protein format";"Leishmania major";"None";"None";"None";"None";"";"";"";"CHEMBL4614";"Dihydrofolate reductase";"Leishmania major";"SINGLE PROTEIN";"CHEMBL1123784";"1";"Scientific Literature";"J Med Chem";"1987";"None";"";"";""
"CHEMBL20129";"";"None";"359.52";"0";"4.00";"16";"CCCCCCCCCOc1cccc(N2C(N)=NC(N)=NC2(C)C)c1";"Ki";"'='";"302.0";"nM";"6.52";"";"";"UO_0000065";"18.14";"0.34";"2.52";"7.31";"0";"CHEMBL875027";"Inhibition of dihydrofolate reductase (DHFR) from Leishmania major";"B";"BAO_0000357";"single protein format";"Leishmania major";"None";"None";"None";"None";"";"";"";"CHEMBL4614";"Dihydrofolate reductase";"Leishmania major";"SINGLE PROTEIN";"CHEMBL1123784";"1";"Scientific Literature";"J Med Chem";"1987";"None";"";"";""
"CHEMBL282677";"";"None";"261.33";"0";"1.27";"14";"CCOc1cccc(N2C(N)=NC(N)=NC2(C)C)c1";"Ki";"'='";"38018.94";"nM";"4.42";"";"";"UO_0000065";"16.91";"0.32";"3.15";"4.95";"0";"CHEMBL875027";"Inhibition of dihydrofolate reductase (DHFR) from Leishmania major";"B";"BAO_0000357";"single protein format";"Leishmania major";"None";"None";"None";"None";"";"";"";"CHEMBL4614";"Dihydrofolate reductase";"Leishmania major";"SINGLE PROTEIN";"CHEMBL1123784";"1";"Scientific Literature";"J Med Chem";"1987";"None";"";"";""
"CHEMBL282044";"";"None";"426.74";"0";"4.41";"40";"CC1(C)N=C(N)N=C(N)N1c1cccc(COc2cc(Cl)c(Cl)cc2Cl)c1";"Ki";"'='";"69.18";"nM";"7.16";"";"";"UO_0000065";"16.78";"0.36";"2.75";"8.02";"0";"CHEMBL875027";"Inhibition of dihydrofolate reductase (DHFR) from Leishmania major";"B";"BAO_0000357";"single protein format";"Leishmania major";"None";"None";"None";"None";"";"";"";"CHEMBL4614";"Dihydrofolate reductase";"Leishmania major";"SINGLE PROTEIN";"CHEMBL1123784";"1";"Scientific Literature";"J Med Chem";"1987";"None";"";"";""
"CHEMBL20480";"";"None";"337.43";"0";"2.76";"29";"Cc1cccc(OCc2cccc(N3C(N)=NC(N)=NC3(C)C)c2)c1";"Ki";"'='";"426.58";"nM";"6.37";"";"";"UO_0000065";"18.88";"0.35";"3.61";"7.14";"0";"CHEMBL875027";"Inhibition of dihydrofolate reductase (DHFR) from Leishmania major";"B";"BAO_0000357";"single protein format";"Leishmania major";"None";"None";"None";"None";"";"";"";"CHEMBL4614";"Dihydrofolate reductase";"Leishmania major";"SINGLE PROTEIN";"CHEMBL1123784";"1";"Scientific Literature";"J Med Chem";"1987";"None";"";"";""
"CHEMBL1413383";"";"None";"184.65";"0";"2.53";"2c";"Nc1nc2c(Cl)cccc2s1";"IC50";"'='";"1390000.0";"nM";"";"Outside typical range";"";"UO_0000065";"";"";"";"";"0";"CHEMBL1655368";"Inhibition of Leishmania major DHFR";"B";"BAO_0000357";"single protein format";"Leishmania major";"None";"None";"None";"None";"";"";"";"CHEMBL4614";"Dihydrofolate reductase";"Leishmania major";"SINGLE PROTEIN";"CHEMBL1649070";"1";"Scientific Literature";"J Med Chem";"2011";"None";"";"";""
"CHEMBL5175397";"";"None";"363.30";"0";"1.53";"3e";"Nc1nc(N)c2nc(C(=O)NCc3cccc(C(F)(F)F)c3)cnc2n1";"IC50";"'='";"100000.0";"nM";"4.00";"";"";"UO_0000065";"11.01";"0.21";"2.47";"3.01";"0";"CHEMBL5148456";"Inhibition of recombinant Leishmania major DHFR-TS expressed in Escherichia coli BL21 (DE3) cells using dihydrofolate as substrate in presence of NADPH by spectrophotometric analysis";"B";"BAO_0000219";"cell-based format";"Leishmania major";"None";"None";"None";"None";"";"";"";"CHEMBL4614";"Dihydrofolate reductase";"Leishmania major";"SINGLE PROTEIN";"CHEMBL5143713";"1";"Scientific Literature";"J Med Chem";"2022";"None";"";"INHIBITOR";""
"CHEMBL5173732";"";"None";"474.53";"0";"1.82";"4g";"COc1ccc(CNC(=O)c2ccc(CNCc3cnc4nc(N)nc(N)c4n3)cc2)cc1OC";"IC50";"'='";"100000.0";"nM";"4.00";"";"";"UO_0000065";"8.43";"0.16";"2.18";"2.45";"0";"CHEMBL5148456";"Inhibition of recombinant Leishmania major DHFR-TS expressed in Escherichia coli BL21 (DE3) cells using dihydrofolate as substrate in presence of NADPH by spectrophotometric analysis";"B";"BAO_0000219";"cell-based format";"Leishmania major";"None";"None";"None";"None";"";"";"";"CHEMBL4614";"Dihydrofolate reductase";"Leishmania major";"SINGLE PROTEIN";"CHEMBL5143713";"1";"Scientific Literature";"J Med Chem";"2022";"None";"";"INHIBITOR";""
"CHEMBL744";"RILUZOLE";"4.0";"234.20";"0";"2.78";"5c";"Nc1nc2ccc(OC(F)(F)F)cc2s1";"Inhibition";"";"";"%";"";"";"Not Active";"UO_0000187";"";"";"";"";"0";"CHEMBL1655372";"Inhibition of Leishmania major DHFR at 1 mM";"B";"BAO_0000357";"single protein format";"Leishmania major";"None";"None";"None";"None";"";"";"";"CHEMBL4614";"Dihydrofolate reductase";"Leishmania major";"SINGLE PROTEIN";"CHEMBL1649070";"1";"Scientific Literature";"J Med Chem";"2011";"None";"";"";""
"CHEMBL1650465";"";"None";"254.14";"0";"1.89";"28b";"O=C(CCCl)Nc1nnc(CCCl)s1";"Inhibition";"";"";"%";"";"";"Not Active";"UO_0000187";"";"";"";"";"0";"CHEMBL1655370";"Inhibition of Leishmania major DHFR at 50 uM";"B";"BAO_0000357";"single protein format";"Leishmania major";"None";"None";"None";"None";"";"";"";"CHEMBL4614";"Dihydrofolate reductase";"Leishmania major";"SINGLE PROTEIN";"CHEMBL1649070";"1";"Scientific Literature";"J Med Chem";"2011";"None";"";"";""
"CHEMBL1650282";"";"None";"218.25";"0";"1.06";"14b";"Nc1nnc(-c2ccc3[nH]nnc3c2)s1";"Inhibition";"";"";"%";"";"";"Not Active";"UO_0000187";"";"";"";"";"0";"CHEMBL1655370";"Inhibition of Leishmania major DHFR at 50 uM";"B";"BAO_0000357";"single protein format";"Leishmania major";"None";"None";"None";"None";"";"";"";"CHEMBL4614";"Dihydrofolate reductase";"Leishmania major";"SINGLE PROTEIN";"CHEMBL1649070";"1";"Scientific Literature";"J Med Chem";"2011";"None";"";"";""
"CHEMBL1650237";"";"None";"101.13";"0";"0.12";"4a";"Nc1nncs1";"Inhibition";"";"";"%";"";"";"Not Active";"UO_0000187";"";"";"";"";"0";"CHEMBL1655369";"Inhibition of Leishmania major DHFR at 500 uM";"B";"BAO_0000357";"single protein format";"Leishmania major";"None";"None";"None";"None";"";"";"";"CHEMBL4614";"Dihydrofolate reductase";"Leishmania major";"SINGLE PROTEIN";"CHEMBL1649070";"1";"Scientific Literature";"J Med Chem";"2011";"None";"";"";""
"CHEMBL1232399";"";"None";"436.48";"0";"1.22";"1c";"COC(=O)C1CCN(C(=O)c2ccc(NCc3cnc4nc(N)nc(N)c4n3)cc2)CC1";"IC50";"'='";"620.0";"nM";"6.21";"";"";"UO_0000065";"14.22";"0.26";"4.99";"3.83";"0";"CHEMBL5148456";"Inhibition of recombinant Leishmania major DHFR-TS expressed in Escherichia coli BL21 (DE3) cells using dihydrofolate as substrate in presence of NADPH by spectrophotometric analysis";"B";"BAO_0000219";"cell-based format";"Leishmania major";"None";"None";"None";"None";"";"";"";"CHEMBL4614";"Dihydrofolate reductase";"Leishmania major";"SINGLE PROTEIN";"CHEMBL5143713";"1";"Scientific Literature";"J Med Chem";"2022";"None";"";"INHIBITOR";""
"CHEMBL546890";"";"None";"295.35";"0";"2.41";"H4";"COc1ccc(CNc2ccc3nc(N)nc(N)c3c2)cc1";"Kd";"'='";"1580.0";"nM";"5.80";"";"";"UO_0000065";"19.64";"0.36";"3.39";"5.86";"0";"CHEMBL3412012";"Binding affinity to Leishmania major DHFR";"B";"BAO_0000357";"single protein format";"Leishmania major";"None";"None";"None";"None";"";"";"";"CHEMBL4614";"Dihydrofolate reductase";"Leishmania major";"SINGLE PROTEIN";"CHEMBL3407348";"1";"Scientific Literature";"Eur J Med Chem";"2015";"None";"";"";""
"CHEMBL4759800";"";"None";"538.61";"1";"2.58";"52";"COc1cc(Cc2cnc(N)nc2N)cc(OC)c1OCCNc1ccc(C(=O)NC(C(=O)O)C(C)C)cc1";"IC50";"'='";"810.0";"nM";"6.09";"";"";"UO_0000065";"11.31";"0.21";"3.51";"3.31";"0";"CHEMBL4734505";"Inhibition of Leishmania major DHFR in promastigote stage Leishmania major using dihydrofolic acid as substrate in presence of NADPH measured after 5 days by spectrophotometric method";"B";"BAO_0000357";"single protein format";"Leishmania major";"None";"None";"None";"None";"";"";"";"CHEMBL4614";"Dihydrofolate reductase";"Leishmania major";"SINGLE PROTEIN";"CHEMBL4732097";"1";"Scientific Literature";"Eur J Med Chem";"2021";"None";"TIME = 120.0 hr";"INHIBITOR";""
"CHEMBL4745475";"";"None";"463.45";"1";"0.06";"59";"COc1cc(Cc2cnc(N)nc2N)cc(OC)c1OC(=O)CNC(CCC(=O)O)C(=O)O";"IC50";"'='";"100.0";"nM";"7.00";"";"";"UO_0000065";"15.10";"0.29";"6.94";"3.35";"0";"CHEMBL4734505";"Inhibition of Leishmania major DHFR in promastigote stage Leishmania major using dihydrofolic acid as substrate in presence of NADPH measured after 5 days by spectrophotometric method";"B";"BAO_0000357";"single protein format";"Leishmania major";"None";"None";"None";"None";"";"";"";"CHEMBL4614";"Dihydrofolate reductase";"Leishmania major";"SINGLE PROTEIN";"CHEMBL4732097";"1";"Scientific Literature";"Eur J Med Chem";"2021";"None";"TIME = 120.0 hr";"INHIBITOR";""
"CHEMBL20975";"";"None";"339.47";"0";"3.16";"38";"CC1(C)N=C(N)N=C(N)N1c1cccc(SCc2ccccc2)c1";"Ki";"'='";"223.87";"nM";"6.65";"";"";"UO_0000065";"19.59";"0.38";"3.49";"8.31";"0";"CHEMBL875027";"Inhibition of dihydrofolate reductase (DHFR) from Leishmania major";"B";"BAO_0000357";"single protein format";"Leishmania major";"None";"None";"None";"None";"";"";"";"CHEMBL4614";"Dihydrofolate reductase";"Leishmania major";"SINGLE PROTEIN";"CHEMBL1123784";"1";"Scientific Literature";"J Med Chem";"1987";"None";"";"";""
"CHEMBL6755";"";"None";"259.31";"0";"1.07";"4";"CC(=O)c1cccc(N2C(N)=NC(N)=NC2(C)C)c1";"Ki";"'='";"39810.72";"nM";"4.40";"";"";"UO_0000065";"16.97";"0.32";"3.33";"4.53";"0";"CHEMBL875027";"Inhibition of dihydrofolate reductase (DHFR) from Leishmania major";"B";"BAO_0000357";"single protein format";"Leishmania major";"None";"None";"None";"None";"";"";"";"CHEMBL4614";"Dihydrofolate reductase";"Leishmania major";"SINGLE PROTEIN";"CHEMBL1123784";"1";"Scientific Literature";"J Med Chem";"1987";"None";"";"";""
"CHEMBL280726";"";"None";"387.57";"0";"4.78";"17";"CCCCCCCCCCCOc1cccc(N2C(N)=NC(N)=NC2(C)C)c1";"Ki";"'='";"977.24";"nM";"6.01";"";"";"UO_0000065";"15.51";"0.29";"1.23";"6.74";"0";"CHEMBL875027";"Inhibition of dihydrofolate reductase (DHFR) from Leishmania major";"B";"BAO_0000357";"single protein format";"Leishmania major";"None";"None";"None";"None";"";"";"";"CHEMBL4614";"Dihydrofolate reductase";"Leishmania major";"SINGLE PROTEIN";"CHEMBL1123784";"1";"Scientific Literature";"J Med Chem";"1987";"None";"";"";""
"CHEMBL20528";"";"None";"381.44";"0";"1.94";"34";"CC1(C)N=C(N)N=C(N)N1c1cccc(COc2cccc(NC(N)=O)c2)c1";"Ki";"'='";"91.2";"nM";"7.04";"";"";"UO_0000065";"18.46";"0.34";"5.10";"4.88";"0";"CHEMBL875027";"Inhibition of dihydrofolate reductase (DHFR) from Leishmania major";"B";"BAO_0000357";"single protein format";"Leishmania major";"None";"None";"None";"None";"";"";"";"CHEMBL4614";"Dihydrofolate reductase";"Leishmania major";"SINGLE PROTEIN";"CHEMBL1123784";"1";"Scientific Literature";"J Med Chem";"1987";"None";"";"";""
"CHEMBL4783402";"";"None";"520.54";"1";"3.12";"6";"CCOC(=O)c1nc2ccccc2nc1Nc1ccc(C(=O)N2CCC(C(=O)OC)CC2C(=O)OC)cc1";"Ki";"'='";"75000.0";"nM";"4.12";"";"";"UO_0000065";"7.92";"0.15";"1.00";"3.01";"0";"CHEMBL4734510";"Inhibition of Leishmania major DHFR assessed by NADPH oxidation measured by spectrophotometric method";"B";"BAO_0000357";"single protein format";"Leishmania major";"None";"None";"None";"None";"";"";"";"CHEMBL4614";"Dihydrofolate reductase";"Leishmania major";"SINGLE PROTEIN";"CHEMBL4732097";"1";"Scientific Literature";"Eur J Med Chem";"2021";"None";"";"INHIBITOR";""
"CHEMBL5188304";"";"None";"493.57";"0";"0.24";"5a";"NC(=O)C1CCN(C(=O)Cc2ccc(N(CCCO)Cc3cnc4nc(N)nc(N)c4n3)cc2)CC1";"IC50";"'='";"1140.0";"nM";"5.94";"";"";"UO_0000065";"12.04";"0.23";"5.70";"3.12";"0";"CHEMBL5148456";"Inhibition of recombinant Leishmania major DHFR-TS expressed in Escherichia coli BL21 (DE3) cells using dihydrofolate as substrate in presence of NADPH by spectrophotometric analysis";"B";"BAO_0000219";"cell-based format";"Leishmania major";"None";"None";"None";"None";"";"";"";"CHEMBL4614";"Dihydrofolate reductase";"Leishmania major";"SINGLE PROTEIN";"CHEMBL5143713";"1";"Scientific Literature";"J Med Chem";"2022";"None";"";"INHIBITOR";""
"CHEMBL3410464";"";"None";"456.26";"0";"4.58";"H3";"Nc1nc(N)c2cc(NCCn3c(C(F)(F)F)nc4cc(Cl)c(Cl)cc43)ccc2n1";"Kd";"'='";"752.0";"nM";"6.12";"";"";"UO_0000065";"13.42";"0.28";"1.54";"5.69";"0";"CHEMBL3412012";"Binding affinity to Leishmania major DHFR";"B";"BAO_0000357";"single protein format";"Leishmania major";"None";"None";"None";"None";"";"";"";"CHEMBL4614";"Dihydrofolate reductase";"Leishmania major";"SINGLE PROTEIN";"CHEMBL3407348";"1";"Scientific Literature";"Eur J Med Chem";"2015";"None";"";"";""
"CHEMBL5184936";"";"None";"526.60";"1";"2.82";"2c";"COC(=O)C1CCN(C(=O)c2ccc(N(Cc3ccccc3)Cc3cnc4nc(N)nc(N)c4n3)cc2)CC1";"IC50";"'='";"910.0";"nM";"6.04";"";"";"UO_0000065";"11.47";"0.21";"3.22";"3.94";"0";"CHEMBL5148456";"Inhibition of recombinant Leishmania major DHFR-TS expressed in Escherichia coli BL21 (DE3) cells using dihydrofolate as substrate in presence of NADPH by spectrophotometric analysis";"B";"BAO_0000219";"cell-based format";"Leishmania major";"None";"None";"None";"None";"";"";"";"CHEMBL4614";"Dihydrofolate reductase";"Leishmania major";"SINGLE PROTEIN";"CHEMBL5143713";"1";"Scientific Literature";"J Med Chem";"2022";"None";"";"INHIBITOR";""
"CHEMBL26006";"";"None";"317.36";"0";"2.35";"3c";"Nc1nc(N)c2nc(CNc3cccc4ccccc34)cnc2n1";"IC50";"'='";"1510.0";"nM";"5.82";"";"";"UO_0000065";"18.34";"0.33";"3.47";"5.03";"0";"CHEMBL5148456";"Inhibition of recombinant Leishmania major DHFR-TS expressed in Escherichia coli BL21 (DE3) cells using dihydrofolate as substrate in presence of NADPH by spectrophotometric analysis";"B";"BAO_0000219";"cell-based format";"Leishmania major";"None";"None";"None";"None";"";"";"";"CHEMBL4614";"Dihydrofolate reductase";"Leishmania major";"SINGLE PROTEIN";"CHEMBL5143713";"1";"Scientific Literature";"J Med Chem";"2022";"None";"";"INHIBITOR";""
"CHEMBL4750040";"";"None";"494.50";"1";"2.31";"27";"CC1=C(C(=O)Nc2ccc(C(=O)NC(CCC(=O)O)C(=O)O)cc2)C(c2ccc(C)cc2)NC(=O)N1";"IC50";"'='";"1910.0";"nM";"5.72";"";"";"UO_0000065";"11.57";"0.22";"3.41";"3.29";"0";"CHEMBL4734505";"Inhibition of Leishmania major DHFR in promastigote stage Leishmania major using dihydrofolic acid as substrate in presence of NADPH measured after 5 days by spectrophotometric method";"B";"BAO_0000357";"single protein format";"Leishmania major";"None";"None";"None";"None";"";"";"";"CHEMBL4614";"Dihydrofolate reductase";"Leishmania major";"SINGLE PROTEIN";"CHEMBL4732097";"1";"Scientific Literature";"Eur J Med Chem";"2021";"None";"TIME = 120.0 hr";"INHIBITOR";""
"CHEMBL4748158";"";"None";"514.92";"2";"2.65";"30";"CC1=C(C(=O)Nc2ccc(C(=O)NC(CCC(=O)O)C(=O)O)cc2)C(c2ccc(Cl)cc2)NC(=O)N1";"IC50";"'='";"190.0";"nM";"6.72";"";"";"UO_0000065";"13.05";"0.25";"4.07";"3.86";"0";"CHEMBL4734505";"Inhibition of Leishmania major DHFR in promastigote stage Leishmania major using dihydrofolic acid as substrate in presence of NADPH measured after 5 days by spectrophotometric method";"B";"BAO_0000357";"single protein format";"Leishmania major";"None";"None";"None";"None";"";"";"";"CHEMBL4614";"Dihydrofolate reductase";"Leishmania major";"SINGLE PROTEIN";"CHEMBL4732097";"1";"Scientific Literature";"Eur J Med Chem";"2021";"None";"TIME = 120.0 hr";"INHIBITOR";""
"CHEMBL4761589";"";"None";"520.55";"1";"1.92";"57";"COc1cc(Cc2cnc(N)nc2N)cc(OC)c1OC(=O)CNC(Cc1cc2ccccc2[nH]1)C(=O)O";"IC50";"'='";"180.0";"nM";"6.75";"";"";"UO_0000065";"12.96";"0.24";"4.82";"3.59";"0";"CHEMBL4734505";"Inhibition of Leishmania major DHFR in promastigote stage Leishmania major using dihydrofolic acid as substrate in presence of NADPH measured after 5 days by spectrophotometric method";"B";"BAO_0000357";"single protein format";"Leishmania major";"None";"None";"None";"None";"";"";"";"CHEMBL4614";"Dihydrofolate reductase";"Leishmania major";"SINGLE PROTEIN";"CHEMBL4732097";"1";"Scientific Literature";"Eur J Med Chem";"2021";"None";"TIME = 120.0 hr";"INHIBITOR";""
"CHEMBL4791810";"";"None";"525.47";"2";"1.91";"29";"CC1=C(C(=O)Nc2ccc(C(=O)NC(CCC(=O)O)C(=O)O)cc2)C(c2ccc([N+](=O)[O-])cc2)NC(=O)N1";"IC50";"'='";"250.0";"nM";"6.60";"";"";"UO_0000065";"12.56";"0.24";"4.69";"3.04";"0";"CHEMBL4734505";"Inhibition of Leishmania major DHFR in promastigote stage Leishmania major using dihydrofolic acid as substrate in presence of NADPH measured after 5 days by spectrophotometric method";"B";"BAO_0000357";"single protein format";"Leishmania major";"None";"None";"None";"None";"";"";"";"CHEMBL4614";"Dihydrofolate reductase";"Leishmania major";"SINGLE PROTEIN";"CHEMBL4732097";"1";"Scientific Literature";"Eur J Med Chem";"2021";"None";"TIME = 120.0 hr";"INHIBITOR";""
"CHEMBL172782";"";"None";"290.32";"0";"3.33";"9";"COC(=O)/C(C#N)=C/c1ccc(/C=C/c2ccccn2)cc1";"IC50";"'='";"100000.0";"nM";"4.00";"";"";"UO_0000065";"13.78";"0.25";"0.67";"6.35";"0";"CHEMBL4734512";"Inhibition of Leishmania major DHFR";"B";"BAO_0000357";"single protein format";"Leishmania major";"None";"None";"None";"None";"";"";"";"CHEMBL4614";"Dihydrofolate reductase";"Leishmania major";"SINGLE PROTEIN";"CHEMBL4732097";"1";"Scientific Literature";"Eur J Med Chem";"2021";"None";"";"INHIBITOR";""
"CHEMBL4776197";"";"None";"535.53";"2";"5.58";"5";"Nc1cc(C(F)(F)F)cc2nc(-c3ccccc3)c(Nc3ccc(C(=O)N4CCC(C(=O)O)CC4)cc3)nc12";"Ki";"'='";"17000.0";"nM";"4.77";"";"";"UO_0000065";"8.91";"0.17";"-0.81";"3.93";"0";"CHEMBL4734510";"Inhibition of Leishmania major DHFR assessed by NADPH oxidation measured by spectrophotometric method";"B";"BAO_0000357";"single protein format";"Leishmania major";"None";"None";"None";"None";"";"";"";"CHEMBL4614";"Dihydrofolate reductase";"Leishmania major";"SINGLE PROTEIN";"CHEMBL4732097";"1";"Scientific Literature";"Eur J Med Chem";"2021";"None";"";"INHIBITOR";""
"CHEMBL4763597";"";"None";"444.41";"0";"4.33";"4";"O=C(O)C1CCN(C(=O)c2ccc(Nc3cnc4cc(C(F)(F)F)ccc4n3)cc2)CC1";"Ki";"'='";"40000.0";"nM";"4.40";"";"";"UO_0000065";"9.90";"0.19";"0.07";"4.61";"0";"CHEMBL4734510";"Inhibition of Leishmania major DHFR assessed by NADPH oxidation measured by spectrophotometric method";"B";"BAO_0000357";"single protein format";"Leishmania major";"None";"None";"None";"None";"";"";"";"CHEMBL4614";"Dihydrofolate reductase";"Leishmania major";"SINGLE PROTEIN";"CHEMBL4732097";"1";"Scientific Literature";"Eur J Med Chem";"2021";"None";"";"INHIBITOR";""
"CHEMBL4783671";"";"None";"586.65";"1";"3.17";"54";"COc1cc(Cc2cnc(N)nc2N)cc(OC)c1OCCNc1ccc(C(=O)NC(Cc2ccccc2)C(=O)O)cc1";"IC50";"'='";"530.0";"nM";"6.28";"";"";"UO_0000065";"10.70";"0.20";"3.11";"3.41";"0";"CHEMBL4734505";"Inhibition of Leishmania major DHFR in promastigote stage Leishmania major using dihydrofolic acid as substrate in presence of NADPH measured after 5 days by spectrophotometric method";"B";"BAO_0000357";"single protein format";"Leishmania major";"None";"None";"None";"None";"";"";"";"CHEMBL4614";"Dihydrofolate reductase";"Leishmania major";"SINGLE PROTEIN";"CHEMBL4732097";"1";"Scientific Literature";"Eur J Med Chem";"2021";"None";"TIME = 120.0 hr";"INHIBITOR";""
"CHEMBL4743204";"";"None";"480.48";"1";"2.00";"26";"CC1=C(C(=O)Nc2ccc(C(=O)NC(CCC(=O)O)C(=O)O)cc2)C(c2ccccc2)NC(=O)N1";"IC50";"'='";"380.0";"nM";"6.42";"";"";"UO_0000065";"13.36";"0.25";"4.42";"3.69";"0";"CHEMBL4734505";"Inhibition of Leishmania major DHFR in promastigote stage Leishmania major using dihydrofolic acid as substrate in presence of NADPH measured after 5 days by spectrophotometric method";"B";"BAO_0000357";"single protein format";"Leishmania major";"None";"None";"None";"None";"";"";"";"CHEMBL4614";"Dihydrofolate reductase";"Leishmania major";"SINGLE PROTEIN";"CHEMBL4732097";"1";"Scientific Literature";"Eur J Med Chem";"2021";"None";"TIME = 120.0 hr";"INHIBITOR";""
"CHEMBL4752301";"";"None";"447.49";"0";"1.24";"56";"COc1cc(Cc2cnc(N)nc2N)cc(OC)c1OC(=O)CNC(CC(C)C)C(=O)O";"IC50";"'='";"130.0";"nM";"6.89";"";"";"UO_0000065";"15.39";"0.29";"5.65";"4.01";"0";"CHEMBL4734505";"Inhibition of Leishmania major DHFR in promastigote stage Leishmania major using dihydrofolic acid as substrate in presence of NADPH measured after 5 days by spectrophotometric method";"B";"BAO_0000357";"single protein format";"Leishmania major";"None";"None";"None";"None";"";"";"";"CHEMBL4614";"Dihydrofolate reductase";"Leishmania major";"SINGLE PROTEIN";"CHEMBL4732097";"1";"Scientific Literature";"Eur J Med Chem";"2021";"None";"TIME = 120.0 hr";"INHIBITOR";""
"CHEMBL5201183";"";"None";"399.46";"0";"2.84";"5d";"CCN(Cc1cnc2nc(N)nc(N)c2n1)c1ccc(C(=O)c2ccccc2)cc1";"IC50";"'='";"230.0";"nM";"6.64";"";"";"UO_0000065";"16.62";"0.30";"3.80";"5.36";"0";"CHEMBL5148456";"Inhibition of recombinant Leishmania major DHFR-TS expressed in Escherichia coli BL21 (DE3) cells using dihydrofolate as substrate in presence of NADPH by spectrophotometric analysis";"B";"BAO_0000219";"cell-based format";"Leishmania major";"None";"None";"None";"None";"";"";"";"CHEMBL4614";"Dihydrofolate reductase";"Leishmania major";"SINGLE PROTEIN";"CHEMBL5143713";"1";"Scientific Literature";"J Med Chem";"2022";"None";"";"INHIBITOR";""
"CHEMBL426";"";"None";"454.45";"0";"0.27";"1a";"CN(Cc1cnc2nc(N)nc(N)c2n1)c1ccc(C(=O)NC(CCC(=O)O)C(=O)O)cc1";"IC50";"'='";"30.0";"nM";"7.52";"";"";"UO_0000065";"16.55";"0.31";"7.25";"3.57";"0";"CHEMBL5148456";"Inhibition of recombinant Leishmania major DHFR-TS expressed in Escherichia coli BL21 (DE3) cells using dihydrofolate as substrate in presence of NADPH by spectrophotometric analysis";"B";"BAO_0000219";"cell-based format";"Leishmania major";"None";"None";"None";"None";"";"";"";"CHEMBL4614";"Dihydrofolate reductase";"Leishmania major";"SINGLE PROTEIN";"CHEMBL5143713";"1";"Scientific Literature";"J Med Chem";"2022";"None";"";"INHIBITOR";""
"CHEMBL5200612";"";"None";"479.55";"0";"-0.01";"5b";"NC(=O)C1CCCN1C(=O)Cc1ccc(N(CCCO)Cc2cnc3nc(N)nc(N)c3n2)cc1";"IC50";"'='";"890.0";"nM";"6.05";"";"";"UO_0000065";"12.62";"0.24";"6.06";"3.18";"0";"CHEMBL5148456";"Inhibition of recombinant Leishmania major DHFR-TS expressed in Escherichia coli BL21 (DE3) cells using dihydrofolate as substrate in presence of NADPH by spectrophotometric analysis";"B";"BAO_0000219";"cell-based format";"Leishmania major";"None";"None";"None";"None";"";"";"";"CHEMBL4614";"Dihydrofolate reductase";"Leishmania major";"SINGLE PROTEIN";"CHEMBL5143713";"1";"Scientific Literature";"J Med Chem";"2022";"None";"";"INHIBITOR";""
"CHEMBL5180552";"";"None";"464.53";"0";"1.64";"2a";"CCN(Cc1cnc2nc(N)nc(N)c2n1)c1ccc(C(=O)N2CCC(C(=O)OC)CC2)cc1";"IC50";"'='";"460.0";"nM";"6.34";"";"";"UO_0000065";"13.64";"0.25";"4.70";"4.13";"0";"CHEMBL5148456";"Inhibition of recombinant Leishmania major DHFR-TS expressed in Escherichia coli BL21 (DE3) cells using dihydrofolate as substrate in presence of NADPH by spectrophotometric analysis";"B";"BAO_0000219";"cell-based format";"Leishmania major";"None";"None";"None";"None";"";"";"";"CHEMBL4614";"Dihydrofolate reductase";"Leishmania major";"SINGLE PROTEIN";"CHEMBL5143713";"1";"Scientific Literature";"J Med Chem";"2022";"None";"";"INHIBITOR";""
"CHEMBL5201599";"";"None";"373.42";"0";"2.67";"4h";"Nc1nc(N)c2nc(CNCc3ccc(Oc4ccccc4)cc3)cnc2n1";"IC50";"'='";"82300.0";"nM";"4.08";"";"";"UO_0000065";"10.94";"0.20";"1.41";"3.27";"0";"CHEMBL5148456";"Inhibition of recombinant Leishmania major DHFR-TS expressed in Escherichia coli BL21 (DE3) cells using dihydrofolate as substrate in presence of NADPH by spectrophotometric analysis";"B";"BAO_0000219";"cell-based format";"Leishmania major";"None";"None";"None";"None";"";"";"";"CHEMBL4614";"Dihydrofolate reductase";"Leishmania major";"SINGLE PROTEIN";"CHEMBL5143713";"1";"Scientific Literature";"J Med Chem";"2022";"None";"";"INHIBITOR";""
"CHEMBL5170968";"";"None";"436.48";"0";"1.22";"3b";"COC(=O)C1CCN(C(=O)c2cccc(NCc3cnc4nc(N)nc(N)c4n3)c2)CC1";"IC50";"'='";"32100.0";"nM";"4.49";"";"";"UO_0000065";"10.29";"0.19";"3.27";"2.77";"0";"CHEMBL5148456";"Inhibition of recombinant Leishmania major DHFR-TS expressed in Escherichia coli BL21 (DE3) cells using dihydrofolate as substrate in presence of NADPH by spectrophotometric analysis";"B";"BAO_0000219";"cell-based format";"Leishmania major";"None";"None";"None";"None";"";"";"";"CHEMBL4614";"Dihydrofolate reductase";"Leishmania major";"SINGLE PROTEIN";"CHEMBL5143713";"1";"Scientific Literature";"J Med Chem";"2022";"None";"";"INHIBITOR";""
"CHEMBL5175012";"";"None";"371.40";"0";"2.43";"4d";"Nc1nc(N)c2nc(CNc3ccc(C(=O)c4ccccc4)cc3)cnc2n1";"IC50";"'='";"3260.0";"nM";"5.49";"";"";"UO_0000065";"14.77";"0.27";"3.06";"4.13";"0";"CHEMBL5148456";"Inhibition of recombinant Leishmania major DHFR-TS expressed in Escherichia coli BL21 (DE3) cells using dihydrofolate as substrate in presence of NADPH by spectrophotometric analysis";"B";"BAO_0000219";"cell-based format";"Leishmania major";"None";"None";"None";"None";"";"";"";"CHEMBL4614";"Dihydrofolate reductase";"Leishmania major";"SINGLE PROTEIN";"CHEMBL5143713";"1";"Scientific Literature";"J Med Chem";"2022";"None";"";"INHIBITOR";""
"CHEMBL2178604";"";"None";"422.45";"0";"1.13";"1f";"Nc1nc(N)c2nc(CNc3ccc(C(=O)N4CCC(C(=O)O)CC4)cc3)cnc2n1";"IC50";"'='";"600.0";"nM";"6.22";"";"";"UO_0000065";"14.73";"0.27";"5.09";"3.59";"0";"CHEMBL5148456";"Inhibition of recombinant Leishmania major DHFR-TS expressed in Escherichia coli BL21 (DE3) cells using dihydrofolate as substrate in presence of NADPH by spectrophotometric analysis";"B";"BAO_0000219";"cell-based format";"Leishmania major";"None";"None";"None";"None";"";"";"";"CHEMBL4614";"Dihydrofolate reductase";"Leishmania major";"SINGLE PROTEIN";"CHEMBL5143713";"1";"Scientific Literature";"J Med Chem";"2022";"None";"";"INHIBITOR";""
"CHEMBL5193762";"";"None";"493.57";"0";"4.59";"5e";"COc1ccc(Oc2ccc(CN(Cc3ccccc3)Cc3cnc4nc(N)nc(N)c4n3)cc2)cc1";"IC50";"'='";"23400.0";"nM";"4.63";"";"";"UO_0000065";"9.38";"0.17";"0.04";"3.70";"0";"CHEMBL5148456";"Inhibition of recombinant Leishmania major DHFR-TS expressed in Escherichia coli BL21 (DE3) cells using dihydrofolate as substrate in presence of NADPH by spectrophotometric analysis";"B";"BAO_0000219";"cell-based format";"Leishmania major";"None";"None";"None";"None";"";"";"";"CHEMBL4614";"Dihydrofolate reductase";"Leishmania major";"SINGLE PROTEIN";"CHEMBL5143713";"1";"Scientific Literature";"J Med Chem";"2022";"None";"";"INHIBITOR";""
"CHEMBL1232702";"";"None";"450.50";"0";"1.25";"1b";"COC(=O)C1CCN(C(=O)c2ccc(N(C)Cc3cnc4nc(N)nc(N)c4n3)cc2)CC1";"IC50";"'='";"260.0";"nM";"6.58";"";"";"UO_0000065";"14.62";"0.27";"5.34";"4.29";"0";"CHEMBL5148456";"Inhibition of recombinant Leishmania major DHFR-TS expressed in Escherichia coli BL21 (DE3) cells using dihydrofolate as substrate in presence of NADPH by spectrophotometric analysis";"B";"BAO_0000219";"cell-based format";"Leishmania major";"None";"None";"None";"None";"";"";"";"CHEMBL4614";"Dihydrofolate reductase";"Leishmania major";"SINGLE PROTEIN";"CHEMBL5143713";"1";"Scientific Literature";"J Med Chem";"2022";"None";"";"INHIBITOR";""
"CHEMBL2178602";"";"None";"480.53";"1";"0.61";"1d";"COC(=O)C1CCN(C(=O)c2ccc(N(CCO)Cc3cnc4nc(N)nc(N)c4n3)cc2)CC1";"IC50";"'='";"1210.0";"nM";"5.92";"";"";"UO_0000065";"12.31";"0.23";"5.31";"3.41";"0";"CHEMBL5148456";"Inhibition of recombinant Leishmania major DHFR-TS expressed in Escherichia coli BL21 (DE3) cells using dihydrofolate as substrate in presence of NADPH by spectrophotometric analysis";"B";"BAO_0000219";"cell-based format";"Leishmania major";"None";"None";"None";"None";"";"";"";"CHEMBL4614";"Dihydrofolate reductase";"Leishmania major";"SINGLE PROTEIN";"CHEMBL5143713";"1";"Scientific Literature";"J Med Chem";"2022";"None";"";"INHIBITOR";""
"CHEMBL2178599";"";"None";"421.47";"0";"0.53";"1g";"NC(=O)C1CCN(C(=O)c2ccc(NCc3cnc4nc(N)nc(N)c4n3)cc2)CC1";"IC50";"'='";"1110.0";"nM";"5.96";"";"";"UO_0000065";"14.13";"0.26";"5.42";"3.33";"0";"CHEMBL5148456";"Inhibition of recombinant Leishmania major DHFR-TS expressed in Escherichia coli BL21 (DE3) cells using dihydrofolate as substrate in presence of NADPH by spectrophotometric analysis";"B";"BAO_0000219";"cell-based format";"Leishmania major";"None";"None";"None";"None";"";"";"";"CHEMBL4614";"Dihydrofolate reductase";"Leishmania major";"SINGLE PROTEIN";"CHEMBL5143713";"1";"Scientific Literature";"J Med Chem";"2022";"None";"";"INHIBITOR";""
"CHEMBL5171609";"";"None";"494.56";"1";"1.00";"2e";"COC(=O)C1CCN(C(=O)c2ccc(N(CCCO)Cc3cnc4nc(N)nc(N)c4n3)cc2)CC1";"IC50";"'='";"760.0";"nM";"6.12";"";"";"UO_0000065";"12.37";"0.23";"5.12";"3.52";"0";"CHEMBL5148456";"Inhibition of recombinant Leishmania major DHFR-TS expressed in Escherichia coli BL21 (DE3) cells using dihydrofolate as substrate in presence of NADPH by spectrophotometric analysis";"B";"BAO_0000219";"cell-based format";"Leishmania major";"None";"None";"None";"None";"";"";"";"CHEMBL4614";"Dihydrofolate reductase";"Leishmania major";"SINGLE PROTEIN";"CHEMBL5143713";"1";"Scientific Literature";"J Med Chem";"2022";"None";"";"INHIBITOR";""
"CHEMBL5198855";"";"None";"295.31";"0";"0.51";"3d";"Nc1nc(N)c2nc(C(=O)NCc3ccccc3)cnc2n1";"IC50";"'='";"100000.0";"nM";"4.00";"";"";"UO_0000065";"13.55";"0.25";"3.49";"3.01";"0";"CHEMBL5148456";"Inhibition of recombinant Leishmania major DHFR-TS expressed in Escherichia coli BL21 (DE3) cells using dihydrofolate as substrate in presence of NADPH by spectrophotometric analysis";"B";"BAO_0000219";"cell-based format";"Leishmania major";"None";"None";"None";"None";"";"";"";"CHEMBL4614";"Dihydrofolate reductase";"Leishmania major";"SINGLE PROTEIN";"CHEMBL5143713";"1";"Scientific Literature";"J Med Chem";"2022";"None";"";"INHIBITOR";""
"CHEMBL5208403";"";"None";"444.50";"0";"1.81";"4f";"COc1ccc(CNC(=O)c2ccc(CNCc3cnc4nc(N)nc(N)c4n3)cc2)cc1";"IC50";"'='";"100000.0";"nM";"4.00";"";"";"UO_0000065";"9.00";"0.17";"2.19";"2.60";"0";"CHEMBL5148456";"Inhibition of recombinant Leishmania major DHFR-TS expressed in Escherichia coli BL21 (DE3) cells using dihydrofolate as substrate in presence of NADPH by spectrophotometric analysis";"B";"BAO_0000219";"cell-based format";"Leishmania major";"None";"None";"None";"None";"";"";"";"CHEMBL4614";"Dihydrofolate reductase";"Leishmania major";"SINGLE PROTEIN";"CHEMBL5143713";"1";"Scientific Literature";"J Med Chem";"2022";"None";"";"INHIBITOR";""
"CHEMBL5180685";"";"None";"463.50";"1";"2.69";"4j";"COc1cc(Oc2ccc(CNCc3cnc4nc(N)nc(N)c4n3)cc2)cc(OC)c1OC";"IC50";"'='";"100000.0";"nM";"4.00";"";"";"UO_0000065";"8.63";"0.16";"1.31";"2.62";"0";"CHEMBL5148456";"Inhibition of recombinant Leishmania major DHFR-TS expressed in Escherichia coli BL21 (DE3) cells using dihydrofolate as substrate in presence of NADPH by spectrophotometric analysis";"B";"BAO_0000219";"cell-based format";"Leishmania major";"None";"None";"None";"None";"";"";"";"CHEMBL4614";"Dihydrofolate reductase";"Leishmania major";"SINGLE PROTEIN";"CHEMBL5143713";"1";"Scientific Literature";"J Med Chem";"2022";"None";"";"INHIBITOR";""
"CHEMBL5205037";"";"None";"403.45";"0";"2.67";"4i";"COc1ccc(Oc2ccc(CNCc3cnc4nc(N)nc(N)c4n3)cc2)cc1";"IC50";"'='";"100000.0";"nM";"4.00";"";"";"UO_0000065";"9.91";"0.18";"1.33";"2.98";"0";"CHEMBL5148456";"Inhibition of recombinant Leishmania major DHFR-TS expressed in Escherichia coli BL21 (DE3) cells using dihydrofolate as substrate in presence of NADPH by spectrophotometric analysis";"B";"BAO_0000219";"cell-based format";"Leishmania major";"None";"None";"None";"None";"";"";"";"CHEMBL4614";"Dihydrofolate reductase";"Leishmania major";"SINGLE PROTEIN";"CHEMBL5143713";"1";"Scientific Literature";"J Med Chem";"2022";"None";"";"INHIBITOR";""
"CHEMBL5184646";"";"None";"417.47";"0";"3.02";"5f";"COc1ccc(Oc2ccc(CN(C)Cc3cnc4nc(N)nc(N)c4n3)cc2)cc1";"IC50";"'='";"68000.0";"nM";"4.17";"";"";"UO_0000065";"9.98";"0.18";"1.15";"3.33";"0";"CHEMBL5148456";"Inhibition of recombinant Leishmania major DHFR-TS expressed in Escherichia coli BL21 (DE3) cells using dihydrofolate as substrate in presence of NADPH by spectrophotometric analysis";"B";"BAO_0000219";"cell-based format";"Leishmania major";"None";"None";"None";"None";"";"";"";"CHEMBL4614";"Dihydrofolate reductase";"Leishmania major";"SINGLE PROTEIN";"CHEMBL5143713";"1";"Scientific Literature";"J Med Chem";"2022";"None";"";"INHIBITOR";""
"CHEMBL2178600";"";"None";"437.46";"1";"0.62";"1e";"COC(=O)C1CCN(C(=O)c2ccc(NCc3cnc4nc(N)nc(N)c4n3)cn2)CC1";"IC50";"'='";"1360.0";"nM";"5.87";"";"";"UO_0000065";"13.41";"0.25";"5.25";"3.35";"0";"CHEMBL5148456";"Inhibition of recombinant Leishmania major DHFR-TS expressed in Escherichia coli BL21 (DE3) cells using dihydrofolate as substrate in presence of NADPH by spectrophotometric analysis";"B";"BAO_0000219";"cell-based format";"Leishmania major";"None";"None";"None";"None";"";"";"";"CHEMBL4614";"Dihydrofolate reductase";"Leishmania major";"SINGLE PROTEIN";"CHEMBL5143713";"1";"Scientific Literature";"J Med Chem";"2022";"None";"";"INHIBITOR";""
"CHEMBL5182125";"";"None";"454.52";"1";"1.30";"2d";"COC(=O)C1CCN(C(=O)c2ccc(SCc3cnc4nc(N)nc(N)c4n3)nc2)CC1";"IC50";"'='";"9360.0";"nM";"5.03";"";"";"UO_0000065";"11.06";"0.21";"3.73";"3.08";"0";"CHEMBL5148456";"Inhibition of recombinant Leishmania major DHFR-TS expressed in Escherichia coli BL21 (DE3) cells using dihydrofolate as substrate in presence of NADPH by spectrophotometric analysis";"B";"BAO_0000219";"cell-based format";"Leishmania major";"None";"None";"None";"None";"";"";"";"CHEMBL4614";"Dihydrofolate reductase";"Leishmania major";"SINGLE PROTEIN";"CHEMBL5143713";"1";"Scientific Literature";"J Med Chem";"2022";"None";"";"INHIBITOR";""
"CHEMBL5204239";"";"None";"414.47";"0";"2.17";"4e";"Nc1nc(N)c2nc(CNc3ccc(C(=O)NCCc4ccccc4)cc3)cnc2n1";"IC50";"'='";"720.0";"nM";"6.14";"";"";"UO_0000065";"14.82";"0.27";"3.97";"4.24";"0";"CHEMBL5148456";"Inhibition of recombinant Leishmania major DHFR-TS expressed in Escherichia coli BL21 (DE3) cells using dihydrofolate as substrate in presence of NADPH by spectrophotometric analysis";"B";"BAO_0000219";"cell-based format";"Leishmania major";"None";"None";"None";"None";"";"";"";"CHEMBL4614";"Dihydrofolate reductase";"Leishmania major";"SINGLE PROTEIN";"CHEMBL5143713";"1";"Scientific Literature";"J Med Chem";"2022";"None";"";"INHIBITOR";""
"CHEMBL5183748";"";"None";"450.50";"0";"1.15";"3a";"COC(=O)C1CCN(C(=O)Cc2ccc(NCc3cnc4nc(N)nc(N)c4n3)cc2)CC1";"IC50";"'='";"850.0";"nM";"6.07";"";"";"UO_0000065";"13.48";"0.25";"4.92";"3.74";"0";"CHEMBL5148456";"Inhibition of recombinant Leishmania major DHFR-TS expressed in Escherichia coli BL21 (DE3) cells using dihydrofolate as substrate in presence of NADPH by spectrophotometric analysis";"B";"BAO_0000219";"cell-based format";"Leishmania major";"None";"None";"None";"None";"";"";"";"CHEMBL4614";"Dihydrofolate reductase";"Leishmania major";"SINGLE PROTEIN";"CHEMBL5143713";"1";"Scientific Literature";"J Med Chem";"2022";"None";"";"INHIBITOR";""
"CHEMBL5197107";"";"None";"392.47";"0";"1.85";"4c";"CN(Cc1cnc2nc(N)nc(N)c2n1)c1ccc(C(=O)N2CCCCC2)cc1";"IC50";"'='";"2050.0";"nM";"5.69";"";"";"UO_0000065";"14.49";"0.27";"3.84";"4.47";"0";"CHEMBL5148456";"Inhibition of recombinant Leishmania major DHFR-TS expressed in Escherichia coli BL21 (DE3) cells using dihydrofolate as substrate in presence of NADPH by spectrophotometric analysis";"B";"BAO_0000219";"cell-based format";"Leishmania major";"None";"None";"None";"None";"";"";"";"CHEMBL4614";"Dihydrofolate reductase";"Leishmania major";"SINGLE PROTEIN";"CHEMBL5143713";"1";"Scientific Literature";"J Med Chem";"2022";"None";"";"INHIBITOR";""
"CHEMBL5199171";"";"None";"478.56";"0";"2.03";"5c";"CCOC(=O)C1CCN(C(=O)c2ccc(N(CC)Cc3cnc4nc(N)nc(N)c4n3)cc2)CC1";"IC50";"'='";"180.0";"nM";"6.75";"";"";"UO_0000065";"14.09";"0.26";"4.71";"4.40";"0";"CHEMBL5148456";"Inhibition of recombinant Leishmania major DHFR-TS expressed in Escherichia coli BL21 (DE3) cells using dihydrofolate as substrate in presence of NADPH by spectrophotometric analysis";"B";"BAO_0000219";"cell-based format";"Leishmania major";"None";"None";"None";"None";"";"";"";"CHEMBL4614";"Dihydrofolate reductase";"Leishmania major";"SINGLE PROTEIN";"CHEMBL5143713";"1";"Scientific Literature";"J Med Chem";"2022";"None";"";"INHIBITOR";""
"CHEMBL5205559";"";"None";"478.56";"0";"2.03";"4b";"CCCOC(=O)C1CCN(C(=O)c2ccc(N(C)Cc3cnc4nc(N)nc(N)c4n3)cc2)CC1";"IC50";"'='";"150.0";"nM";"6.82";"";"";"UO_0000065";"14.26";"0.27";"4.79";"4.45";"0";"CHEMBL5148456";"Inhibition of recombinant Leishmania major DHFR-TS expressed in Escherichia coli BL21 (DE3) cells using dihydrofolate as substrate in presence of NADPH by spectrophotometric analysis";"B";"BAO_0000219";"cell-based format";"Leishmania major";"None";"None";"None";"None";"";"";"";"CHEMBL4614";"Dihydrofolate reductase";"Leishmania major";"SINGLE PROTEIN";"CHEMBL5143713";"1";"Scientific Literature";"J Med Chem";"2022";"None";"";"INHIBITOR";""
"CHEMBL5206994";"";"None";"464.53";"0";"1.64";"4a";"CCOC(=O)C1CCN(C(=O)c2ccc(N(C)Cc3cnc4nc(N)nc(N)c4n3)cc2)CC1";"IC50";"'='";"130.0";"nM";"6.89";"";"";"UO_0000065";"14.82";"0.28";"5.25";"4.49";"0";"CHEMBL5148456";"Inhibition of recombinant Leishmania major DHFR-TS expressed in Escherichia coli BL21 (DE3) cells using dihydrofolate as substrate in presence of NADPH by spectrophotometric analysis";"B";"BAO_0000219";"cell-based format";"Leishmania major";"None";"None";"None";"None";"";"";"";"CHEMBL4614";"Dihydrofolate reductase";"Leishmania major";"SINGLE PROTEIN";"CHEMBL5143713";"1";"Scientific Literature";"J Med Chem";"2022";"None";"";"INHIBITOR";""
"CHEMBL5182291";"";"None";"436.48";"0";"1.36";"1h";"CCOC(=O)C1CCCN1C(=O)c1ccc(NCc2cnc3nc(N)nc(N)c3n2)cc1";"IC50";"'='";"1210.0";"nM";"5.92";"";"";"UO_0000065";"13.56";"0.25";"4.56";"3.65";"0";"CHEMBL5148456";"Inhibition of recombinant Leishmania major DHFR-TS expressed in Escherichia coli BL21 (DE3) cells using dihydrofolate as substrate in presence of NADPH by spectrophotometric analysis";"B";"BAO_0000219";"cell-based format";"Leishmania major";"None";"None";"None";"None";"";"";"";"CHEMBL4614";"Dihydrofolate reductase";"Leishmania major";"SINGLE PROTEIN";"CHEMBL5143713";"1";"Scientific Literature";"J Med Chem";"2022";"None";"";"INHIBITOR";""
"CHEMBL5193564";"";"None";"474.53";"0";"1.25";"2b";"C#CCN(Cc1cnc2nc(N)nc(N)c2n1)c1ccc(C(=O)N2CCC(C(=O)OC)CC2)cc1";"IC50";"'='";"710.0";"nM";"6.15";"";"";"UO_0000065";"12.96";"0.24";"4.90";"4.01";"0";"CHEMBL5148456";"Inhibition of recombinant Leishmania major DHFR-TS expressed in Escherichia coli BL21 (DE3) cells using dihydrofolate as substrate in presence of NADPH by spectrophotometric analysis";"B";"BAO_0000219";"cell-based format";"Leishmania major";"None";"None";"None";"None";"";"";"";"CHEMBL4614";"Dihydrofolate reductase";"Leishmania major";"SINGLE PROTEIN";"CHEMBL5143713";"1";"Scientific Literature";"J Med Chem";"2022";"None";"";"INHIBITOR";""
