"ChEMBL ID";"Name";"UniProt Accessions";"Type";"Organism";"Compounds";"Activities";"Tax ID";"Species Group Flag"
"CHEMBL4296319";"DNA topoisomerase type IB small subunit";"E9B7X3";"SINGLE PROTEIN";"Leishmania donovani (strain BPK282A1)";"1";"4";"981087";"False"
"CHEMBL1741202";"2,3-bisphosphoglycerate-independent phosphoglycerate mutase";"Q4Q090";"SINGLE PROTEIN";"Leishmania major";"46";"46";"5664";"False"
"CHEMBL612882";"Leishmania panamensis";"";"ORGANISM";"Leishmania panamensis";"160";"230";"5679";"False"
"CHEMBL4105741";"Methionyl-tRNA synthetase, putative";"E9BF75";"SINGLE PROTEIN";"Leishmania donovani (strain BPK282A1)";"68854";"70331";"981087";"False"
"CHEMBL4751";"Cysteine protease";"Q95WR6";"SINGLE PROTEIN";"Leishmania donovani";"30";"30";"5661";"False"
"CHEMBL612848";"Leishmania infantum";"";"ORGANISM";"Leishmania infantum";"4059";"5912";"5671";"False"
"CHEMBL4418";"dUTP pyrophosphatase";"O15826";"SINGLE PROTEIN";"Leishmania major";"49";"49";"5664";"False"
"CHEMBL4295561";"Putative casein kinase I";"O96999";"SINGLE PROTEIN";"Leishmania major";"1";"1";"5664";"False"
"CHEMBL4662927";"Histidine--tRNA ligase";"A4I591";"SINGLE PROTEIN";"Leishmania infantum";"68613";"69951";"5671";"False"
"CHEMBL612914";"Leishmania pifanoi";"";"ORGANISM";"Leishmania pifanoi";"97";"113";"5682";"False"
"CHEMBL3186";"Beta tubulin";"Q25270";"SINGLE PROTEIN";"Leishmania donovani";"84";"90";"5661";"False"
"CHEMBL612880";"Leishmania mexicana";"";"ORGANISM";"Leishmania mexicana";"641";"936";"5665";"False"
"CHEMBL613212";"Leishmania donovani donovani";"";"ORGANISM";"Leishmania donovani donovani";"3";"3";"99875";"False"
"CHEMBL612915";"Leishmania tarentolae";"";"ORGANISM";"Leishmania tarentolae";"50";"58";"5689";"False"
"CHEMBL4295583";"Cathepsin B-like protease";"P90627";"SINGLE PROTEIN";"Leishmania major";"1";"1";"5664";"False"
"CHEMBL4295843";"Dihydroorotate dehydrogenase (fumarate)";"Q4QEW7";"SINGLE PROTEIN";"Leishmania major";"57";"195";"5664";"False"
"CHEMBL2169733";"Class I phosphodiesterase PDEB1";"Q6S996";"SINGLE PROTEIN";"Leishmania major";"2";"2";"5664";"False"
"CHEMBL2176840";"Trypanothione reductase";"P39050";"SINGLE PROTEIN";"Leishmania donovani";"22";"73";"5661";"False"
"CHEMBL2150832";"Farnesyl pyrophosphate synthase";"Q4QBL1";"SINGLE PROTEIN";"Leishmania major";"6";"6";"5664";"False"
"CHEMBL613215";"Leishmania peruviana";"";"ORGANISM";"Leishmania peruviana";"26";"57";"5681";"False"
"CHEMBL2311227";"Putative glycogen synthase kinase";"Q4QE15";"SINGLE PROTEIN";"Leishmania major";"6";"6";"5664";"False"
"CHEMBL3108635";"Arginase";"O96394";"SINGLE PROTEIN";"Leishmania amazonensis";"36";"92";"5659";"False"
"CHEMBL4630669";"Leishmania martiniquensis";"";"ORGANISM";"Leishmania martiniquensis";"20";"61";"1580590";"False"
"CHEMBL612881";"Leishmania tropica";"";"ORGANISM";"Leishmania tropica";"167";"461";"5666";"False"
"CHEMBL3821";"Cysteine proteinase B";"P36400";"SINGLE PROTEIN";"Leishmania mexicana";"9";"11";"5665";"False"
"CHEMBL5223";"Farnesyltransferase, putative";"Q4Q5W4";"SINGLE PROTEIN";"Leishmania major";"55";"55";"5664";"False"
"CHEMBL4879388";"Cell membrane";"";"SUBCELLULAR";"Leishmania";"2";"5";"38568";"True"
"CHEMBL612913";"Leishmania mexicana venezuelensis";"";"ORGANISM";"Leishmania mexicana venezuelensis";"4";"4";"155283";"False"
"CHEMBL1944501";"Trypanothione reductase";"A4HSF7";"SINGLE PROTEIN";"Leishmania infantum";"115";"236";"5671";"False"
"CHEMBL2150834";"DNA topoisomerase type IB small subunit";"Q95Z89";"SINGLE PROTEIN";"Leishmania major";"4";"8";"5664";"False"
"CHEMBL613214";"Leishmania mexicana mexicana";"";"ORGANISM";"Leishmania mexicana mexicana";"27";"27";"44270";"False"
"CHEMBL613213";"Leishmania garnhami";"";"ORGANISM";"Leishmania garnhami";"3";"3";"214612";"False"
"CHEMBL5149";"Pyruvate kinase";"Q27686";"SINGLE PROTEIN";"Leishmania mexicana";"3376";"6726";"5665";"False"
"CHEMBL1949483";"Glycylpeptide N-tetradecanoyltransferase";"Q4Q5S8";"SINGLE PROTEIN";"Leishmania major";"80";"109";"5664";"False"
"CHEMBL612241";"Leishmania sp.";"";"ORGANISM";"Leishmania sp.";"21";"21";"28847";"False"
"CHEMBL4296305";"DNA topoisomerase I";"E9BRC0";"SINGLE PROTEIN";"Leishmania donovani (strain BPK282A1)";"1";"5";"981087";"False"
"CHEMBL4662923";"Ubiquitin-activating enzyme e1, putative";"E9BSI1";"SINGLE PROTEIN";"Leishmania donovani (strain BPK282A1)";"8948";"9165";"981087";"False"
"CHEMBL2169723";"Cdc2-related kinase";"O96526";"SINGLE PROTEIN";"Leishmania major";"9";"9";"5664";"False"
"CHEMBL1944500";"Trypanothione reductase";"A5JV95";"SINGLE PROTEIN";"Leishmania amazonensis";"4";"4";"5659";"False"
"CHEMBL2311240";"Putative silent information regulator 2";"A0A6L0XH39";"SINGLE PROTEIN";"Leishmania infantum";"19";"21";"5671";"False"
"CHEMBL612790";"Leishmania chagasi";"";"ORGANISM";"Leishmania chagasi";"179";"396";"44271";"False"
"CHEMBL2366686";"Leishmania";"";"ORGANISM";"Leishmania";"36";"37";"5658";"True"
"CHEMBL612793";"Leishmania guyanensis";"";"ORGANISM";"Leishmania guyanensis";"68";"94";"5670";"False"
"CHEMBL3693";"Farnesyl pyrophosphate synthase";"Q0GKD7";"SINGLE PROTEIN";"Leishmania donovani";"66";"85";"5661";"False"
"CHEMBL612877";"Leishmania amazonensis";"";"ORGANISM";"Leishmania amazonensis";"2048";"3813";"5659";"False"
"CHEMBL6193";"DNA topoisomerase I";"Q9NJG8";"SINGLE PROTEIN";"Leishmania donovani donovani";"10";"23";"99875";"False"
"CHEMBL6192";"Ornithine decarboxylase";"P27116";"SINGLE PROTEIN";"Leishmania donovani";"1";"1";"5661";"False"
"CHEMBL6194";"Pteridine reductase 1";"Q01782";"SINGLE PROTEIN";"Leishmania major";"251";"345";"5664";"False"
"CHEMBL4614";"Dihydrofolate reductase";"P07382";"SINGLE PROTEIN";"Leishmania major";"124";"126";"5664";"False"
"CHEMBL4509";"Fructose-1,6-bisphospate aldolase";"Q9U5N6";"SINGLE PROTEIN";"Leishmania mexicana";"1";"1";"5665";"False"
"CHEMBL613211";"Leishmania aristidesi";"";"ORGANISM";"Leishmania aristidesi";"3";"3";"521160";"False"
"CHEMBL612651";"Leishmania aethiopica";"";"ORGANISM";"Leishmania aethiopica";"72";"127";"5667";"False"
"CHEMBL4137";"Glyceraldehyde-3-phosphate dehydrogenase cytosolic";"Q01558";"SINGLE PROTEIN";"Leishmania mexicana";"42";"42";"5665";"False"
"CHEMBL612879";"Leishmania major";"";"ORGANISM";"Leishmania major";"1897";"2877";"5664";"False"
"CHEMBL3431938";"Glucose transporter";"O61059";"SINGLE PROTEIN";"Leishmania mexicana";"13446";"14035";"5665";"False"
"CHEMBL612792";"Leishmania enriettii";"";"ORGANISM";"Leishmania enriettii";"14";"18";"5663";"False"
"CHEMBL4630671";"Leishmania orientalis";"";"ORGANISM";"Leishmania orientalis";"20";"100";"2249476";"False"
"CHEMBL4295531";"Putative lanosterol 14-alpha-demethylase";"A2TEF2";"SINGLE PROTEIN";"Leishmania infantum";"7";"9";"5671";"False"
"CHEMBL612878";"Leishmania braziliensis";"";"ORGANISM";"Leishmania braziliensis";"598";"1091";"5660";"False"
"CHEMBL367";"Leishmania donovani";"";"ORGANISM";"Leishmania donovani";"77552";"89745";"5661";"False"
