"Molecule ChEMBL ID";"Molecule Name";"Molecule Max Phase";"Molecular Weight";"#RO5 Violations";"AlogP";"Compound Key";"Smiles";"Standard Type";"Standard Relation";"Standard Value";"Standard Units";"pChEMBL Value";"Data Validity Comment";"Comment";"Uo Units";"Ligand Efficiency BEI";"Ligand Efficiency LE";"Ligand Efficiency LLE";"Ligand Efficiency SEI";"Potential Duplicate";"Assay ChEMBL ID";"Assay Description";"Assay Type";"BAO Format ID";"BAO Label";"Assay Organism";"Assay Tissue ChEMBL ID";"Assay Tissue Name";"Assay Cell Type";"Assay Subcellular Fraction";"Assay Parameters";"Assay Variant Accession";"Assay Variant Mutation";"Target ChEMBL ID";"Target Name";"Target Organism";"Target Type";"Document ChEMBL ID";"Source ID";"Source Description";"Document Journal";"Document Year";"Cell ChEMBL ID";"Properties";"Action Type";"Standard Text Value"
"CHEMBL3416378";"";"None";"465.58";"1";"5.63";"4a";"Cc1ccc(-c2nn(-c3ccc(C)cc3)cc2/C=N/N=C2/SCC(=O)N2c2ccccc2)cc1";"IC50";"'='";"0.8822";"ug.mL-1";"";"";"";"UO_0000274";"";"";"";"";"0";"CHEMBL3420880";"Antileishmanial activity against promastigote stage of Leishmania aethiopica after 24 hrs by alamar blue staining-based fluorescence assay";"F";"BAO_0000218";"organism-based format";"Leishmania aethiopica";"None";"None";"None";"None";"";"";"";"CHEMBL612651";"Leishmania aethiopica";"Leishmania aethiopica";"ORGANISM";"CHEMBL3414483";"1";"Scientific Literature";"Eur J Med Chem";"2015";"None";"";"";""
"CHEMBL3416390";"";"None";"533.47";"2";"7.97";"7b";"Cc1ccc(-c2nn(-c3ccc(Br)cc3)cc2C2CC(c3ccccc3)=NN2c2ccccc2)cc1";"IC50";"'='";"2.914";"ug.mL-1";"";"";"";"UO_0000274";"";"";"";"";"0";"CHEMBL3420880";"Antileishmanial activity against promastigote stage of Leishmania aethiopica after 24 hrs by alamar blue staining-based fluorescence assay";"F";"BAO_0000218";"organism-based format";"Leishmania aethiopica";"None";"None";"None";"None";"";"";"";"CHEMBL612651";"Leishmania aethiopica";"Leishmania aethiopica";"ORGANISM";"CHEMBL3414483";"1";"Scientific Literature";"Eur J Med Chem";"2015";"None";"";"";""
"CHEMBL3416369";"";"None";"372.18";"0";"4.02";"1d";"O=Cc1cn(-c2ccc(Br)cc2)nc1-c1ccc([N+](=O)[O-])cc1";"IC50";"'='";"4.841";"ug.mL-1";"";"";"";"UO_0000274";"";"";"";"";"0";"CHEMBL3420880";"Antileishmanial activity against promastigote stage of Leishmania aethiopica after 24 hrs by alamar blue staining-based fluorescence assay";"F";"BAO_0000218";"organism-based format";"Leishmania aethiopica";"None";"None";"None";"None";"";"";"";"CHEMBL612651";"Leishmania aethiopica";"Leishmania aethiopica";"ORGANISM";"CHEMBL3414483";"1";"Scientific Literature";"Eur J Med Chem";"2015";"None";"";"";""
"CHEMBL3416373";"";"None";"521.40";"2";"5.53";"2d";"O=[N+]([O-])c1ccc(-c2nn(-c3ccc(Br)cc3)cc2/C=N/NC(=S)Nc2ccccc2)cc1";"IC50";"'='";"0.0214";"ug.mL-1";"";"";"";"UO_0000274";"";"";"";"";"0";"CHEMBL3420880";"Antileishmanial activity against promastigote stage of Leishmania aethiopica after 24 hrs by alamar blue staining-based fluorescence assay";"F";"BAO_0000218";"organism-based format";"Leishmania aethiopica";"None";"None";"None";"None";"";"";"";"CHEMBL612651";"Leishmania aethiopica";"Leishmania aethiopica";"ORGANISM";"CHEMBL3414483";"1";"Scientific Literature";"Eur J Med Chem";"2015";"None";"";"";""
"CHEMBL3416375";"";"None";"574.50";"2";"6.53";"3b";"CC(=O)N(C1=NN(C(C)=O)C(c2cn(-c3ccc(Br)cc3)nc2-c2ccc(C)cc2)S1)c1ccccc1";"IC50";"'='";"0.4682";"ug.mL-1";"";"";"";"UO_0000274";"";"";"";"";"0";"CHEMBL3420880";"Antileishmanial activity against promastigote stage of Leishmania aethiopica after 24 hrs by alamar blue staining-based fluorescence assay";"F";"BAO_0000218";"organism-based format";"Leishmania aethiopica";"None";"None";"None";"None";"";"";"";"CHEMBL612651";"Leishmania aethiopica";"Leishmania aethiopica";"ORGANISM";"CHEMBL3414483";"1";"Scientific Literature";"Eur J Med Chem";"2015";"None";"";"";""
"CHEMBL3416395";"";"None";"434.54";"1";"5.85";"9a";"CC(=O)N1N=C(c2ccccc2)CC1c1cn(-c2ccc(C)cc2)nc1-c1ccc(C)cc1";"IC50";"'='";"3.048";"ug.mL-1";"";"";"";"UO_0000274";"";"";"";"";"0";"CHEMBL3420880";"Antileishmanial activity against promastigote stage of Leishmania aethiopica after 24 hrs by alamar blue staining-based fluorescence assay";"F";"BAO_0000218";"organism-based format";"Leishmania aethiopica";"None";"None";"None";"None";"";"";"";"CHEMBL612651";"Leishmania aethiopica";"Leishmania aethiopica";"ORGANISM";"CHEMBL3414483";"1";"Scientific Literature";"Eur J Med Chem";"2015";"None";"";"";""
"CHEMBL3416379";"";"None";"530.45";"2";"6.08";"4b";"Cc1ccc(-c2nn(-c3ccc(Br)cc3)cc2/C=N/N=C2/SCC(=O)N2c2ccccc2)cc1";"IC50";"'='";"0.0341";"ug.mL-1";"";"";"";"UO_0000274";"";"";"";"";"0";"CHEMBL3420880";"Antileishmanial activity against promastigote stage of Leishmania aethiopica after 24 hrs by alamar blue staining-based fluorescence assay";"F";"BAO_0000218";"organism-based format";"Leishmania aethiopica";"None";"None";"None";"None";"";"";"";"CHEMBL612651";"Leishmania aethiopica";"Leishmania aethiopica";"ORGANISM";"CHEMBL3414483";"1";"Scientific Literature";"Eur J Med Chem";"2015";"None";"";"";""
"CHEMBL3416386";"";"None";"378.48";"1";"6.05";"6a";"Cc1ccc(-c2nn(-c3ccc(C)cc3)cc2/C=C/C(=O)c2ccccc2)cc1";"IC50";"'='";"4.001";"ug.mL-1";"";"";"";"UO_0000274";"";"";"";"";"0";"CHEMBL3420880";"Antileishmanial activity against promastigote stage of Leishmania aethiopica after 24 hrs by alamar blue staining-based fluorescence assay";"F";"BAO_0000218";"organism-based format";"Leishmania aethiopica";"None";"None";"None";"None";"";"";"";"CHEMBL612651";"Leishmania aethiopica";"Leishmania aethiopica";"ORGANISM";"CHEMBL3414483";"1";"Scientific Literature";"Eur J Med Chem";"2015";"None";"";"";""
"CHEMBL3416396";"";"None";"499.41";"1";"6.31";"9b";"CC(=O)N1N=C(c2ccccc2)CC1c1cn(-c2ccc(Br)cc2)nc1-c1ccc(C)cc1";"IC50";"'='";"3.022";"ug.mL-1";"";"";"";"UO_0000274";"";"";"";"";"0";"CHEMBL3420880";"Antileishmanial activity against promastigote stage of Leishmania aethiopica after 24 hrs by alamar blue staining-based fluorescence assay";"F";"BAO_0000218";"organism-based format";"Leishmania aethiopica";"None";"None";"None";"None";"";"";"";"CHEMBL612651";"Leishmania aethiopica";"Leishmania aethiopica";"ORGANISM";"CHEMBL3414483";"1";"Scientific Literature";"Eur J Med Chem";"2015";"None";"";"";""
"CHEMBL58293";"";"None";"436.44";"0";"4.65";"4b";"CC(C)(C)C1CCC(CC2=C(OCOP(=O)(O)O)C(=O)c3ccccc3C2=O)CC1";"ED50";"'='";"3.99";"uM";"";"";"";"UO_0000064";"";"";"";"";"0";"CHEMBL711886";"Effective dose was determined for intracellular amastigotes of Leishmania aethiopica Khartoum at 72 hr in infected macrophages at 37 degree C (experiment 2)";"F";"BAO_0000218";"organism-based format";"Leishmania aethiopica";"None";"None";"None";"None";"";"";"";"CHEMBL612651";"Leishmania aethiopica";"Leishmania aethiopica";"ORGANISM";"CHEMBL1148294";"1";"Scientific Literature";"J Med Chem";"2004";"None";"";"";""
"CHEMBL3416375";"";"None";"574.50";"2";"6.53";"3b";"CC(=O)N(C1=NN(C(C)=O)C(c2cn(-c3ccc(Br)cc3)nc2-c2ccc(C)cc2)S1)c1ccccc1";"IC50";"'='";"0.74";"ug.mL-1";"";"";"";"UO_0000274";"";"";"";"";"0";"CHEMBL3420881";"Antileishmanial activity against amastigote stage of Leishmania aethiopica after 72 hrs by resazurin staining-based fluorescence assay";"F";"BAO_0000218";"organism-based format";"Leishmania aethiopica";"None";"None";"None";"None";"";"";"";"CHEMBL612651";"Leishmania aethiopica";"Leishmania aethiopica";"ORGANISM";"CHEMBL3414483";"1";"Scientific Literature";"Eur J Med Chem";"2015";"None";"";"";""
"CHEMBL61370";"";"None";"406.42";"0";"4.67";"4a";"CC(C)(C)C1CCC(CC2=C(OP(=O)(O)O)C(=O)c3ccccc3C2=O)CC1";"ED50";"'='";"0.122";"uM";"";"";"";"UO_0000064";"";"";"";"";"0";"CHEMBL705525";"Effective dose was determined for extracellular promastigotes of Leishmania aethiopica Khartoum at 72 h";"F";"BAO_0000218";"organism-based format";"Leishmania aethiopica";"None";"None";"None";"None";"";"";"";"CHEMBL612651";"Leishmania aethiopica";"Leishmania aethiopica";"ORGANISM";"CHEMBL1148294";"1";"Scientific Literature";"J Med Chem";"2004";"None";"";"";""
"CHEMBL58293";"";"None";"436.44";"0";"4.65";"4b";"CC(C)(C)C1CCC(CC2=C(OCOP(=O)(O)O)C(=O)c3ccccc3C2=O)CC1";"ED50";"'='";"1.659";"uM";"";"";"";"UO_0000064";"";"";"";"";"0";"CHEMBL711885";"Effective dose was determined for intracellular amastigotes of Leishmania aethiopica Khartoum at 72 hr in infected macrophages at 34C (experiment 1)";"F";"BAO_0000218";"organism-based format";"Leishmania aethiopica";"None";"None";"None";"None";"";"";"";"CHEMBL612651";"Leishmania aethiopica";"Leishmania aethiopica";"ORGANISM";"CHEMBL1148294";"1";"Scientific Literature";"J Med Chem";"2004";"None";"";"";""
"CHEMBL4587380";"";"None";"434.54";"1";"5.94";"54";"CCC(=O)N1N=C(c2ccccc2)CC1c1cn(-c2ccccc2)nc1-c1ccc(C)cc1";"IC50";"'='";"0.112";"ug.mL-1";"";"";"";"UO_0000274";"";"";"";"";"0";"CHEMBL4310415";"Antileishmanial activity against Leishmania aethiopica amastigotes";"F";"BAO_0000218";"organism-based format";"Leishmania aethiopica";"None";"None";"None";"None";"";"";"";"CHEMBL612651";"Leishmania aethiopica";"Leishmania aethiopica";"ORGANISM";"CHEMBL4308857";"1";"Scientific Literature";"Eur J Med Chem";"2018";"None";"";"";""
"CHEMBL3416398";"";"None";"448.57";"1";"6.24";"10a";"CCC(=O)N1N=C(c2ccccc2)CC1c1cn(-c2ccc(C)cc2)nc1-c1ccc(C)cc1";"IC50";"'='";"1.02";"ug.mL-1";"";"";"";"UO_0000274";"";"";"";"";"0";"CHEMBL3420881";"Antileishmanial activity against amastigote stage of Leishmania aethiopica after 72 hrs by resazurin staining-based fluorescence assay";"F";"BAO_0000218";"organism-based format";"Leishmania aethiopica";"None";"None";"None";"None";"";"";"";"CHEMBL612651";"Leishmania aethiopica";"Leishmania aethiopica";"ORGANISM";"CHEMBL3414483";"1";"Scientific Literature";"Eur J Med Chem";"2015";"None";"";"";""
"CHEMBL3416394";"";"None";"488.35";"1";"5.65";"8c";"O=[N+]([O-])c1ccc(-c2nn(-c3ccc(Br)cc3)cc2C2CC(c3ccccc3)=NN2)cc1";"IC50";"'='";"1.11";"ug.mL-1";"";"";"";"UO_0000274";"";"";"";"";"0";"CHEMBL3420881";"Antileishmanial activity against amastigote stage of Leishmania aethiopica after 72 hrs by resazurin staining-based fluorescence assay";"F";"BAO_0000218";"organism-based format";"Leishmania aethiopica";"None";"None";"None";"None";"";"";"";"CHEMBL612651";"Leishmania aethiopica";"Leishmania aethiopica";"ORGANISM";"CHEMBL3414483";"1";"Scientific Literature";"Eur J Med Chem";"2015";"None";"";"";""
"CHEMBL3416383";"";"None";"669.45";"2";"8.83";"5b";"Cc1ccc(-c2nn(-c3ccc(Br)cc3)cc2/C=N/N=c2/scc(-c3ccc(Br)cc3)n2-c2ccccc2)cc1";"IC50";"'='";"2.21";"ug.mL-1";"";"";"";"UO_0000274";"";"";"";"";"0";"CHEMBL3420881";"Antileishmanial activity against amastigote stage of Leishmania aethiopica after 72 hrs by resazurin staining-based fluorescence assay";"F";"BAO_0000218";"organism-based format";"Leishmania aethiopica";"None";"None";"None";"None";"";"";"";"CHEMBL612651";"Leishmania aethiopica";"Leishmania aethiopica";"ORGANISM";"CHEMBL3414483";"1";"Scientific Literature";"Eur J Med Chem";"2015";"None";"";"";""
"CHEMBL3416393";"";"None";"457.38";"1";"6.05";"8b";"Cc1ccc(-c2nn(-c3ccc(Br)cc3)cc2C2CC(c3ccccc3)=NN2)cc1";"IC50";"'='";"1.88";"ug.mL-1";"";"";"";"UO_0000274";"";"";"";"";"0";"CHEMBL3420881";"Antileishmanial activity against amastigote stage of Leishmania aethiopica after 72 hrs by resazurin staining-based fluorescence assay";"F";"BAO_0000218";"organism-based format";"Leishmania aethiopica";"None";"None";"None";"None";"";"";"";"CHEMBL612651";"Leishmania aethiopica";"Leishmania aethiopica";"ORGANISM";"CHEMBL3414483";"1";"Scientific Literature";"Eur J Med Chem";"2015";"None";"";"";""
"CHEMBL3416367";"";"None";"341.21";"0";"4.42";"1b";"Cc1ccc(-c2nn(-c3ccc(Br)cc3)cc2C=O)cc1";"IC50";"'='";"1.82";"ug.mL-1";"";"";"";"UO_0000274";"";"";"";"";"0";"CHEMBL3420881";"Antileishmanial activity against amastigote stage of Leishmania aethiopica after 72 hrs by resazurin staining-based fluorescence assay";"F";"BAO_0000218";"organism-based format";"Leishmania aethiopica";"None";"None";"None";"None";"";"";"";"CHEMBL612651";"Leishmania aethiopica";"Leishmania aethiopica";"ORGANISM";"CHEMBL3414483";"1";"Scientific Literature";"Eur J Med Chem";"2015";"None";"";"";""
"CHEMBL125";"MILTEFOSINE";"4.0";"407.58";"1";"5.68";"Miltefosine";"CCCCCCCCCCCCCCCCOP(=O)([O-])OCC[N+](C)(C)C";"IC50";"'='";"0.136";"ug.mL-1";"";"";"";"UO_0000274";"";"";"";"";"0";"CHEMBL3073593";"Antileishmanial activity against promastigote form of Leishmania aethiopica MHOM/ET/82/117-82 infected in BALB/c mouse peritoneal exudate macrophages after 72 hr";"F";"BAO_0000218";"organism-based format";"Leishmania aethiopica";"None";"None";"None";"None";"";"";"";"CHEMBL612651";"Leishmania aethiopica";"Leishmania aethiopica";"ORGANISM";"CHEMBL3045885";"1";"Scientific Literature";"Med Chem Res";"2013";"None";"";"";""
"CHEMBL3585806";"";"None";"208.22";"0";"0.17";"1a";"COC(=O)CNC(=O)c1ccccc1N";"IC50";"'='";"29156.0";"nM";"4.54";"";"";"UO_0000065";"";"";"";"";"0";"CHEMBL4003995";"Antileishmanial activity against promastigote stage of Leishmania aethiopica assessed as parasite growth inhibition after 24 hrs by Alamar blue assay";"F";"BAO_0000019";"assay format";"Leishmania aethiopica";"None";"None";"None";"None";"";"";"";"CHEMBL612651";"Leishmania aethiopica";"Leishmania aethiopica";"ORGANISM";"CHEMBL4002612";"1";"Scientific Literature";"Bioorg Med Chem Lett";"2017";"None";"";"";""
"CHEMBL4078414";"";"None";"298.34";"0";"1.78";"1c";"COC(=O)C(Cc1ccccc1)NC(=O)c1ccccc1N";"IC50";"'='";"15580.0";"nM";"4.81";"";"";"UO_0000065";"";"";"";"";"0";"CHEMBL4003995";"Antileishmanial activity against promastigote stage of Leishmania aethiopica assessed as parasite growth inhibition after 24 hrs by Alamar blue assay";"F";"BAO_0000019";"assay format";"Leishmania aethiopica";"None";"None";"None";"None";"";"";"";"CHEMBL612651";"Leishmania aethiopica";"Leishmania aethiopica";"ORGANISM";"CHEMBL4002612";"1";"Scientific Literature";"Bioorg Med Chem Lett";"2017";"None";"";"";""
"CHEMBL2298973";"";"None";"883.44";"2";"17.87";"MS-2";"CCCCC/C=C\C/C=C\CCCCCCCC(=O)OC(COC(=O)CCCCCCC/C=C\CCCCCCCC)COC(=O)CCCCCCC/C=C\CCCCCCCC";"IC50";"'='";"26.79";"ug.mL-1";"";"";"";"UO_0000274";"";"";"";"";"0";"CHEMBL3073901";"Antileishmanial activity against amastigote form of Leishmania aethiopica MHOM/ET/82/117-82 infected in BALB/c mouse peritoneal exudate macrophages after 5 days";"F";"BAO_0000218";"organism-based format";"Leishmania aethiopica";"None";"None";"None";"None";"";"";"";"CHEMBL612651";"Leishmania aethiopica";"Leishmania aethiopica";"ORGANISM";"CHEMBL3045885";"1";"Scientific Literature";"Med Chem Res";"2013";"None";"";"";""
"CHEMBL4077718";"";"None";"378.39";"0";"2.98";"3d";"CC(C(=O)N/N=C/c1ccco1)N1C(=O)c2ccccc2NC1c1ccco1";"IC50";"'='";"10748.0";"nM";"4.97";"";"";"UO_0000065";"";"";"";"";"0";"CHEMBL4003995";"Antileishmanial activity against promastigote stage of Leishmania aethiopica assessed as parasite growth inhibition after 24 hrs by Alamar blue assay";"F";"BAO_0000019";"assay format";"Leishmania aethiopica";"None";"None";"None";"None";"";"";"";"CHEMBL612651";"Leishmania aethiopica";"Leishmania aethiopica";"ORGANISM";"CHEMBL4002612";"1";"Scientific Literature";"Bioorg Med Chem Lett";"2017";"None";"";"";""
"CHEMBL3416390";"";"None";"533.47";"2";"7.97";"7b";"Cc1ccc(-c2nn(-c3ccc(Br)cc3)cc2C2CC(c3ccccc3)=NN2c2ccccc2)cc1";"IC50";"'='";"1.24";"ug.mL-1";"";"";"";"UO_0000274";"";"";"";"";"0";"CHEMBL3420881";"Antileishmanial activity against amastigote stage of Leishmania aethiopica after 72 hrs by resazurin staining-based fluorescence assay";"F";"BAO_0000218";"organism-based format";"Leishmania aethiopica";"None";"None";"None";"None";"";"";"";"CHEMBL612651";"Leishmania aethiopica";"Leishmania aethiopica";"ORGANISM";"CHEMBL3414483";"1";"Scientific Literature";"Eur J Med Chem";"2015";"None";"";"";""
"CHEMBL3416377";"";"None";"605.47";"2";"6.13";"3d";"CC(=O)N(C1=NN(C(C)=O)C(c2cn(-c3ccc(Br)cc3)nc2-c2ccc([N+](=O)[O-])cc2)S1)c1ccccc1";"Ratio IC50";"'='";"225.0";"";"";"";"";"";"";"";"";"";"0";"CHEMBL3420887";"Ratio of miltefosine IC50 to compound IC50 for promastigote stage of Leishmania aethiopica";"F";"BAO_0000218";"organism-based format";"Leishmania aethiopica";"None";"None";"None";"None";"";"";"";"CHEMBL612651";"Leishmania aethiopica";"Leishmania aethiopica";"ORGANISM";"CHEMBL3414483";"1";"Scientific Literature";"Eur J Med Chem";"2015";"None";"";"";""
"CHEMBL4098872";"";"None";"364.36";"0";"2.59";"3b";"O=C(CN1C(=O)c2ccccc2NC1c1ccoc1)N/N=C/c1ccco1";"IC50";"'='";"13779.0";"nM";"4.86";"";"";"UO_0000065";"";"";"";"";"0";"CHEMBL4003995";"Antileishmanial activity against promastigote stage of Leishmania aethiopica assessed as parasite growth inhibition after 24 hrs by Alamar blue assay";"F";"BAO_0000019";"assay format";"Leishmania aethiopica";"None";"None";"None";"None";"";"";"";"CHEMBL612651";"Leishmania aethiopica";"Leishmania aethiopica";"ORGANISM";"CHEMBL4002612";"1";"Scientific Literature";"Bioorg Med Chem Lett";"2017";"None";"";"";""
"CHEMBL4088758";"";"None";"222.24";"0";"0.56";"1b";"COC(=O)C(C)NC(=O)c1ccccc1N";"IC50";"'='";"23012.0";"nM";"4.64";"";"";"UO_0000065";"";"";"";"";"0";"CHEMBL4003995";"Antileishmanial activity against promastigote stage of Leishmania aethiopica assessed as parasite growth inhibition after 24 hrs by Alamar blue assay";"F";"BAO_0000019";"assay format";"Leishmania aethiopica";"None";"None";"None";"None";"";"";"";"CHEMBL612651";"Leishmania aethiopica";"Leishmania aethiopica";"ORGANISM";"CHEMBL4002612";"1";"Scientific Literature";"Bioorg Med Chem Lett";"2017";"None";"";"";""
"CHEMBL4084724";"";"None";"467.36";"1";"5.01";"4d";"O=C(CCNC(=O)c1ccccc1/N=C/c1ccc(Cl)cc1)N/N=C/c1ccc(Cl)cc1";"IC50";"'='";"4341.0";"nM";"5.36";"";"";"UO_0000065";"";"";"";"";"0";"CHEMBL4003995";"Antileishmanial activity against promastigote stage of Leishmania aethiopica assessed as parasite growth inhibition after 24 hrs by Alamar blue assay";"F";"BAO_0000019";"assay format";"Leishmania aethiopica";"None";"None";"None";"None";"";"";"";"CHEMBL612651";"Leishmania aethiopica";"Leishmania aethiopica";"ORGANISM";"CHEMBL4002612";"1";"Scientific Literature";"Bioorg Med Chem Lett";"2017";"None";"";"";""
"CHEMBL3416385";"";"None";"700.42";"2";"8.43";"5d";"O=[N+]([O-])c1ccc(-c2nn(-c3ccc(Br)cc3)cc2/C=N/N=c2/scc(-c3ccc(Br)cc3)n2-c2ccccc2)cc1";"IC50";"'='";"2.902";"ug.mL-1";"";"";"";"UO_0000274";"";"";"";"";"0";"CHEMBL3420880";"Antileishmanial activity against promastigote stage of Leishmania aethiopica after 24 hrs by alamar blue staining-based fluorescence assay";"F";"BAO_0000218";"organism-based format";"Leishmania aethiopica";"None";"None";"None";"None";"";"";"";"CHEMBL612651";"Leishmania aethiopica";"Leishmania aethiopica";"ORGANISM";"CHEMBL3414483";"1";"Scientific Literature";"Eur J Med Chem";"2015";"None";"";"";""
"CHEMBL3416394";"";"None";"488.35";"1";"5.65";"8c";"O=[N+]([O-])c1ccc(-c2nn(-c3ccc(Br)cc3)cc2C2CC(c3ccccc3)=NN2)cc1";"IC50";"'='";"2.124";"ug.mL-1";"";"";"";"UO_0000274";"";"";"";"";"0";"CHEMBL3420880";"Antileishmanial activity against promastigote stage of Leishmania aethiopica after 24 hrs by alamar blue staining-based fluorescence assay";"F";"BAO_0000218";"organism-based format";"Leishmania aethiopica";"None";"None";"None";"None";"";"";"";"CHEMBL612651";"Leishmania aethiopica";"Leishmania aethiopica";"ORGANISM";"CHEMBL3414483";"1";"Scientific Literature";"Eur J Med Chem";"2015";"None";"";"";""
"CHEMBL3416376";"";"None";"540.61";"2";"5.67";"3c";"CC(=O)N(C1=NN(C(C)=O)C(c2cn(-c3ccc(C)cc3)nc2-c2ccc([N+](=O)[O-])cc2)S1)c1ccccc1";"IC50";"'='";"1.21";"ug.mL-1";"";"";"";"UO_0000274";"";"";"";"";"0";"CHEMBL3420881";"Antileishmanial activity against amastigote stage of Leishmania aethiopica after 72 hrs by resazurin staining-based fluorescence assay";"F";"BAO_0000218";"organism-based format";"Leishmania aethiopica";"None";"None";"None";"None";"";"";"";"CHEMBL612651";"Leishmania aethiopica";"Leishmania aethiopica";"ORGANISM";"CHEMBL3414483";"1";"Scientific Literature";"Eur J Med Chem";"2015";"None";"";"";""
"CHEMBL3416385";"";"None";"700.42";"2";"8.43";"5d";"O=[N+]([O-])c1ccc(-c2nn(-c3ccc(Br)cc3)cc2/C=N/N=c2/scc(-c3ccc(Br)cc3)n2-c2ccccc2)cc1";"IC50";"'='";"1.07";"ug.mL-1";"";"";"";"UO_0000274";"";"";"";"";"0";"CHEMBL3420881";"Antileishmanial activity against amastigote stage of Leishmania aethiopica after 72 hrs by resazurin staining-based fluorescence assay";"F";"BAO_0000218";"organism-based format";"Leishmania aethiopica";"None";"None";"None";"None";"";"";"";"CHEMBL612651";"Leishmania aethiopica";"Leishmania aethiopica";"ORGANISM";"CHEMBL3414483";"1";"Scientific Literature";"Eur J Med Chem";"2015";"None";"";"";""
"CHEMBL3416395";"";"None";"434.54";"1";"5.85";"9a";"CC(=O)N1N=C(c2ccccc2)CC1c1cn(-c2ccc(C)cc2)nc1-c1ccc(C)cc1";"IC50";"'='";"2.31";"ug.mL-1";"";"";"";"UO_0000274";"";"";"";"";"0";"CHEMBL3420881";"Antileishmanial activity against amastigote stage of Leishmania aethiopica after 72 hrs by resazurin staining-based fluorescence assay";"F";"BAO_0000218";"organism-based format";"Leishmania aethiopica";"None";"None";"None";"None";"";"";"";"CHEMBL612651";"Leishmania aethiopica";"Leishmania aethiopica";"ORGANISM";"CHEMBL3414483";"1";"Scientific Literature";"Eur J Med Chem";"2015";"None";"";"";""
"CHEMBL4065811";"";"None";"392.42";"0";"3.37";"3h";"O=C(CCCN1C(=O)c2ccccc2NC1c1ccco1)N/N=C/c1ccco1";"IC50";"'='";"10407.0";"nM";"4.98";"";"";"UO_0000065";"";"";"";"";"0";"CHEMBL4003995";"Antileishmanial activity against promastigote stage of Leishmania aethiopica assessed as parasite growth inhibition after 24 hrs by Alamar blue assay";"F";"BAO_0000019";"assay format";"Leishmania aethiopica";"None";"None";"None";"None";"";"";"";"CHEMBL612651";"Leishmania aethiopica";"Leishmania aethiopica";"ORGANISM";"CHEMBL4002612";"1";"Scientific Literature";"Bioorg Med Chem Lett";"2017";"None";"";"";""
"CHEMBL4074430";"";"None";"543.45";"2";"6.32";"3f";"O=C(N/N=C/c1ccc(Cl)cc1)C(Cc1ccccc1)N1C(=O)c2ccccc2NC1c1ccc(Cl)cc1";"IC50";"'='";"10125.0";"nM";"5.00";"";"";"UO_0000065";"";"";"";"";"0";"CHEMBL4003995";"Antileishmanial activity against promastigote stage of Leishmania aethiopica assessed as parasite growth inhibition after 24 hrs by Alamar blue assay";"F";"BAO_0000019";"assay format";"Leishmania aethiopica";"None";"None";"None";"None";"";"";"";"CHEMBL612651";"Leishmania aethiopica";"Leishmania aethiopica";"ORGANISM";"CHEMBL4002612";"1";"Scientific Literature";"Bioorg Med Chem Lett";"2017";"None";"";"";""
"CHEMBL4083335";"";"None";"222.25";"0";"-0.62";"2b";"CC(NC(=O)c1ccccc1N)C(=O)NN";"IC50";"'='";"185.0";"nM";"6.73";"";"";"UO_0000065";"";"";"";"";"0";"CHEMBL4003995";"Antileishmanial activity against promastigote stage of Leishmania aethiopica assessed as parasite growth inhibition after 24 hrs by Alamar blue assay";"F";"BAO_0000019";"assay format";"Leishmania aethiopica";"None";"None";"None";"None";"";"";"";"CHEMBL612651";"Leishmania aethiopica";"Leishmania aethiopica";"ORGANISM";"CHEMBL4002612";"1";"Scientific Literature";"Bioorg Med Chem Lett";"2017";"None";"";"";""
"CHEMBL292009";"BUPARVAQUONE";"2.0";"326.44";"1";"5.12";"1 (Buparvaquone)";"CC(C)(C)[C@H]1CC[C@H](CC2=C(O)C(=O)c3ccccc3C2=O)CC1";"ED50";"'='";"3.643";"uM";"";"";"";"UO_0000064";"";"";"";"";"0";"CHEMBL711886";"Effective dose was determined for intracellular amastigotes of Leishmania aethiopica Khartoum at 72 hr in infected macrophages at 37 degree C (experiment 2)";"F";"BAO_0000218";"organism-based format";"Leishmania aethiopica";"None";"None";"None";"None";"";"";"";"CHEMBL612651";"Leishmania aethiopica";"Leishmania aethiopica";"ORGANISM";"CHEMBL1148294";"1";"Scientific Literature";"J Med Chem";"2004";"None";"";"";""
"CHEMBL3416374";"";"None";"509.64";"2";"6.07";"3a";"CC(=O)N(C1=NN(C(C)=O)C(c2cn(-c3ccc(C)cc3)nc2-c2ccc(C)cc2)S1)c1ccccc1";"IC50";"'='";"0.8622";"ug.mL-1";"";"";"";"UO_0000274";"";"";"";"";"0";"CHEMBL3420880";"Antileishmanial activity against promastigote stage of Leishmania aethiopica after 24 hrs by alamar blue staining-based fluorescence assay";"F";"BAO_0000218";"organism-based format";"Leishmania aethiopica";"None";"None";"None";"None";"";"";"";"CHEMBL612651";"Leishmania aethiopica";"Leishmania aethiopica";"ORGANISM";"CHEMBL3414483";"1";"Scientific Literature";"Eur J Med Chem";"2015";"None";"";"";""
"CHEMBL3416388";"";"None";"474.31";"1";"6.11";"6c";"O=C(/C=C/c1cn(-c2ccc(Br)cc2)nc1-c1ccc([N+](=O)[O-])cc1)c1ccccc1";"IC50";"'='";"1.083";"ug.mL-1";"";"";"";"UO_0000274";"";"";"";"";"0";"CHEMBL3420880";"Antileishmanial activity against promastigote stage of Leishmania aethiopica after 24 hrs by alamar blue staining-based fluorescence assay";"F";"BAO_0000218";"organism-based format";"Leishmania aethiopica";"None";"None";"None";"None";"";"";"";"CHEMBL612651";"Leishmania aethiopica";"Leishmania aethiopica";"ORGANISM";"CHEMBL3414483";"1";"Scientific Literature";"Eur J Med Chem";"2015";"None";"";"";""
"CHEMBL292009";"BUPARVAQUONE";"2.0";"326.44";"1";"5.12";"1 (Buparvaquone)";"CC(C)(C)[C@H]1CC[C@H](CC2=C(O)C(=O)c3ccccc3C2=O)CC1";"ED50";"'='";"0.013";"uM";"";"";"";"UO_0000064";"";"";"";"";"0";"CHEMBL705525";"Effective dose was determined for extracellular promastigotes of Leishmania aethiopica Khartoum at 72 h";"F";"BAO_0000218";"organism-based format";"Leishmania aethiopica";"None";"None";"None";"None";"";"";"";"CHEMBL612651";"Leishmania aethiopica";"Leishmania aethiopica";"ORGANISM";"CHEMBL1148294";"1";"Scientific Literature";"J Med Chem";"2004";"None";"";"";""
"CHEMBL4088129";"";"None";"1324.63";"None";"None";"Amphotericin B deoxycholate";"C[C@@H]1[C@H](O)[C@@H](C)/C=C/C=C/C=C/C=C/C=C/C=C/C=C/[C@H](O[C@@H]2O[C@H](C)[C@@H](O)[C@H](N)[C@@H]2O)C[C@@H]2O[C@](O)(C[C@@H](O)C[C@@H](O)[C@H](O)CC[C@@H](O)C[C@@H](O)CC(=O)O[C@H]1C)C[C@H](O)[C@H]2C(=O)O.C[C@H](CCC(=O)[O-])[C@H]1CC[C@H]2[C@@H]3CC[C@@H]4C[C@H](O)CC[C@@H]4[C@H]3C[C@H](O)[C@]12C.[Na+]";"IC50";"'='";"35.0";"nM";"7.46";"";"";"UO_0000065";"";"";"";"";"0";"CHEMBL4003995";"Antileishmanial activity against promastigote stage of Leishmania aethiopica assessed as parasite growth inhibition after 24 hrs by Alamar blue assay";"F";"BAO_0000019";"assay format";"Leishmania aethiopica";"None";"None";"None";"None";"";"";"";"CHEMBL612651";"Leishmania aethiopica";"Leishmania aethiopica";"ORGANISM";"CHEMBL4002612";"1";"Scientific Literature";"Bioorg Med Chem Lett";"2017";"None";"";"";""
"CHEMBL58293";"";"None";"436.44";"0";"4.65";"4b";"CC(C)(C)C1CCC(CC2=C(OCOP(=O)(O)O)C(=O)c3ccccc3C2=O)CC1";"ED50";"'='";"0.057";"uM";"";"";"";"UO_0000064";"";"";"";"";"0";"CHEMBL705525";"Effective dose was determined for extracellular promastigotes of Leishmania aethiopica Khartoum at 72 h";"F";"BAO_0000218";"organism-based format";"Leishmania aethiopica";"None";"None";"None";"None";"";"";"";"CHEMBL612651";"Leishmania aethiopica";"Leishmania aethiopica";"ORGANISM";"CHEMBL1148294";"1";"Scientific Literature";"J Med Chem";"2004";"None";"";"";""
"CHEMBL125";"MILTEFOSINE";"4.0";"407.58";"1";"5.68";"Miltefosine";"CCCCCCCCCCCCCCCCOP(=O)([O-])OCC[N+](C)(C)C";"IC50";"'='";"0.121";"ug.mL-1";"";"";"";"UO_0000274";"";"";"";"";"0";"CHEMBL3073901";"Antileishmanial activity against amastigote form of Leishmania aethiopica MHOM/ET/82/117-82 infected in BALB/c mouse peritoneal exudate macrophages after 5 days";"F";"BAO_0000218";"organism-based format";"Leishmania aethiopica";"None";"None";"None";"None";"";"";"";"CHEMBL612651";"Leishmania aethiopica";"Leishmania aethiopica";"ORGANISM";"CHEMBL3045885";"1";"Scientific Literature";"Med Chem Res";"2013";"None";"";"";""
"CHEMBL4079319";"";"None";"208.22";"0";"-1.01";"2a";"NNC(=O)CNC(=O)c1ccccc1N";"IC50";"'='";"127.0";"nM";"6.90";"";"";"UO_0000065";"";"";"";"";"0";"CHEMBL4003995";"Antileishmanial activity against promastigote stage of Leishmania aethiopica assessed as parasite growth inhibition after 24 hrs by Alamar blue assay";"F";"BAO_0000019";"assay format";"Leishmania aethiopica";"None";"None";"None";"None";"";"";"";"CHEMBL612651";"Leishmania aethiopica";"Leishmania aethiopica";"ORGANISM";"CHEMBL4002612";"1";"Scientific Literature";"Bioorg Med Chem Lett";"2017";"None";"";"";""
"CHEMBL125";"MILTEFOSINE";"4.0";"407.58";"1";"5.68";"Miltefosine";"CCCCCCCCCCCCCCCCOP(=O)([O-])OCC[N+](C)(C)C";"IC50";"'='";"7832.0";"nM";"5.11";"";"";"UO_0000065";"";"";"";"";"0";"CHEMBL4003995";"Antileishmanial activity against promastigote stage of Leishmania aethiopica assessed as parasite growth inhibition after 24 hrs by Alamar blue assay";"F";"BAO_0000019";"assay format";"Leishmania aethiopica";"None";"None";"None";"None";"";"";"";"CHEMBL612651";"Leishmania aethiopica";"Leishmania aethiopica";"ORGANISM";"CHEMBL4002612";"1";"Scientific Literature";"Bioorg Med Chem Lett";"2017";"None";"";"";""
"CHEMBL4071678";"";"None";"528.57";"1";"4.42";"3i";"O=C(CCCCCN1C(=O)c2ccccc2NC1c1ccc2c(c1)OCO2)N/N=C/c1ccc2c(c1)OCO2";"IC50";"'='";"9333.0";"nM";"5.03";"";"";"UO_0000065";"";"";"";"";"0";"CHEMBL4003995";"Antileishmanial activity against promastigote stage of Leishmania aethiopica assessed as parasite growth inhibition after 24 hrs by Alamar blue assay";"F";"BAO_0000019";"assay format";"Leishmania aethiopica";"None";"None";"None";"None";"";"";"";"CHEMBL612651";"Leishmania aethiopica";"Leishmania aethiopica";"ORGANISM";"CHEMBL4002612";"1";"Scientific Literature";"Bioorg Med Chem Lett";"2017";"None";"";"";""
"CHEMBL267345";"AMPHOTERICIN B";"4.0";"924.09";"3";"0.71";"AMB";"C[C@@H]1[C@H](O)[C@@H](C)/C=C/C=C/C=C/C=C/C=C/C=C/C=C/[C@H](O[C@@H]2O[C@H](C)[C@@H](O)[C@H](N)[C@@H]2O)C[C@@H]2O[C@](O)(C[C@@H](O)C[C@@H](O)[C@H](O)CC[C@@H](O)C[C@@H](O)CC(=O)O[C@H]1C)C[C@H](O)[C@H]2C(=O)O";"IC50";"'='";"0.004";"ug.mL-1";"";"";"";"UO_0000274";"";"";"";"";"0";"CHEMBL3073593";"Antileishmanial activity against promastigote form of Leishmania aethiopica MHOM/ET/82/117-82 infected in BALB/c mouse peritoneal exudate macrophages after 72 hr";"F";"BAO_0000218";"organism-based format";"Leishmania aethiopica";"None";"None";"None";"None";"";"";"";"CHEMBL612651";"Leishmania aethiopica";"Leishmania aethiopica";"ORGANISM";"CHEMBL3045885";"1";"Scientific Literature";"Med Chem Res";"2013";"None";"";"";""
"CHEMBL2298974";"";"None";"881.42";"2";"17.65";"MS-1";"CCCCC/C=C\C/C=C\CCCCCCCC(=O)OCC(COC(=O)CCCCCCC/C=C\C/C=C\CCCCC)OC(=O)CCCCCCC/C=C\CCCCCCCC";"IC50";"'='";"0.079";"ug.mL-1";"";"";"";"UO_0000274";"";"";"";"";"0";"CHEMBL3073593";"Antileishmanial activity against promastigote form of Leishmania aethiopica MHOM/ET/82/117-82 infected in BALB/c mouse peritoneal exudate macrophages after 72 hr";"F";"BAO_0000218";"organism-based format";"Leishmania aethiopica";"None";"None";"None";"None";"";"";"";"CHEMBL612651";"Leishmania aethiopica";"Leishmania aethiopica";"ORGANISM";"CHEMBL3045885";"1";"Scientific Literature";"Med Chem Res";"2013";"None";"";"";""
"CHEMBL3416382";"";"None";"604.58";"2";"8.37";"5a";"Cc1ccc(-c2nn(-c3ccc(C)cc3)cc2/C=N/N=c2/scc(-c3ccc(Br)cc3)n2-c2ccccc2)cc1";"IC50";"'='";"0.0311";"ug.mL-1";"";"";"";"UO_0000274";"";"";"";"";"0";"CHEMBL3420880";"Antileishmanial activity against promastigote stage of Leishmania aethiopica after 24 hrs by alamar blue staining-based fluorescence assay";"F";"BAO_0000218";"organism-based format";"Leishmania aethiopica";"None";"None";"None";"None";"";"";"";"CHEMBL612651";"Leishmania aethiopica";"Leishmania aethiopica";"ORGANISM";"CHEMBL3414483";"1";"Scientific Literature";"Eur J Med Chem";"2015";"None";"";"";""
"CHEMBL2298974";"";"None";"881.42";"2";"17.65";"MS-1";"CCCCC/C=C\C/C=C\CCCCCCCC(=O)OCC(COC(=O)CCCCCCC/C=C\C/C=C\CCCCC)OC(=O)CCCCCCC/C=C\CCCCCCCC";"IC50";"'='";"40.03";"ug.mL-1";"";"";"";"UO_0000274";"";"";"";"";"0";"CHEMBL3073901";"Antileishmanial activity against amastigote form of Leishmania aethiopica MHOM/ET/82/117-82 infected in BALB/c mouse peritoneal exudate macrophages after 5 days";"F";"BAO_0000218";"organism-based format";"Leishmania aethiopica";"None";"None";"None";"None";"";"";"";"CHEMBL612651";"Leishmania aethiopica";"Leishmania aethiopica";"ORGANISM";"CHEMBL3045885";"1";"Scientific Literature";"Med Chem Res";"2013";"None";"";"";""
"CHEMBL2298973";"";"None";"883.44";"2";"17.87";"MS-2";"CCCCC/C=C\C/C=C\CCCCCCCC(=O)OC(COC(=O)CCCCCCC/C=C\CCCCCCCC)COC(=O)CCCCCCC/C=C\CCCCCCCC";"IC50";"'='";"242.5";"ug.mL-1";"";"Outside typical range";"";"UO_0000274";"";"";"";"";"0";"CHEMBL3073593";"Antileishmanial activity against promastigote form of Leishmania aethiopica MHOM/ET/82/117-82 infected in BALB/c mouse peritoneal exudate macrophages after 72 hr";"F";"BAO_0000218";"organism-based format";"Leishmania aethiopica";"None";"None";"None";"None";"";"";"";"CHEMBL612651";"Leishmania aethiopica";"Leishmania aethiopica";"ORGANISM";"CHEMBL3045885";"1";"Scientific Literature";"Med Chem Res";"2013";"None";"";"";""
"CHEMBL3416372";"";"None";"456.53";"1";"5.08";"2c";"Cc1ccc(-n2cc(/C=N/NC(=S)Nc3ccccc3)c(-c3ccc([N+](=O)[O-])cc3)n2)cc1";"IC50";"'='";"0.23";"ug.mL-1";"";"";"";"UO_0000274";"";"";"";"";"0";"CHEMBL3420881";"Antileishmanial activity against amastigote stage of Leishmania aethiopica after 72 hrs by resazurin staining-based fluorescence assay";"F";"BAO_0000218";"organism-based format";"Leishmania aethiopica";"None";"None";"None";"None";"";"";"";"CHEMBL612651";"Leishmania aethiopica";"Leishmania aethiopica";"ORGANISM";"CHEMBL3414483";"1";"Scientific Literature";"Eur J Med Chem";"2015";"None";"";"";""
"CHEMBL3416386";"";"None";"378.48";"1";"6.05";"6a";"Cc1ccc(-c2nn(-c3ccc(C)cc3)cc2/C=C/C(=O)c2ccccc2)cc1";"IC50";"'='";"2.88";"ug.mL-1";"";"";"";"UO_0000274";"";"";"";"";"0";"CHEMBL3420881";"Antileishmanial activity against amastigote stage of Leishmania aethiopica after 72 hrs by resazurin staining-based fluorescence assay";"F";"BAO_0000218";"organism-based format";"Leishmania aethiopica";"None";"None";"None";"None";"";"";"";"CHEMBL612651";"Leishmania aethiopica";"Leishmania aethiopica";"ORGANISM";"CHEMBL3414483";"1";"Scientific Literature";"Eur J Med Chem";"2015";"None";"";"";""
"CHEMBL3416381";"";"None";"561.42";"2";"5.68";"4d";"O=C1CS/C(=N/N=C/c2cn(-c3ccc(Br)cc3)nc2-c2ccc([N+](=O)[O-])cc2)N1c1ccccc1";"IC50";"'='";"0.19";"ug.mL-1";"";"";"";"UO_0000274";"";"";"";"";"0";"CHEMBL3420881";"Antileishmanial activity against amastigote stage of Leishmania aethiopica after 72 hrs by resazurin staining-based fluorescence assay";"F";"BAO_0000218";"organism-based format";"Leishmania aethiopica";"None";"None";"None";"None";"";"";"";"CHEMBL612651";"Leishmania aethiopica";"Leishmania aethiopica";"ORGANISM";"CHEMBL3414483";"1";"Scientific Literature";"Eur J Med Chem";"2015";"None";"";"";""
"CHEMBL3416384";"";"None";"635.55";"2";"7.97";"5c";"Cc1ccc(-n2cc(/C=N/N=c3/scc(-c4ccc(Br)cc4)n3-c3ccccc3)c(-c3ccc([N+](=O)[O-])cc3)n2)cc1";"IC50";"'='";"3.112";"ug.mL-1";"";"";"";"UO_0000274";"";"";"";"";"0";"CHEMBL3420880";"Antileishmanial activity against promastigote stage of Leishmania aethiopica after 24 hrs by alamar blue staining-based fluorescence assay";"F";"BAO_0000218";"organism-based format";"Leishmania aethiopica";"None";"None";"None";"None";"";"";"";"CHEMBL612651";"Leishmania aethiopica";"Leishmania aethiopica";"ORGANISM";"CHEMBL3414483";"1";"Scientific Literature";"Eur J Med Chem";"2015";"None";"";"";""
"CHEMBL3416387";"";"None";"443.34";"1";"6.51";"6b";"Cc1ccc(-c2nn(-c3ccc(Br)cc3)cc2/C=C/C(=O)c2ccccc2)cc1";"IC50";"'='";"1.029";"ug.mL-1";"";"";"";"UO_0000274";"";"";"";"";"0";"CHEMBL3420880";"Antileishmanial activity against promastigote stage of Leishmania aethiopica after 24 hrs by alamar blue staining-based fluorescence assay";"F";"BAO_0000218";"organism-based format";"Leishmania aethiopica";"None";"None";"None";"None";"";"";"";"CHEMBL612651";"Leishmania aethiopica";"Leishmania aethiopica";"ORGANISM";"CHEMBL3414483";"1";"Scientific Literature";"Eur J Med Chem";"2015";"None";"";"";""
"CHEMBL267345";"AMPHOTERICIN B";"4.0";"924.09";"3";"0.71";"Amphotericin B";"C[C@@H]1[C@H](O)[C@@H](C)/C=C/C=C/C=C/C=C/C=C/C=C/C=C/[C@H](O[C@@H]2O[C@H](C)[C@@H](O)[C@H](N)[C@@H]2O)C[C@@H]2O[C@](O)(C[C@@H](O)C[C@@H](O)[C@H](O)CC[C@@H](O)C[C@@H](O)CC(=O)O[C@H]1C)C[C@H](O)[C@H]2C(=O)O";"IC50";"'='";"0.032";"ug.mL-1";"";"";"";"UO_0000274";"";"";"";"";"0";"CHEMBL3073901";"Antileishmanial activity against amastigote form of Leishmania aethiopica MHOM/ET/82/117-82 infected in BALB/c mouse peritoneal exudate macrophages after 5 days";"F";"BAO_0000218";"organism-based format";"Leishmania aethiopica";"None";"None";"None";"None";"";"";"";"CHEMBL612651";"Leishmania aethiopica";"Leishmania aethiopica";"ORGANISM";"CHEMBL3045885";"1";"Scientific Literature";"Med Chem Res";"2013";"None";"";"";""
"CHEMBL3416397";"";"None";"530.38";"2";"5.91";"9c";"CC(=O)N1N=C(c2ccccc2)CC1c1cn(-c2ccc(Br)cc2)nc1-c1ccc([N+](=O)[O-])cc1";"IC50";"'='";"1.088";"ug.mL-1";"";"";"";"UO_0000274";"";"";"";"";"0";"CHEMBL3420880";"Antileishmanial activity against promastigote stage of Leishmania aethiopica after 24 hrs by alamar blue staining-based fluorescence assay";"F";"BAO_0000218";"organism-based format";"Leishmania aethiopica";"None";"None";"None";"None";"";"";"";"CHEMBL612651";"Leishmania aethiopica";"Leishmania aethiopica";"ORGANISM";"CHEMBL3414483";"1";"Scientific Literature";"Eur J Med Chem";"2015";"None";"";"";""
"CHEMBL3416399";"";"None";"513.44";"2";"6.70";"10b";"CCC(=O)N1N=C(c2ccccc2)CC1c1cn(-c2ccc(Br)cc2)nc1-c1ccc(C)cc1";"IC50";"'='";"2.042";"ug.mL-1";"";"";"";"UO_0000274";"";"";"";"";"0";"CHEMBL3420880";"Antileishmanial activity against promastigote stage of Leishmania aethiopica after 24 hrs by alamar blue staining-based fluorescence assay";"F";"BAO_0000218";"organism-based format";"Leishmania aethiopica";"None";"None";"None";"None";"";"";"";"CHEMBL612651";"Leishmania aethiopica";"Leishmania aethiopica";"ORGANISM";"CHEMBL3414483";"1";"Scientific Literature";"Eur J Med Chem";"2015";"None";"";"";""
"CHEMBL3416373";"";"None";"521.40";"2";"5.53";"2d";"O=[N+]([O-])c1ccc(-c2nn(-c3ccc(Br)cc3)cc2/C=N/NC(=S)Nc2ccccc2)cc1";"IC50";"'='";"0.21";"ug.mL-1";"";"";"";"UO_0000274";"";"";"";"";"0";"CHEMBL3420881";"Antileishmanial activity against amastigote stage of Leishmania aethiopica after 72 hrs by resazurin staining-based fluorescence assay";"F";"BAO_0000218";"organism-based format";"Leishmania aethiopica";"None";"None";"None";"None";"";"";"";"CHEMBL612651";"Leishmania aethiopica";"Leishmania aethiopica";"ORGANISM";"CHEMBL3414483";"1";"Scientific Literature";"Eur J Med Chem";"2015";"None";"";"";""
"CHEMBL292009";"BUPARVAQUONE";"2.0";"326.44";"1";"5.12";"1 (Buparvaquone)";"CC(C)(C)[C@H]1CC[C@H](CC2=C(O)C(=O)c3ccccc3C2=O)CC1";"ED50";"'='";"0.633";"uM";"";"";"";"UO_0000064";"";"";"";"";"0";"CHEMBL711885";"Effective dose was determined for intracellular amastigotes of Leishmania aethiopica Khartoum at 72 hr in infected macrophages at 34C (experiment 1)";"F";"BAO_0000218";"organism-based format";"Leishmania aethiopica";"None";"None";"None";"None";"";"";"";"CHEMBL612651";"Leishmania aethiopica";"Leishmania aethiopica";"ORGANISM";"CHEMBL1148294";"1";"Scientific Literature";"J Med Chem";"2004";"None";"";"";""
"CHEMBL4092475";"";"None";"420.47";"0";"4.15";"3j";"O=C(CCCCCN1C(=O)c2ccccc2NC1c1ccco1)N/N=C/c1ccco1";"IC50";"'='";"11056.0";"nM";"4.96";"";"";"UO_0000065";"";"";"";"";"0";"CHEMBL4003995";"Antileishmanial activity against promastigote stage of Leishmania aethiopica assessed as parasite growth inhibition after 24 hrs by Alamar blue assay";"F";"BAO_0000019";"assay format";"Leishmania aethiopica";"None";"None";"None";"None";"";"";"";"CHEMBL612651";"Leishmania aethiopica";"Leishmania aethiopica";"ORGANISM";"CHEMBL4002612";"1";"Scientific Literature";"Bioorg Med Chem Lett";"2017";"None";"";"";""
"CHEMBL4060470";"";"None";"264.33";"0";"0.55";"2f";"NNC(=O)CCCCCNC(=O)c1ccccc1N";"IC50";"'='";"51.0";"nM";"7.29";"";"";"UO_0000065";"";"";"";"";"0";"CHEMBL4003995";"Antileishmanial activity against promastigote stage of Leishmania aethiopica assessed as parasite growth inhibition after 24 hrs by Alamar blue assay";"F";"BAO_0000019";"assay format";"Leishmania aethiopica";"None";"None";"None";"None";"";"";"";"CHEMBL612651";"Leishmania aethiopica";"Leishmania aethiopica";"ORGANISM";"CHEMBL4002612";"1";"Scientific Literature";"Bioorg Med Chem Lett";"2017";"None";"";"";""
"CHEMBL3585808";"";"None";"222.24";"0";"0.56";"1d";"COC(=O)CCNC(=O)c1ccccc1N";"IC50";"'='";"26418.0";"nM";"4.58";"";"";"UO_0000065";"";"";"";"";"0";"CHEMBL4003995";"Antileishmanial activity against promastigote stage of Leishmania aethiopica assessed as parasite growth inhibition after 24 hrs by Alamar blue assay";"F";"BAO_0000019";"assay format";"Leishmania aethiopica";"None";"None";"None";"None";"";"";"";"CHEMBL612651";"Leishmania aethiopica";"Leishmania aethiopica";"ORGANISM";"CHEMBL4002612";"1";"Scientific Literature";"Bioorg Med Chem Lett";"2017";"None";"";"";""
"CHEMBL3585810";"";"None";"264.32";"0";"1.73";"1f";"COC(=O)CCCCCNC(=O)c1ccccc1N";"IC50";"'='";"21280.0";"nM";"4.67";"";"";"UO_0000065";"";"";"";"";"0";"CHEMBL4003995";"Antileishmanial activity against promastigote stage of Leishmania aethiopica assessed as parasite growth inhibition after 24 hrs by Alamar blue assay";"F";"BAO_0000019";"assay format";"Leishmania aethiopica";"None";"None";"None";"None";"";"";"";"CHEMBL612651";"Leishmania aethiopica";"Leishmania aethiopica";"ORGANISM";"CHEMBL4002612";"1";"Scientific Literature";"Bioorg Med Chem Lett";"2017";"None";"";"";""
"CHEMBL370143";"PAROMOMYCIN";"4.0";"615.63";"3";"-8.86";"PM";"NC[C@@H]1O[C@H](O[C@H]2[C@@H](O)[C@H](O[C@@H]3[C@@H](O)[C@H](N)C[C@H](N)[C@H]3O[C@H]3O[C@H](CO)[C@@H](O)[C@H](O)[C@H]3N)O[C@@H]2CO)[C@H](N)[C@@H](O)[C@@H]1O";"IC50";"";"";"";"";"";"Not Determined";"";"";"";"";"";"0";"CHEMBL4023897";"Antileishmanial activity against Leishmania aethiopica MHOM/ET/84/KH after 3 to 5 days";"F";"BAO_0000019";"assay format";"Leishmania aethiopica";"None";"None";"None";"None";"";"";"";"CHEMBL612651";"Leishmania aethiopica";"Leishmania aethiopica";"ORGANISM";"CHEMBL4020832";"1";"Scientific Literature";"J Med Chem";"2018";"None";"";"";""
"CHEMBL3416368";"";"None";"307.31";"0";"3.57";"1c";"Cc1ccc(-n2cc(C=O)c(-c3ccc([N+](=O)[O-])cc3)n2)cc1";"IC50";"'='";"1.56";"ug.mL-1";"";"";"";"UO_0000274";"";"";"";"";"0";"CHEMBL3420881";"Antileishmanial activity against amastigote stage of Leishmania aethiopica after 72 hrs by resazurin staining-based fluorescence assay";"F";"BAO_0000218";"organism-based format";"Leishmania aethiopica";"None";"None";"None";"None";"";"";"";"CHEMBL612651";"Leishmania aethiopica";"Leishmania aethiopica";"ORGANISM";"CHEMBL3414483";"1";"Scientific Literature";"Eur J Med Chem";"2015";"None";"";"";""
"CHEMBL3416392";"";"None";"392.51";"1";"5.59";"8a";"Cc1ccc(-c2nn(-c3ccc(C)cc3)cc2C2CC(c3ccccc3)=NN2)cc1";"IC50";"'='";"2.37";"ug.mL-1";"";"";"";"UO_0000274";"";"";"";"";"0";"CHEMBL3420881";"Antileishmanial activity against amastigote stage of Leishmania aethiopica after 72 hrs by resazurin staining-based fluorescence assay";"F";"BAO_0000218";"organism-based format";"Leishmania aethiopica";"None";"None";"None";"None";"";"";"";"CHEMBL612651";"Leishmania aethiopica";"Leishmania aethiopica";"ORGANISM";"CHEMBL3414483";"1";"Scientific Literature";"Eur J Med Chem";"2015";"None";"";"";""
"CHEMBL3416400";"";"None";"544.41";"2";"6.30";"10c";"CCC(=O)N1N=C(c2ccccc2)CC1c1cn(-c2ccc(Br)cc2)nc1-c1ccc([N+](=O)[O-])cc1";"IC50";"'='";"1.83";"ug.mL-1";"";"";"";"UO_0000274";"";"";"";"";"0";"CHEMBL3420881";"Antileishmanial activity against amastigote stage of Leishmania aethiopica after 72 hrs by resazurin staining-based fluorescence assay";"F";"BAO_0000218";"organism-based format";"Leishmania aethiopica";"None";"None";"None";"None";"";"";"";"CHEMBL612651";"Leishmania aethiopica";"Leishmania aethiopica";"ORGANISM";"CHEMBL3414483";"1";"Scientific Literature";"Eur J Med Chem";"2015";"None";"";"";""
"CHEMBL61370";"";"None";"406.42";"0";"4.67";"4a";"CC(C)(C)C1CCC(CC2=C(OP(=O)(O)O)C(=O)c3ccccc3C2=O)CC1";"ED50";"'='";"2.334";"uM";"";"";"";"UO_0000064";"";"";"";"";"0";"CHEMBL711885";"Effective dose was determined for intracellular amastigotes of Leishmania aethiopica Khartoum at 72 hr in infected macrophages at 34C (experiment 1)";"F";"BAO_0000218";"organism-based format";"Leishmania aethiopica";"None";"None";"None";"None";"";"";"";"CHEMBL612651";"Leishmania aethiopica";"Leishmania aethiopica";"ORGANISM";"CHEMBL1148294";"1";"Scientific Literature";"J Med Chem";"2004";"None";"";"";""
"CHEMBL3416380";"";"None";"496.55";"1";"5.23";"4c";"Cc1ccc(-n2cc(/C=N/N=C3/SCC(=O)N3c3ccccc3)c(-c3ccc([N+](=O)[O-])cc3)n2)cc1";"IC50";"'='";"0.0201";"ug.mL-1";"";"";"";"UO_0000274";"";"";"";"";"0";"CHEMBL3420880";"Antileishmanial activity against promastigote stage of Leishmania aethiopica after 24 hrs by alamar blue staining-based fluorescence assay";"F";"BAO_0000218";"organism-based format";"Leishmania aethiopica";"None";"None";"None";"None";"";"";"";"CHEMBL612651";"Leishmania aethiopica";"Leishmania aethiopica";"ORGANISM";"CHEMBL3414483";"1";"Scientific Literature";"Eur J Med Chem";"2015";"None";"";"";""
"CHEMBL3416368";"";"None";"307.31";"0";"3.57";"1c";"Cc1ccc(-n2cc(C=O)c(-c3ccc([N+](=O)[O-])cc3)n2)cc1";"IC50";"'='";"3.644";"ug.mL-1";"";"";"";"UO_0000274";"";"";"";"";"0";"CHEMBL3420880";"Antileishmanial activity against promastigote stage of Leishmania aethiopica after 24 hrs by alamar blue staining-based fluorescence assay";"F";"BAO_0000218";"organism-based format";"Leishmania aethiopica";"None";"None";"None";"None";"";"";"";"CHEMBL612651";"Leishmania aethiopica";"Leishmania aethiopica";"ORGANISM";"CHEMBL3414483";"1";"Scientific Literature";"Eur J Med Chem";"2015";"None";"";"";""
"CHEMBL3416370";"";"None";"425.56";"1";"5.48";"2a";"Cc1ccc(-c2nn(-c3ccc(C)cc3)cc2/C=N/NC(=S)Nc2ccccc2)cc1";"IC50";"'='";"3.012";"ug.mL-1";"";"";"";"UO_0000274";"";"";"";"";"0";"CHEMBL3420880";"Antileishmanial activity against promastigote stage of Leishmania aethiopica after 24 hrs by alamar blue staining-based fluorescence assay";"F";"BAO_0000218";"organism-based format";"Leishmania aethiopica";"None";"None";"None";"None";"";"";"";"CHEMBL612651";"Leishmania aethiopica";"Leishmania aethiopica";"ORGANISM";"CHEMBL3414483";"1";"Scientific Literature";"Eur J Med Chem";"2015";"None";"";"";""
"CHEMBL3416377";"";"None";"605.47";"2";"6.13";"3d";"CC(=O)N(C1=NN(C(C)=O)C(c2cn(-c3ccc(Br)cc3)nc2-c2ccc([N+](=O)[O-])cc2)S1)c1ccccc1";"IC50";"'='";"0.0142";"ug.mL-1";"";"";"";"UO_0000274";"";"";"";"";"0";"CHEMBL3420880";"Antileishmanial activity against promastigote stage of Leishmania aethiopica after 24 hrs by alamar blue staining-based fluorescence assay";"F";"BAO_0000218";"organism-based format";"Leishmania aethiopica";"None";"None";"None";"None";"";"";"";"CHEMBL612651";"Leishmania aethiopica";"Leishmania aethiopica";"ORGANISM";"CHEMBL3414483";"1";"Scientific Literature";"Eur J Med Chem";"2015";"None";"";"";""
"CHEMBL3416389";"";"None";"468.60";"1";"7.51";"7a";"Cc1ccc(-c2nn(-c3ccc(C)cc3)cc2C2CC(c3ccccc3)=NN2c2ccccc2)cc1";"IC50";"'='";"3.088";"ug.mL-1";"";"";"";"UO_0000274";"";"";"";"";"0";"CHEMBL3420880";"Antileishmanial activity against promastigote stage of Leishmania aethiopica after 24 hrs by alamar blue staining-based fluorescence assay";"F";"BAO_0000218";"organism-based format";"Leishmania aethiopica";"None";"None";"None";"None";"";"";"";"CHEMBL612651";"Leishmania aethiopica";"Leishmania aethiopica";"ORGANISM";"CHEMBL3414483";"1";"Scientific Literature";"Eur J Med Chem";"2015";"None";"";"";""
"CHEMBL4078293";"";"None";"345.23";"0";"2.53";"R-6";"O=[N+]([O-])c1cn2c(n1)OC[C@H](Oc1ccc(OC(F)(F)F)cc1)C2";"IC50";"'='";"3170.0";"nM";"5.50";"";"";"UO_0000065";"";"";"";"";"0";"CHEMBL4023897";"Antileishmanial activity against Leishmania aethiopica MHOM/ET/84/KH after 3 to 5 days";"F";"BAO_0000019";"assay format";"Leishmania aethiopica";"None";"None";"None";"None";"";"";"";"CHEMBL612651";"Leishmania aethiopica";"Leishmania aethiopica";"ORGANISM";"CHEMBL4020832";"1";"Scientific Literature";"J Med Chem";"2018";"None";"";"";""
"CHEMBL4075089";"";"None";"885.89";"None";"None";"SSG";"";"IC50";"";"";"";"";"";"Not Determined";"";"";"";"";"";"0";"CHEMBL4023897";"Antileishmanial activity against Leishmania aethiopica MHOM/ET/84/KH after 3 to 5 days";"F";"BAO_0000019";"assay format";"Leishmania aethiopica";"None";"None";"None";"None";"";"";"";"CHEMBL612651";"Leishmania aethiopica";"Leishmania aethiopica";"ORGANISM";"CHEMBL4020832";"1";"Scientific Literature";"J Med Chem";"2018";"None";"";"";""
"CHEMBL3416397";"";"None";"530.38";"2";"5.91";"9c";"CC(=O)N1N=C(c2ccccc2)CC1c1cn(-c2ccc(Br)cc2)nc1-c1ccc([N+](=O)[O-])cc1";"IC50";"'='";"0.89";"ug.mL-1";"";"";"";"UO_0000274";"";"";"";"";"0";"CHEMBL3420881";"Antileishmanial activity against amastigote stage of Leishmania aethiopica after 72 hrs by resazurin staining-based fluorescence assay";"F";"BAO_0000218";"organism-based format";"Leishmania aethiopica";"None";"None";"None";"None";"";"";"";"CHEMBL612651";"Leishmania aethiopica";"Leishmania aethiopica";"ORGANISM";"CHEMBL3414483";"1";"Scientific Literature";"Eur J Med Chem";"2015";"None";"";"";""
"CHEMBL3416374";"";"None";"509.64";"2";"6.07";"3a";"CC(=O)N(C1=NN(C(C)=O)C(c2cn(-c3ccc(C)cc3)nc2-c2ccc(C)cc2)S1)c1ccccc1";"IC50";"'='";"0.82";"ug.mL-1";"";"";"";"UO_0000274";"";"";"";"";"0";"CHEMBL3420881";"Antileishmanial activity against amastigote stage of Leishmania aethiopica after 72 hrs by resazurin staining-based fluorescence assay";"F";"BAO_0000218";"organism-based format";"Leishmania aethiopica";"None";"None";"None";"None";"";"";"";"CHEMBL612651";"Leishmania aethiopica";"Leishmania aethiopica";"ORGANISM";"CHEMBL3414483";"1";"Scientific Literature";"Eur J Med Chem";"2015";"None";"";"";""
"CHEMBL3416391";"";"None";"564.44";"2";"7.57";"7c";"O=[N+]([O-])c1ccc(-c2nn(-c3ccc(Br)cc3)cc2C2CC(c3ccccc3)=NN2c2ccccc2)cc1";"IC50";"'='";"2.01";"ug.mL-1";"";"";"";"UO_0000274";"";"";"";"";"0";"CHEMBL3420881";"Antileishmanial activity against amastigote stage of Leishmania aethiopica after 72 hrs by resazurin staining-based fluorescence assay";"F";"BAO_0000218";"organism-based format";"Leishmania aethiopica";"None";"None";"None";"None";"";"";"";"CHEMBL612651";"Leishmania aethiopica";"Leishmania aethiopica";"ORGANISM";"CHEMBL3414483";"1";"Scientific Literature";"Eur J Med Chem";"2015";"None";"";"";""
"CHEMBL3416371";"";"None";"490.43";"1";"5.93";"2b";"Cc1ccc(-c2nn(-c3ccc(Br)cc3)cc2/C=N/NC(=S)Nc2ccccc2)cc1";"IC50";"'='";"3.623";"ug.mL-1";"";"";"";"UO_0000274";"";"";"";"";"0";"CHEMBL3420880";"Antileishmanial activity against promastigote stage of Leishmania aethiopica after 24 hrs by alamar blue staining-based fluorescence assay";"F";"BAO_0000218";"organism-based format";"Leishmania aethiopica";"None";"None";"None";"None";"";"";"";"CHEMBL612651";"Leishmania aethiopica";"Leishmania aethiopica";"ORGANISM";"CHEMBL3414483";"1";"Scientific Literature";"Eur J Med Chem";"2015";"None";"";"";""
"CHEMBL3416399";"";"None";"513.44";"2";"6.70";"10b";"CCC(=O)N1N=C(c2ccccc2)CC1c1cn(-c2ccc(Br)cc2)nc1-c1ccc(C)cc1";"IC50";"'='";"1.79";"ug.mL-1";"";"";"";"UO_0000274";"";"";"";"";"0";"CHEMBL3420881";"Antileishmanial activity against amastigote stage of Leishmania aethiopica after 72 hrs by resazurin staining-based fluorescence assay";"F";"BAO_0000218";"organism-based format";"Leishmania aethiopica";"None";"None";"None";"None";"";"";"";"CHEMBL612651";"Leishmania aethiopica";"Leishmania aethiopica";"ORGANISM";"CHEMBL3414483";"1";"Scientific Literature";"Eur J Med Chem";"2015";"None";"";"";""
"CHEMBL3416382";"";"None";"604.58";"2";"8.37";"5a";"Cc1ccc(-c2nn(-c3ccc(C)cc3)cc2/C=N/N=c2/scc(-c3ccc(Br)cc3)n2-c2ccccc2)cc1";"IC50";"'='";"0.3";"ug.mL-1";"";"";"";"UO_0000274";"";"";"";"";"0";"CHEMBL3420881";"Antileishmanial activity against amastigote stage of Leishmania aethiopica after 72 hrs by resazurin staining-based fluorescence assay";"F";"BAO_0000218";"organism-based format";"Leishmania aethiopica";"None";"None";"None";"None";"";"";"";"CHEMBL612651";"Leishmania aethiopica";"Leishmania aethiopica";"ORGANISM";"CHEMBL3414483";"1";"Scientific Literature";"Eur J Med Chem";"2015";"None";"";"";""
"CHEMBL125";"MILTEFOSINE";"4.0";"407.58";"1";"5.68";"Miltefosine";"CCCCCCCCCCCCCCCCOP(=O)([O-])OCC[N+](C)(C)C";"IC50";"'='";"0.3";"ug.mL-1";"";"";"";"UO_0000274";"";"";"";"";"0";"CHEMBL4310415";"Antileishmanial activity against Leishmania aethiopica amastigotes";"F";"BAO_0000218";"organism-based format";"Leishmania aethiopica";"None";"None";"None";"None";"";"";"";"CHEMBL612651";"Leishmania aethiopica";"Leishmania aethiopica";"ORGANISM";"CHEMBL4308857";"1";"Scientific Literature";"Eur J Med Chem";"2018";"None";"";"";""
"CHEMBL4093417";"";"None";"398.47";"0";"3.79";"3g";"O=C(CCN1C(=O)c2ccccc2NC1c1ccccc1)N/N=C/c1ccccc1";"IC50";"'='";"12551.0";"nM";"4.90";"";"";"UO_0000065";"";"";"";"";"0";"CHEMBL4003995";"Antileishmanial activity against promastigote stage of Leishmania aethiopica assessed as parasite growth inhibition after 24 hrs by Alamar blue assay";"F";"BAO_0000019";"assay format";"Leishmania aethiopica";"None";"None";"None";"None";"";"";"";"CHEMBL612651";"Leishmania aethiopica";"Leishmania aethiopica";"ORGANISM";"CHEMBL4002612";"1";"Scientific Literature";"Bioorg Med Chem Lett";"2017";"None";"";"";""
"CHEMBL4101171";"";"None";"454.49";"0";"4.20";"3e";"O=C(N/N=C/c1ccco1)C(Cc1ccccc1)N1C(=O)c2ccccc2NC1c1ccco1";"IC50";"'='";"9049.0";"nM";"5.04";"";"";"UO_0000065";"";"";"";"";"0";"CHEMBL4003995";"Antileishmanial activity against promastigote stage of Leishmania aethiopica assessed as parasite growth inhibition after 24 hrs by Alamar blue assay";"F";"BAO_0000019";"assay format";"Leishmania aethiopica";"None";"None";"None";"None";"";"";"";"CHEMBL612651";"Leishmania aethiopica";"Leishmania aethiopica";"ORGANISM";"CHEMBL4002612";"1";"Scientific Literature";"Bioorg Med Chem Lett";"2017";"None";"";"";""
"CHEMBL4082373";"";"None";"298.35";"0";"0.60";"2c";"NNC(=O)C(Cc1ccccc1)NC(=O)c1ccccc1N";"IC50";"'='";"2897.0";"nM";"5.54";"";"";"UO_0000065";"";"";"";"";"0";"CHEMBL4003995";"Antileishmanial activity against promastigote stage of Leishmania aethiopica assessed as parasite growth inhibition after 24 hrs by Alamar blue assay";"F";"BAO_0000019";"assay format";"Leishmania aethiopica";"None";"None";"None";"None";"";"";"";"CHEMBL612651";"Leishmania aethiopica";"Leishmania aethiopica";"ORGANISM";"CHEMBL4002612";"1";"Scientific Literature";"Bioorg Med Chem Lett";"2017";"None";"";"";""
"CHEMBL3585809";"";"None";"236.27";"0";"0.95";"1e";"COC(=O)CCCNC(=O)c1ccccc1N";"IC50";"'='";"17348.0";"nM";"4.76";"";"";"UO_0000065";"";"";"";"";"0";"CHEMBL4003995";"Antileishmanial activity against promastigote stage of Leishmania aethiopica assessed as parasite growth inhibition after 24 hrs by Alamar blue assay";"F";"BAO_0000019";"assay format";"Leishmania aethiopica";"None";"None";"None";"None";"";"";"";"CHEMBL612651";"Leishmania aethiopica";"Leishmania aethiopica";"ORGANISM";"CHEMBL4002612";"1";"Scientific Literature";"Bioorg Med Chem Lett";"2017";"None";"";"";""
"CHEMBL4060470";"";"None";"264.33";"0";"0.55";"2f";"NNC(=O)CCCCCNC(=O)c1ccccc1N";"Ratio IC50";"'='";"154.0";"";"";"";"";"";"";"";"";"";"0";"CHEMBL4004005";"Potency index, ratio of mitefosine IC50 to test compound IC50 for promastigote stage of Leishmania aethiopica";"F";"BAO_0000019";"assay format";"Leishmania aethiopica";"None";"None";"None";"None";"";"";"";"CHEMBL612651";"Leishmania aethiopica";"Leishmania aethiopica";"ORGANISM";"CHEMBL4002612";"1";"Scientific Literature";"Bioorg Med Chem Lett";"2017";"None";"";"";""
"CHEMBL61370";"";"None";"406.42";"0";"4.67";"4a";"CC(C)(C)C1CCC(CC2=C(OP(=O)(O)O)C(=O)c3ccccc3C2=O)CC1";"ED50";"'='";"7.351";"uM";"";"";"";"UO_0000064";"";"";"";"";"0";"CHEMBL711886";"Effective dose was determined for intracellular amastigotes of Leishmania aethiopica Khartoum at 72 hr in infected macrophages at 37 degree C (experiment 2)";"F";"BAO_0000218";"organism-based format";"Leishmania aethiopica";"None";"None";"None";"None";"";"";"";"CHEMBL612651";"Leishmania aethiopica";"Leishmania aethiopica";"ORGANISM";"CHEMBL1148294";"1";"Scientific Literature";"J Med Chem";"2004";"None";"";"";""
"CHEMBL4440066";"";"None";"374.63";"None";"None";"53";"CN(C)CCOc1cc(NC(=O)c2ccc3c(c2)COB3O)ccc1Cl";"EC50";"'='";"2000.0";"nM";"5.70";"";"";"UO_0000065";"";"";"";"";"0";"CHEMBL4367657";"Antileishmanial activity Leishmania aethiopica MHOM/ET/84/KH after 72 hrs by giemsa staining based light microscopic analysis";"F";"BAO_0000218";"organism-based format";"Leishmania aethiopica";"None";"None";"None";"None";"";"";"";"CHEMBL612651";"Leishmania aethiopica";"Leishmania aethiopica";"ORGANISM";"CHEMBL4364300";"1";"Scientific Literature";"Eur J Med Chem";"2019";"None";"";"";""
"CHEMBL267345";"AMPHOTERICIN B";"4.0";"924.09";"3";"0.71";"Amp B";"C[C@@H]1[C@H](O)[C@@H](C)/C=C/C=C/C=C/C=C/C=C/C=C/C=C/[C@H](O[C@@H]2O[C@H](C)[C@@H](O)[C@H](N)[C@@H]2O)C[C@@H]2O[C@](O)(C[C@@H](O)C[C@@H](O)[C@H](O)CC[C@@H](O)C[C@@H](O)CC(=O)O[C@H]1C)C[C@H](O)[C@H]2C(=O)O";"IC50";"'='";"110.0";"nM";"6.96";"";"";"UO_0000065";"";"";"";"";"0";"CHEMBL4023897";"Antileishmanial activity against Leishmania aethiopica MHOM/ET/84/KH after 3 to 5 days";"F";"BAO_0000019";"assay format";"Leishmania aethiopica";"None";"None";"None";"None";"";"";"";"CHEMBL612651";"Leishmania aethiopica";"Leishmania aethiopica";"ORGANISM";"CHEMBL4020832";"1";"Scientific Literature";"J Med Chem";"2018";"None";"";"";""
"CHEMBL3416391";"";"None";"564.44";"2";"7.57";"7c";"O=[N+]([O-])c1ccc(-c2nn(-c3ccc(Br)cc3)cc2C2CC(c3ccccc3)=NN2c2ccccc2)cc1";"IC50";"'='";"3.848";"ug.mL-1";"";"";"";"UO_0000274";"";"";"";"";"0";"CHEMBL3420880";"Antileishmanial activity against promastigote stage of Leishmania aethiopica after 24 hrs by alamar blue staining-based fluorescence assay";"F";"BAO_0000218";"organism-based format";"Leishmania aethiopica";"None";"None";"None";"None";"";"";"";"CHEMBL612651";"Leishmania aethiopica";"Leishmania aethiopica";"ORGANISM";"CHEMBL3414483";"1";"Scientific Literature";"Eur J Med Chem";"2015";"None";"";"";""
"CHEMBL3416372";"";"None";"456.53";"1";"5.08";"2c";"Cc1ccc(-n2cc(/C=N/NC(=S)Nc3ccccc3)c(-c3ccc([N+](=O)[O-])cc3)n2)cc1";"IC50";"'='";"0.0241";"ug.mL-1";"";"";"";"UO_0000274";"";"";"";"";"0";"CHEMBL3420880";"Antileishmanial activity against promastigote stage of Leishmania aethiopica after 24 hrs by alamar blue staining-based fluorescence assay";"F";"BAO_0000218";"organism-based format";"Leishmania aethiopica";"None";"None";"None";"None";"";"";"";"CHEMBL612651";"Leishmania aethiopica";"Leishmania aethiopica";"ORGANISM";"CHEMBL3414483";"1";"Scientific Literature";"Eur J Med Chem";"2015";"None";"";"";""
"CHEMBL3416376";"";"None";"540.61";"2";"5.67";"3c";"CC(=O)N(C1=NN(C(C)=O)C(c2cn(-c3ccc(C)cc3)nc2-c2ccc([N+](=O)[O-])cc2)S1)c1ccccc1";"IC50";"'='";"0.8461";"ug.mL-1";"";"";"";"UO_0000274";"";"";"";"";"0";"CHEMBL3420880";"Antileishmanial activity against promastigote stage of Leishmania aethiopica after 24 hrs by alamar blue staining-based fluorescence assay";"F";"BAO_0000218";"organism-based format";"Leishmania aethiopica";"None";"None";"None";"None";"";"";"";"CHEMBL612651";"Leishmania aethiopica";"Leishmania aethiopica";"ORGANISM";"CHEMBL3414483";"1";"Scientific Literature";"Eur J Med Chem";"2015";"None";"";"";""
"CHEMBL3416381";"";"None";"561.42";"2";"5.68";"4d";"O=C1CS/C(=N/N=C/c2cn(-c3ccc(Br)cc3)nc2-c2ccc([N+](=O)[O-])cc2)N1c1ccccc1";"IC50";"'='";"0.0224";"ug.mL-1";"";"";"";"UO_0000274";"";"";"";"";"0";"CHEMBL3420880";"Antileishmanial activity against promastigote stage of Leishmania aethiopica after 24 hrs by alamar blue staining-based fluorescence assay";"F";"BAO_0000218";"organism-based format";"Leishmania aethiopica";"None";"None";"None";"None";"";"";"";"CHEMBL612651";"Leishmania aethiopica";"Leishmania aethiopica";"ORGANISM";"CHEMBL3414483";"1";"Scientific Literature";"Eur J Med Chem";"2015";"None";"";"";""
"CHEMBL3416377";"";"None";"605.47";"2";"6.13";"3d";"CC(=O)N(C1=NN(C(C)=O)C(c2cn(-c3ccc(Br)cc3)nc2-c2ccc([N+](=O)[O-])cc2)S1)c1ccccc1";"IC50";"'='";"0.13";"ug.mL-1";"";"";"";"UO_0000274";"";"";"";"";"0";"CHEMBL3420881";"Antileishmanial activity against amastigote stage of Leishmania aethiopica after 72 hrs by resazurin staining-based fluorescence assay";"F";"BAO_0000218";"organism-based format";"Leishmania aethiopica";"None";"None";"None";"None";"";"";"";"CHEMBL612651";"Leishmania aethiopica";"Leishmania aethiopica";"ORGANISM";"CHEMBL3414483";"1";"Scientific Literature";"Eur J Med Chem";"2015";"None";"";"";""
"CHEMBL3416400";"";"None";"544.41";"2";"6.30";"10c";"CCC(=O)N1N=C(c2ccccc2)CC1c1cn(-c2ccc(Br)cc2)nc1-c1ccc([N+](=O)[O-])cc1";"IC50";"'='";"2.122";"ug.mL-1";"";"";"";"UO_0000274";"";"";"";"";"0";"CHEMBL3420880";"Antileishmanial activity against promastigote stage of Leishmania aethiopica after 24 hrs by alamar blue staining-based fluorescence assay";"F";"BAO_0000218";"organism-based format";"Leishmania aethiopica";"None";"None";"None";"None";"";"";"";"CHEMBL612651";"Leishmania aethiopica";"Leishmania aethiopica";"ORGANISM";"CHEMBL3414483";"1";"Scientific Literature";"Eur J Med Chem";"2015";"None";"";"";""
"CHEMBL3416366";"";"None";"276.34";"0";"3.97";"1a";"Cc1ccc(-c2nn(-c3ccc(C)cc3)cc2C=O)cc1";"IC50";"'='";"1.97";"ug.mL-1";"";"";"";"UO_0000274";"";"";"";"";"0";"CHEMBL3420881";"Antileishmanial activity against amastigote stage of Leishmania aethiopica after 72 hrs by resazurin staining-based fluorescence assay";"F";"BAO_0000218";"organism-based format";"Leishmania aethiopica";"None";"None";"None";"None";"";"";"";"CHEMBL612651";"Leishmania aethiopica";"Leishmania aethiopica";"ORGANISM";"CHEMBL3414483";"1";"Scientific Literature";"Eur J Med Chem";"2015";"None";"";"";""
"CHEMBL3416370";"";"None";"425.56";"1";"5.48";"2a";"Cc1ccc(-c2nn(-c3ccc(C)cc3)cc2/C=N/NC(=S)Nc2ccccc2)cc1";"IC50";"'='";"2.26";"ug.mL-1";"";"";"";"UO_0000274";"";"";"";"";"0";"CHEMBL3420881";"Antileishmanial activity against amastigote stage of Leishmania aethiopica after 72 hrs by resazurin staining-based fluorescence assay";"F";"BAO_0000218";"organism-based format";"Leishmania aethiopica";"None";"None";"None";"None";"";"";"";"CHEMBL612651";"Leishmania aethiopica";"Leishmania aethiopica";"ORGANISM";"CHEMBL3414483";"1";"Scientific Literature";"Eur J Med Chem";"2015";"None";"";"";""
"CHEMBL3416371";"";"None";"490.43";"1";"5.93";"2b";"Cc1ccc(-c2nn(-c3ccc(Br)cc3)cc2/C=N/NC(=S)Nc2ccccc2)cc1";"IC50";"'='";"2.41";"ug.mL-1";"";"";"";"UO_0000274";"";"";"";"";"0";"CHEMBL3420881";"Antileishmanial activity against amastigote stage of Leishmania aethiopica after 72 hrs by resazurin staining-based fluorescence assay";"F";"BAO_0000218";"organism-based format";"Leishmania aethiopica";"None";"None";"None";"None";"";"";"";"CHEMBL612651";"Leishmania aethiopica";"Leishmania aethiopica";"ORGANISM";"CHEMBL3414483";"1";"Scientific Literature";"Eur J Med Chem";"2015";"None";"";"";""
"CHEMBL3416379";"";"None";"530.45";"2";"6.08";"4b";"Cc1ccc(-c2nn(-c3ccc(Br)cc3)cc2/C=N/N=C2/SCC(=O)N2c2ccccc2)cc1";"IC50";"'='";"0.32";"ug.mL-1";"";"";"";"UO_0000274";"";"";"";"";"0";"CHEMBL3420881";"Antileishmanial activity against amastigote stage of Leishmania aethiopica after 72 hrs by resazurin staining-based fluorescence assay";"F";"BAO_0000218";"organism-based format";"Leishmania aethiopica";"None";"None";"None";"None";"";"";"";"CHEMBL612651";"Leishmania aethiopica";"Leishmania aethiopica";"ORGANISM";"CHEMBL3414483";"1";"Scientific Literature";"Eur J Med Chem";"2015";"None";"";"";""
"CHEMBL3416387";"";"None";"443.34";"1";"6.51";"6b";"Cc1ccc(-c2nn(-c3ccc(Br)cc3)cc2/C=C/C(=O)c2ccccc2)cc1";"IC50";"'='";"1.01";"ug.mL-1";"";"";"";"UO_0000274";"";"";"";"";"0";"CHEMBL3420881";"Antileishmanial activity against amastigote stage of Leishmania aethiopica after 72 hrs by resazurin staining-based fluorescence assay";"F";"BAO_0000218";"organism-based format";"Leishmania aethiopica";"None";"None";"None";"None";"";"";"";"CHEMBL612651";"Leishmania aethiopica";"Leishmania aethiopica";"ORGANISM";"CHEMBL3414483";"1";"Scientific Literature";"Eur J Med Chem";"2015";"None";"";"";""
"CHEMBL3416388";"";"None";"474.31";"1";"6.11";"6c";"O=C(/C=C/c1cn(-c2ccc(Br)cc2)nc1-c1ccc([N+](=O)[O-])cc1)c1ccccc1";"IC50";"'='";"1.22";"ug.mL-1";"";"";"";"UO_0000274";"";"";"";"";"0";"CHEMBL3420881";"Antileishmanial activity against amastigote stage of Leishmania aethiopica after 72 hrs by resazurin staining-based fluorescence assay";"F";"BAO_0000218";"organism-based format";"Leishmania aethiopica";"None";"None";"None";"None";"";"";"";"CHEMBL612651";"Leishmania aethiopica";"Leishmania aethiopica";"ORGANISM";"CHEMBL3414483";"1";"Scientific Literature";"Eur J Med Chem";"2015";"None";"";"";""
"CHEMBL3416389";"";"None";"468.60";"1";"7.51";"7a";"Cc1ccc(-c2nn(-c3ccc(C)cc3)cc2C2CC(c3ccccc3)=NN2c2ccccc2)cc1";"IC50";"'='";"1.78";"ug.mL-1";"";"";"";"UO_0000274";"";"";"";"";"0";"CHEMBL3420881";"Antileishmanial activity against amastigote stage of Leishmania aethiopica after 72 hrs by resazurin staining-based fluorescence assay";"F";"BAO_0000218";"organism-based format";"Leishmania aethiopica";"None";"None";"None";"None";"";"";"";"CHEMBL612651";"Leishmania aethiopica";"Leishmania aethiopica";"ORGANISM";"CHEMBL3414483";"1";"Scientific Literature";"Eur J Med Chem";"2015";"None";"";"";""
"CHEMBL3416396";"";"None";"499.41";"1";"6.31";"9b";"CC(=O)N1N=C(c2ccccc2)CC1c1cn(-c2ccc(Br)cc2)nc1-c1ccc(C)cc1";"IC50";"'='";"2.77";"ug.mL-1";"";"";"";"UO_0000274";"";"";"";"";"0";"CHEMBL3420881";"Antileishmanial activity against amastigote stage of Leishmania aethiopica after 72 hrs by resazurin staining-based fluorescence assay";"F";"BAO_0000218";"organism-based format";"Leishmania aethiopica";"None";"None";"None";"None";"";"";"";"CHEMBL612651";"Leishmania aethiopica";"Leishmania aethiopica";"ORGANISM";"CHEMBL3414483";"1";"Scientific Literature";"Eur J Med Chem";"2015";"None";"";"";""
"CHEMBL3416398";"";"None";"448.57";"1";"6.24";"10a";"CCC(=O)N1N=C(c2ccccc2)CC1c1cn(-c2ccc(C)cc2)nc1-c1ccc(C)cc1";"IC50";"'='";"1.603";"ug.mL-1";"";"";"";"UO_0000274";"";"";"";"";"0";"CHEMBL3420880";"Antileishmanial activity against promastigote stage of Leishmania aethiopica after 24 hrs by alamar blue staining-based fluorescence assay";"F";"BAO_0000218";"organism-based format";"Leishmania aethiopica";"None";"None";"None";"None";"";"";"";"CHEMBL612651";"Leishmania aethiopica";"Leishmania aethiopica";"ORGANISM";"CHEMBL3414483";"1";"Scientific Literature";"Eur J Med Chem";"2015";"None";"";"";""
"CHEMBL3416383";"";"None";"669.45";"2";"8.83";"5b";"Cc1ccc(-c2nn(-c3ccc(Br)cc3)cc2/C=N/N=c2/scc(-c3ccc(Br)cc3)n2-c2ccccc2)cc1";"IC50";"'='";"4.062";"ug.mL-1";"";"";"";"UO_0000274";"";"";"";"";"0";"CHEMBL3420880";"Antileishmanial activity against promastigote stage of Leishmania aethiopica after 24 hrs by alamar blue staining-based fluorescence assay";"F";"BAO_0000218";"organism-based format";"Leishmania aethiopica";"None";"None";"None";"None";"";"";"";"CHEMBL612651";"Leishmania aethiopica";"Leishmania aethiopica";"ORGANISM";"CHEMBL3414483";"1";"Scientific Literature";"Eur J Med Chem";"2015";"None";"";"";""
"CHEMBL3416366";"";"None";"276.34";"0";"3.97";"1a";"Cc1ccc(-c2nn(-c3ccc(C)cc3)cc2C=O)cc1";"IC50";"'='";"4.062";"ug.mL-1";"";"";"";"UO_0000274";"";"";"";"";"0";"CHEMBL3420880";"Antileishmanial activity against promastigote stage of Leishmania aethiopica after 24 hrs by alamar blue staining-based fluorescence assay";"F";"BAO_0000218";"organism-based format";"Leishmania aethiopica";"None";"None";"None";"None";"";"";"";"CHEMBL612651";"Leishmania aethiopica";"Leishmania aethiopica";"ORGANISM";"CHEMBL3414483";"1";"Scientific Literature";"Eur J Med Chem";"2015";"None";"";"";""
"CHEMBL3416367";"";"None";"341.21";"0";"4.42";"1b";"Cc1ccc(-c2nn(-c3ccc(Br)cc3)cc2C=O)cc1";"IC50";"'='";"3.112";"ug.mL-1";"";"";"";"UO_0000274";"";"";"";"";"0";"CHEMBL3420880";"Antileishmanial activity against promastigote stage of Leishmania aethiopica after 24 hrs by alamar blue staining-based fluorescence assay";"F";"BAO_0000218";"organism-based format";"Leishmania aethiopica";"None";"None";"None";"None";"";"";"";"CHEMBL612651";"Leishmania aethiopica";"Leishmania aethiopica";"ORGANISM";"CHEMBL3414483";"1";"Scientific Literature";"Eur J Med Chem";"2015";"None";"";"";""
"CHEMBL3416392";"";"None";"392.51";"1";"5.59";"8a";"Cc1ccc(-c2nn(-c3ccc(C)cc3)cc2C2CC(c3ccccc3)=NN2)cc1";"IC50";"'='";"2.844";"ug.mL-1";"";"";"";"UO_0000274";"";"";"";"";"0";"CHEMBL3420880";"Antileishmanial activity against promastigote stage of Leishmania aethiopica after 24 hrs by alamar blue staining-based fluorescence assay";"F";"BAO_0000218";"organism-based format";"Leishmania aethiopica";"None";"None";"None";"None";"";"";"";"CHEMBL612651";"Leishmania aethiopica";"Leishmania aethiopica";"ORGANISM";"CHEMBL3414483";"1";"Scientific Literature";"Eur J Med Chem";"2015";"None";"";"";""
"CHEMBL3416369";"";"None";"372.18";"0";"4.02";"1d";"O=Cc1cn(-c2ccc(Br)cc2)nc1-c1ccc([N+](=O)[O-])cc1";"IC50";"'='";"2.03";"ug.mL-1";"";"";"";"UO_0000274";"";"";"";"";"0";"CHEMBL3420881";"Antileishmanial activity against amastigote stage of Leishmania aethiopica after 72 hrs by resazurin staining-based fluorescence assay";"F";"BAO_0000218";"organism-based format";"Leishmania aethiopica";"None";"None";"None";"None";"";"";"";"CHEMBL612651";"Leishmania aethiopica";"Leishmania aethiopica";"ORGANISM";"CHEMBL3414483";"1";"Scientific Literature";"Eur J Med Chem";"2015";"None";"";"";""
"CHEMBL3416378";"";"None";"465.58";"1";"5.63";"4a";"Cc1ccc(-c2nn(-c3ccc(C)cc3)cc2/C=N/N=C2/SCC(=O)N2c2ccccc2)cc1";"IC50";"'='";"0.58";"ug.mL-1";"";"";"";"UO_0000274";"";"";"";"";"0";"CHEMBL3420881";"Antileishmanial activity against amastigote stage of Leishmania aethiopica after 72 hrs by resazurin staining-based fluorescence assay";"F";"BAO_0000218";"organism-based format";"Leishmania aethiopica";"None";"None";"None";"None";"";"";"";"CHEMBL612651";"Leishmania aethiopica";"Leishmania aethiopica";"ORGANISM";"CHEMBL3414483";"1";"Scientific Literature";"Eur J Med Chem";"2015";"None";"";"";""
"CHEMBL125";"MILTEFOSINE";"4.0";"407.58";"1";"5.68";"miltefosine";"CCCCCCCCCCCCCCCCOP(=O)([O-])OCC[N+](C)(C)C";"IC50";"'='";"0.3";"ug.mL-1";"";"";"";"UO_0000274";"";"";"";"";"0";"CHEMBL3420881";"Antileishmanial activity against amastigote stage of Leishmania aethiopica after 72 hrs by resazurin staining-based fluorescence assay";"F";"BAO_0000218";"organism-based format";"Leishmania aethiopica";"None";"None";"None";"None";"";"";"";"CHEMBL612651";"Leishmania aethiopica";"Leishmania aethiopica";"ORGANISM";"CHEMBL3414483";"1";"Scientific Literature";"Eur J Med Chem";"2015";"None";"";"";""
"CHEMBL3416377";"";"None";"605.47";"2";"6.13";"3d";"CC(=O)N(C1=NN(C(C)=O)C(c2cn(-c3ccc(Br)cc3)nc2-c2ccc([N+](=O)[O-])cc2)S1)c1ccccc1";"Ratio IC50";"'='";"3.0";"";"";"";"";"";"";"";"";"";"0";"CHEMBL3420886";"Ratio of amphotericin IC50 to compound IC50 for promastigote stage of Leishmania aethiopica";"F";"BAO_0000218";"organism-based format";"Leishmania aethiopica";"None";"None";"None";"None";"";"";"";"CHEMBL612651";"Leishmania aethiopica";"Leishmania aethiopica";"ORGANISM";"CHEMBL3414483";"1";"Scientific Literature";"Eur J Med Chem";"2015";"None";"";"";""
"CHEMBL4071879";"";"None";"472.46";"0";"2.86";"3a";"O=C(CN1C(=O)c2ccccc2NC1c1ccc2c(c1)OCO2)N/N=C/c1ccc2c(c1)OCO2";"IC50";"'='";"12028.0";"nM";"4.92";"";"";"UO_0000065";"";"";"";"";"0";"CHEMBL4003995";"Antileishmanial activity against promastigote stage of Leishmania aethiopica assessed as parasite growth inhibition after 24 hrs by Alamar blue assay";"F";"BAO_0000019";"assay format";"Leishmania aethiopica";"None";"None";"None";"None";"";"";"";"CHEMBL612651";"Leishmania aethiopica";"Leishmania aethiopica";"ORGANISM";"CHEMBL4002612";"1";"Scientific Literature";"Bioorg Med Chem Lett";"2017";"None";"";"";""
"CHEMBL125";"MILTEFOSINE";"4.0";"407.58";"1";"5.68";"MIL";"CCCCCCCCCCCCCCCCOP(=O)([O-])OCC[N+](C)(C)C";"IC50";"'='";"36100.0";"nM";"4.44";"";"";"UO_0000065";"";"";"";"";"0";"CHEMBL4023897";"Antileishmanial activity against Leishmania aethiopica MHOM/ET/84/KH after 3 to 5 days";"F";"BAO_0000019";"assay format";"Leishmania aethiopica";"None";"None";"None";"None";"";"";"";"CHEMBL612651";"Leishmania aethiopica";"Leishmania aethiopica";"ORGANISM";"CHEMBL4020832";"1";"Scientific Literature";"J Med Chem";"2018";"None";"";"";""
"CHEMBL4063060";"";"None";"453.33";"0";"4.62";"4a";"O=C(CNC(=O)c1ccccc1/N=C/c1ccc(Cl)cc1)N/N=C\c1ccc(Cl)cc1";"IC50";"'='";"52.0";"nM";"7.28";"";"";"UO_0000065";"";"";"";"";"0";"CHEMBL4003995";"Antileishmanial activity against promastigote stage of Leishmania aethiopica assessed as parasite growth inhibition after 24 hrs by Alamar blue assay";"F";"BAO_0000019";"assay format";"Leishmania aethiopica";"None";"None";"None";"None";"";"";"";"CHEMBL612651";"Leishmania aethiopica";"Leishmania aethiopica";"ORGANISM";"CHEMBL4002612";"1";"Scientific Literature";"Bioorg Med Chem Lett";"2017";"None";"";"";""
"CHEMBL3416393";"";"None";"457.38";"1";"6.05";"8b";"Cc1ccc(-c2nn(-c3ccc(Br)cc3)cc2C2CC(c3ccccc3)=NN2)cc1";"IC50";"'='";"2.012";"ug.mL-1";"";"";"";"UO_0000274";"";"";"";"";"0";"CHEMBL3420880";"Antileishmanial activity against promastigote stage of Leishmania aethiopica after 24 hrs by alamar blue staining-based fluorescence assay";"F";"BAO_0000218";"organism-based format";"Leishmania aethiopica";"None";"None";"None";"None";"";"";"";"CHEMBL612651";"Leishmania aethiopica";"Leishmania aethiopica";"ORGANISM";"CHEMBL3414483";"1";"Scientific Literature";"Eur J Med Chem";"2015";"None";"";"";""
"CHEMBL125";"MILTEFOSINE";"4.0";"407.58";"1";"5.68";"miltefosine";"CCCCCCCCCCCCCCCCOP(=O)([O-])OCC[N+](C)(C)C";"IC50";"'='";"3.192";"ug.mL-1";"";"";"";"UO_0000274";"";"";"";"";"0";"CHEMBL3420880";"Antileishmanial activity against promastigote stage of Leishmania aethiopica after 24 hrs by alamar blue staining-based fluorescence assay";"F";"BAO_0000218";"organism-based format";"Leishmania aethiopica";"None";"None";"None";"None";"";"";"";"CHEMBL612651";"Leishmania aethiopica";"Leishmania aethiopica";"ORGANISM";"CHEMBL3414483";"1";"Scientific Literature";"Eur J Med Chem";"2015";"None";"";"";""
"CHEMBL3416380";"";"None";"496.55";"1";"5.23";"4c";"Cc1ccc(-n2cc(/C=N/N=C3/SCC(=O)N3c3ccccc3)c(-c3ccc([N+](=O)[O-])cc3)n2)cc1";"IC50";"'='";"0.28";"ug.mL-1";"";"";"";"UO_0000274";"";"";"";"";"0";"CHEMBL3420881";"Antileishmanial activity against amastigote stage of Leishmania aethiopica after 72 hrs by resazurin staining-based fluorescence assay";"F";"BAO_0000218";"organism-based format";"Leishmania aethiopica";"None";"None";"None";"None";"";"";"";"CHEMBL612651";"Leishmania aethiopica";"Leishmania aethiopica";"ORGANISM";"CHEMBL3414483";"1";"Scientific Literature";"Eur J Med Chem";"2015";"None";"";"";""
"CHEMBL3416384";"";"None";"635.55";"2";"7.97";"5c";"Cc1ccc(-n2cc(/C=N/N=c3/scc(-c4ccc(Br)cc4)n3-c3ccccc3)c(-c3ccc([N+](=O)[O-])cc3)n2)cc1";"IC50";"'='";"1.78";"ug.mL-1";"";"";"";"UO_0000274";"";"";"";"";"0";"CHEMBL3420881";"Antileishmanial activity against amastigote stage of Leishmania aethiopica after 72 hrs by resazurin staining-based fluorescence assay";"F";"BAO_0000218";"organism-based format";"Leishmania aethiopica";"None";"None";"None";"None";"";"";"";"CHEMBL612651";"Leishmania aethiopica";"Leishmania aethiopica";"ORGANISM";"CHEMBL3414483";"1";"Scientific Literature";"Eur J Med Chem";"2015";"None";"";"";""
"CHEMBL4455345";"";"None";"321.11";"None";"None";"52";"O=C(Nc1ccc2c(c1)B(O)OC2)c1cn(-c2ccccn2)nn1";"EC50";"'='";"2000.0";"nM";"5.70";"";"";"UO_0000065";"";"";"";"";"0";"CHEMBL4367657";"Antileishmanial activity Leishmania aethiopica MHOM/ET/84/KH after 72 hrs by giemsa staining based light microscopic analysis";"F";"BAO_0000218";"organism-based format";"Leishmania aethiopica";"None";"None";"None";"None";"";"";"";"CHEMBL612651";"Leishmania aethiopica";"Leishmania aethiopica";"ORGANISM";"CHEMBL4364300";"1";"Scientific Literature";"Eur J Med Chem";"2019";"None";"";"";""
"CHEMBL5279843";"";"None";"382.47";"0";"-0.20";"227";"COc1nc(OC)nc(N(CC(=O)[C@@H](N)C(C)C)CC(=O)[C@@H](N)C(C)C)n1";"IC50";"'='";"1400.0";"nM";"5.85";"";"";"UO_0000065";"";"";"";"";"0";"CHEMBL5244679";"Antileishmanial activity against Leishmania aethiopica promastigotes assessed as parasite growth inhibition incubated for 24 hrs by alamar blue staining based analysis";"F";"BAO_0000218";"organism-based format";"Leishmania aethiopica";"None";"None";"None";"None";"";"";"";"CHEMBL612651";"Leishmania aethiopica";"Leishmania aethiopica";"ORGANISM";"CHEMBL5244214";"1";"Scientific Literature";"Eur J Med Chem";"2018";"None";"TIME = 24.0 hr";"";""
"CHEMBL4097926";"";"None";"444.49";"0";"3.42";"3c";"COc1ccc(/C=N/NC(=O)CN2C(=O)c3ccccc3NC2c2ccc(OC)cc2)cc1";"IC50";"'='";"9069.0";"nM";"5.04";"";"";"UO_0000065";"";"";"";"";"0";"CHEMBL4003995";"Antileishmanial activity against promastigote stage of Leishmania aethiopica assessed as parasite growth inhibition after 24 hrs by Alamar blue assay";"F";"BAO_0000019";"assay format";"Leishmania aethiopica";"None";"None";"None";"None";"";"";"";"CHEMBL612651";"Leishmania aethiopica";"Leishmania aethiopica";"ORGANISM";"CHEMBL4002612";"1";"Scientific Literature";"Bioorg Med Chem Lett";"2017";"None";"";"";""
"CHEMBL5279843";"";"None";"382.47";"0";"-0.20";"227";"COc1nc(OC)nc(N(CC(=O)[C@@H](N)C(C)C)CC(=O)[C@@H](N)C(C)C)n1";"IC50";"'='";"220.0";"nM";"6.66";"";"";"UO_0000065";"";"";"";"";"0";"CHEMBL5244680";"Antileishmanial activity against Leishmania aethiopica axenic amastigotes assessed as parasite growth inhibition incubated for 72 hrs by resazurin staining based analysis";"F";"BAO_0000218";"organism-based format";"Leishmania aethiopica";"None";"None";"None";"None";"";"";"";"CHEMBL612651";"Leishmania aethiopica";"Leishmania aethiopica";"ORGANISM";"CHEMBL5244214";"1";"Scientific Literature";"Eur J Med Chem";"2018";"None";"TIME = 72.0 hr";"";""
