"Molecule ChEMBL ID";"Molecule Name";"Molecule Max Phase";"Molecular Weight";"#RO5 Violations";"AlogP";"Compound Key";"Smiles";"Standard Type";"Standard Relation";"Standard Value";"Standard Units";"pChEMBL Value";"Data Validity Comment";"Comment";"Uo Units";"Ligand Efficiency BEI";"Ligand Efficiency LE";"Ligand Efficiency LLE";"Ligand Efficiency SEI";"Potential Duplicate";"Assay ChEMBL ID";"Assay Description";"Assay Type";"BAO Format ID";"BAO Label";"Assay Organism";"Assay Tissue ChEMBL ID";"Assay Tissue Name";"Assay Cell Type";"Assay Subcellular Fraction";"Assay Parameters";"Assay Variant Accession";"Assay Variant Mutation";"Target ChEMBL ID";"Target Name";"Target Organism";"Target Type";"Document ChEMBL ID";"Source ID";"Source Description";"Document Journal";"Document Year";"Cell ChEMBL ID";"Properties";"Action Type";"Standard Text Value"
"CHEMBL4644768";"";"None";"518.10";"0";"3.80";"11e";"CCn1c(=O)/c(=C/C=C2\Sc3ccccc3N2C)s/c1=C\c1sc2c(F)cccc2[n+]1C.[Cl-]";"Inhibition";"'='";"88.9";"%";"";"";"";"UO_0000187";"";"";"";"";"0";"CHEMBL4610444";"Antileishmanial activity against Leishmania orientalis MHOM/TH/2010/PCM2 promastigote at 0.25 uM incubated for 72 hrs by resazurin dye based colorimetric assay relative to control";"F";"BAO_0000218";"organism-based format";"Leishmania orientalis";"None";"None";"None";"None";"";"";"";"CHEMBL4630671";"Leishmania orientalis";"Leishmania orientalis";"ORGANISM";"CHEMBL4609989";"1";"Scientific Literature";"Bioorg Med Chem";"2020";"None";"";"";""
"CHEMBL4637803";"";"None";"518.10";"0";"3.80";"11i";"CCn1c(=O)/c(=C/C=C2\Sc3c(F)cccc3N2C)s/c1=C\c1sc2ccccc2[n+]1C.[Cl-]";"IC50";"";"";"";"";"";"Not Determined";"";"";"";"";"";"0";"CHEMBL4610445";"Antileishmanial activity against Leishmania orientalis MHOM/TH/2010/PCM2 promastigote incubated for 72 hrs by resazurin dye based colorimetric assay";"F";"BAO_0000218";"organism-based format";"Leishmania orientalis";"None";"None";"None";"None";"";"";"";"CHEMBL4630671";"Leishmania orientalis";"Leishmania orientalis";"ORGANISM";"CHEMBL4609989";"1";"Scientific Literature";"Bioorg Med Chem";"2020";"None";"";"";""
"CHEMBL125";"MILTEFOSINE";"4.0";"407.58";"1";"5.68";"MF";"CCCCCCCCCCCCCCCCOP(=O)([O-])OCC[N+](C)(C)C";"Inhibition";"";"";"%";"";"";"Not Active";"UO_0000187";"";"";"";"";"0";"CHEMBL4610443";"Antileishmanial activity against Leishmania orientalis MHOM/TH/2010/PCM2 promastigote at 0.1 uM incubated for 72 hrs by resazurin dye based colorimetric assay relative to control";"F";"BAO_0000218";"organism-based format";"Leishmania orientalis";"None";"None";"None";"None";"";"";"";"CHEMBL4630671";"Leishmania orientalis";"Leishmania orientalis";"ORGANISM";"CHEMBL4609989";"1";"Scientific Literature";"Bioorg Med Chem";"2020";"None";"";"";""
"CHEMBL4647513";"";"None";"586.10";"1";"4.82";"11q";"CCn1c(=O)/c(=C/C=C2\Sc3cc(C(F)(F)F)ccc3N2C)s/c1=C\c1sc2ccc(F)cc2[n+]1C.[Cl-]";"Inhibition";"'='";"33.3";"%";"";"";"";"UO_0000187";"";"";"";"";"0";"CHEMBL4610444";"Antileishmanial activity against Leishmania orientalis MHOM/TH/2010/PCM2 promastigote at 0.25 uM incubated for 72 hrs by resazurin dye based colorimetric assay relative to control";"F";"BAO_0000218";"organism-based format";"Leishmania orientalis";"None";"None";"None";"None";"";"";"";"CHEMBL4630671";"Leishmania orientalis";"Leishmania orientalis";"ORGANISM";"CHEMBL4609989";"1";"Scientific Literature";"Bioorg Med Chem";"2020";"None";"";"";""
"CHEMBL125";"MILTEFOSINE";"4.0";"407.58";"1";"5.68";"MF";"CCCCCCCCCCCCCCCCOP(=O)([O-])OCC[N+](C)(C)C";"Inhibition";"'='";"4.0";"%";"";"";"";"UO_0000187";"";"";"";"";"0";"CHEMBL4610444";"Antileishmanial activity against Leishmania orientalis MHOM/TH/2010/PCM2 promastigote at 0.25 uM incubated for 72 hrs by resazurin dye based colorimetric assay relative to control";"F";"BAO_0000218";"organism-based format";"Leishmania orientalis";"None";"None";"None";"None";"";"";"";"CHEMBL4630671";"Leishmania orientalis";"Leishmania orientalis";"ORGANISM";"CHEMBL4609989";"1";"Scientific Literature";"Bioorg Med Chem";"2020";"None";"";"";""
"CHEMBL567070";"";"None";"500.11";"0";"3.66";"11a";"CCn1c(=O)/c(=C/C=C2\Sc3ccccc3N2C)s/c1=C\c1sc2ccccc2[n+]1C.[Cl-]";"Inhibition";"'='";"36.8";"%";"";"";"";"UO_0000187";"";"";"";"";"0";"CHEMBL4610446";"Antileishmanial activity against Leishmania orientalis MHOM/TH/2010/PCM2 axenic amastigotes at 0.25 uM incubated for 72 hrs by resazurin dye based colorimetric assay relative to control";"F";"BAO_0000218";"organism-based format";"Leishmania orientalis";"None";"None";"None";"None";"";"";"";"CHEMBL4630671";"Leishmania orientalis";"Leishmania orientalis";"ORGANISM";"CHEMBL4609989";"1";"Scientific Literature";"Bioorg Med Chem";"2020";"None";"";"";""
"CHEMBL584818";"";"None";"518.10";"0";"3.80";"11c";"CCn1c(=O)/c(=C/C=C2\Sc3ccccc3N2C)s/c1=C\c1sc2ccc(F)cc2[n+]1C.[Cl-]";"Inhibition";"'='";"66.2";"%";"";"";"";"UO_0000187";"";"";"";"";"0";"CHEMBL4610443";"Antileishmanial activity against Leishmania orientalis MHOM/TH/2010/PCM2 promastigote at 0.1 uM incubated for 72 hrs by resazurin dye based colorimetric assay relative to control";"F";"BAO_0000218";"organism-based format";"Leishmania orientalis";"None";"None";"None";"None";"";"";"";"CHEMBL4630671";"Leishmania orientalis";"Leishmania orientalis";"ORGANISM";"CHEMBL4609989";"1";"Scientific Literature";"Bioorg Med Chem";"2020";"None";"";"";""
"CHEMBL4643116";"";"None";"536.09";"1";"3.94";"11l";"CCn1c(=O)/c(=C/C=C2\Sc3ccccc3N2C)s/c1=C\c1sc2cc(F)c(F)cc2[n+]1C.[Cl-]";"Inhibition";"'='";"92.8";"%";"";"";"";"UO_0000187";"";"";"";"";"0";"CHEMBL4610446";"Antileishmanial activity against Leishmania orientalis MHOM/TH/2010/PCM2 axenic amastigotes at 0.25 uM incubated for 72 hrs by resazurin dye based colorimetric assay relative to control";"F";"BAO_0000218";"organism-based format";"Leishmania orientalis";"None";"None";"None";"None";"";"";"";"CHEMBL4630671";"Leishmania orientalis";"Leishmania orientalis";"ORGANISM";"CHEMBL4609989";"1";"Scientific Literature";"Bioorg Med Chem";"2020";"None";"";"";""
"CHEMBL4644768";"";"None";"518.10";"0";"3.80";"11e";"CCn1c(=O)/c(=C/C=C2\Sc3ccccc3N2C)s/c1=C\c1sc2c(F)cccc2[n+]1C.[Cl-]";"Inhibition";"'='";"13.9";"%";"";"";"";"UO_0000187";"";"";"";"";"0";"CHEMBL4610443";"Antileishmanial activity against Leishmania orientalis MHOM/TH/2010/PCM2 promastigote at 0.1 uM incubated for 72 hrs by resazurin dye based colorimetric assay relative to control";"F";"BAO_0000218";"organism-based format";"Leishmania orientalis";"None";"None";"None";"None";"";"";"";"CHEMBL4630671";"Leishmania orientalis";"Leishmania orientalis";"ORGANISM";"CHEMBL4609989";"1";"Scientific Literature";"Bioorg Med Chem";"2020";"None";"";"";""
"CHEMBL4636238";"";"None";"518.10";"0";"3.80";"11g";"CCn1c(=O)/c(=C/C=C2\Sc3ccc(F)cc3N2C)s/c1=C\c1sc2ccccc2[n+]1C.[Cl-]";"Inhibition";"'='";"50.1";"%";"";"";"";"UO_0000187";"";"";"";"";"0";"CHEMBL4610443";"Antileishmanial activity against Leishmania orientalis MHOM/TH/2010/PCM2 promastigote at 0.1 uM incubated for 72 hrs by resazurin dye based colorimetric assay relative to control";"F";"BAO_0000218";"organism-based format";"Leishmania orientalis";"None";"None";"None";"None";"";"";"";"CHEMBL4630671";"Leishmania orientalis";"Leishmania orientalis";"ORGANISM";"CHEMBL4609989";"1";"Scientific Literature";"Bioorg Med Chem";"2020";"None";"";"";""
"CHEMBL4633984";"";"None";"568.11";"1";"4.68";"11j";"CCn1c(=O)/c(=C/C=C2\Sc3ccccc3N2C)s/c1=C\c1sc2cc(C(F)(F)F)ccc2[n+]1C.[Cl-]";"Inhibition";"'='";"39.0";"%";"";"";"";"UO_0000187";"";"";"";"";"0";"CHEMBL4610443";"Antileishmanial activity against Leishmania orientalis MHOM/TH/2010/PCM2 promastigote at 0.1 uM incubated for 72 hrs by resazurin dye based colorimetric assay relative to control";"F";"BAO_0000218";"organism-based format";"Leishmania orientalis";"None";"None";"None";"None";"";"";"";"CHEMBL4630671";"Leishmania orientalis";"Leishmania orientalis";"ORGANISM";"CHEMBL4609989";"1";"Scientific Literature";"Bioorg Med Chem";"2020";"None";"";"";""
"CHEMBL567070";"";"None";"500.11";"0";"3.66";"11a";"CCn1c(=O)/c(=C/C=C2\Sc3ccccc3N2C)s/c1=C\c1sc2ccccc2[n+]1C.[Cl-]";"Inhibition";"'='";"81.5";"%";"";"";"";"UO_0000187";"";"";"";"";"0";"CHEMBL4610444";"Antileishmanial activity against Leishmania orientalis MHOM/TH/2010/PCM2 promastigote at 0.25 uM incubated for 72 hrs by resazurin dye based colorimetric assay relative to control";"F";"BAO_0000218";"organism-based format";"Leishmania orientalis";"None";"None";"None";"None";"";"";"";"CHEMBL4630671";"Leishmania orientalis";"Leishmania orientalis";"ORGANISM";"CHEMBL4609989";"1";"Scientific Literature";"Bioorg Med Chem";"2020";"None";"";"";""
"CHEMBL4637803";"";"None";"518.10";"0";"3.80";"11i";"CCn1c(=O)/c(=C/C=C2\Sc3c(F)cccc3N2C)s/c1=C\c1sc2ccccc2[n+]1C.[Cl-]";"Inhibition";"'='";"75.4";"%";"";"";"";"UO_0000187";"";"";"";"";"0";"CHEMBL4610444";"Antileishmanial activity against Leishmania orientalis MHOM/TH/2010/PCM2 promastigote at 0.25 uM incubated for 72 hrs by resazurin dye based colorimetric assay relative to control";"F";"BAO_0000218";"organism-based format";"Leishmania orientalis";"None";"None";"None";"None";"";"";"";"CHEMBL4630671";"Leishmania orientalis";"Leishmania orientalis";"ORGANISM";"CHEMBL4609989";"1";"Scientific Literature";"Bioorg Med Chem";"2020";"None";"";"";""
"CHEMBL567070";"";"None";"500.11";"0";"3.66";"11a";"CCn1c(=O)/c(=C/C=C2\Sc3ccccc3N2C)s/c1=C\c1sc2ccccc2[n+]1C.[Cl-]";"IC50";"'='";"302.0";"nM";"6.52";"";"";"UO_0000065";"";"";"";"";"0";"CHEMBL4610445";"Antileishmanial activity against Leishmania orientalis MHOM/TH/2010/PCM2 promastigote incubated for 72 hrs by resazurin dye based colorimetric assay";"F";"BAO_0000218";"organism-based format";"Leishmania orientalis";"None";"None";"None";"None";"";"";"";"CHEMBL4630671";"Leishmania orientalis";"Leishmania orientalis";"ORGANISM";"CHEMBL4609989";"1";"Scientific Literature";"Bioorg Med Chem";"2020";"None";"";"";""
"CHEMBL4638600";"";"None";"518.10";"0";"3.80";"11d";"CCn1c(=O)/c(=C/C=C2\Sc3ccccc3N2C)s/c1=C\c1sc2cc(F)ccc2[n+]1C.[Cl-]";"IC50";"'='";"40.0";"nM";"7.40";"";"";"UO_0000065";"";"";"";"";"0";"CHEMBL4610445";"Antileishmanial activity against Leishmania orientalis MHOM/TH/2010/PCM2 promastigote incubated for 72 hrs by resazurin dye based colorimetric assay";"F";"BAO_0000218";"organism-based format";"Leishmania orientalis";"None";"None";"None";"None";"";"";"";"CHEMBL4630671";"Leishmania orientalis";"Leishmania orientalis";"ORGANISM";"CHEMBL4609989";"1";"Scientific Literature";"Bioorg Med Chem";"2020";"None";"";"";""
"CHEMBL4644768";"";"None";"518.10";"0";"3.80";"11e";"CCn1c(=O)/c(=C/C=C2\Sc3ccccc3N2C)s/c1=C\c1sc2c(F)cccc2[n+]1C.[Cl-]";"IC50";"";"";"";"";"";"Not Determined";"";"";"";"";"";"0";"CHEMBL4610445";"Antileishmanial activity against Leishmania orientalis MHOM/TH/2010/PCM2 promastigote incubated for 72 hrs by resazurin dye based colorimetric assay";"F";"BAO_0000218";"organism-based format";"Leishmania orientalis";"None";"None";"None";"None";"";"";"";"CHEMBL4630671";"Leishmania orientalis";"Leishmania orientalis";"ORGANISM";"CHEMBL4609989";"1";"Scientific Literature";"Bioorg Med Chem";"2020";"None";"";"";""
"CHEMBL4647513";"";"None";"586.10";"1";"4.82";"11q";"CCn1c(=O)/c(=C/C=C2\Sc3cc(C(F)(F)F)ccc3N2C)s/c1=C\c1sc2ccc(F)cc2[n+]1C.[Cl-]";"IC50";"";"";"";"";"";"Not Determined";"";"";"";"";"";"0";"CHEMBL4610445";"Antileishmanial activity against Leishmania orientalis MHOM/TH/2010/PCM2 promastigote incubated for 72 hrs by resazurin dye based colorimetric assay";"F";"BAO_0000218";"organism-based format";"Leishmania orientalis";"None";"None";"None";"None";"";"";"";"CHEMBL4630671";"Leishmania orientalis";"Leishmania orientalis";"ORGANISM";"CHEMBL4609989";"1";"Scientific Literature";"Bioorg Med Chem";"2020";"None";"";"";""
"CHEMBL4644768";"";"None";"518.10";"0";"3.80";"11e";"CCn1c(=O)/c(=C/C=C2\Sc3ccccc3N2C)s/c1=C\c1sc2c(F)cccc2[n+]1C.[Cl-]";"Inhibition";"'='";"42.9";"%";"";"";"";"UO_0000187";"";"";"";"";"0";"CHEMBL4610446";"Antileishmanial activity against Leishmania orientalis MHOM/TH/2010/PCM2 axenic amastigotes at 0.25 uM incubated for 72 hrs by resazurin dye based colorimetric assay relative to control";"F";"BAO_0000218";"organism-based format";"Leishmania orientalis";"None";"None";"None";"None";"";"";"";"CHEMBL4630671";"Leishmania orientalis";"Leishmania orientalis";"ORGANISM";"CHEMBL4609989";"1";"Scientific Literature";"Bioorg Med Chem";"2020";"None";"";"";""
"CHEMBL584818";"";"None";"518.10";"0";"3.80";"11c";"CCn1c(=O)/c(=C/C=C2\Sc3ccccc3N2C)s/c1=C\c1sc2ccc(F)cc2[n+]1C.[Cl-]";"Inhibition";"'='";"91.7";"%";"";"";"";"UO_0000187";"";"";"";"";"0";"CHEMBL4610444";"Antileishmanial activity against Leishmania orientalis MHOM/TH/2010/PCM2 promastigote at 0.25 uM incubated for 72 hrs by resazurin dye based colorimetric assay relative to control";"F";"BAO_0000218";"organism-based format";"Leishmania orientalis";"None";"None";"None";"None";"";"";"";"CHEMBL4630671";"Leishmania orientalis";"Leishmania orientalis";"ORGANISM";"CHEMBL4609989";"1";"Scientific Literature";"Bioorg Med Chem";"2020";"None";"";"";""
"CHEMBL125";"MILTEFOSINE";"4.0";"407.58";"1";"5.68";"MF";"CCCCCCCCCCCCCCCCOP(=O)([O-])OCC[N+](C)(C)C";"Inhibition";"'='";"24.9";"%";"";"";"";"UO_0000187";"";"";"";"";"0";"CHEMBL4610446";"Antileishmanial activity against Leishmania orientalis MHOM/TH/2010/PCM2 axenic amastigotes at 0.25 uM incubated for 72 hrs by resazurin dye based colorimetric assay relative to control";"F";"BAO_0000218";"organism-based format";"Leishmania orientalis";"None";"None";"None";"None";"";"";"";"CHEMBL4630671";"Leishmania orientalis";"Leishmania orientalis";"ORGANISM";"CHEMBL4609989";"1";"Scientific Literature";"Bioorg Med Chem";"2020";"None";"";"";""
"CHEMBL584818";"";"None";"518.10";"0";"3.80";"11c";"CCn1c(=O)/c(=C/C=C2\Sc3ccccc3N2C)s/c1=C\c1sc2ccc(F)cc2[n+]1C.[Cl-]";"IC50";"'='";"80.0";"nM";"7.10";"";"";"UO_0000065";"";"";"";"";"0";"CHEMBL4610447";"Antileishmanial activity against Leishmania orientalis MHOM/TH/2010/PCM2 axenic amastigotes incubated for 72 hrs by resazurin dye based colorimetric assay";"F";"BAO_0000218";"organism-based format";"Leishmania orientalis";"None";"None";"None";"None";"";"";"";"CHEMBL4630671";"Leishmania orientalis";"Leishmania orientalis";"ORGANISM";"CHEMBL4609989";"1";"Scientific Literature";"Bioorg Med Chem";"2020";"None";"";"";""
"CHEMBL4646044";"";"None";"536.09";"1";"3.94";"11m";"CCn1c(=O)/c(=C/C=C2\Sc3ccc(F)cc3N2C)s/c1=C\c1sc2ccc(F)cc2[n+]1C.[Cl-]";"Inhibition";"'='";"81.5";"%";"";"";"";"UO_0000187";"";"";"";"";"0";"CHEMBL4610444";"Antileishmanial activity against Leishmania orientalis MHOM/TH/2010/PCM2 promastigote at 0.25 uM incubated for 72 hrs by resazurin dye based colorimetric assay relative to control";"F";"BAO_0000218";"organism-based format";"Leishmania orientalis";"None";"None";"None";"None";"";"";"";"CHEMBL4630671";"Leishmania orientalis";"Leishmania orientalis";"ORGANISM";"CHEMBL4609989";"1";"Scientific Literature";"Bioorg Med Chem";"2020";"None";"";"";""
"CHEMBL584818";"";"None";"518.10";"0";"3.80";"11c";"CCn1c(=O)/c(=C/C=C2\Sc3ccccc3N2C)s/c1=C\c1sc2ccc(F)cc2[n+]1C.[Cl-]";"IC50";"'='";"104.0";"nM";"6.98";"";"";"UO_0000065";"";"";"";"";"0";"CHEMBL4610445";"Antileishmanial activity against Leishmania orientalis MHOM/TH/2010/PCM2 promastigote incubated for 72 hrs by resazurin dye based colorimetric assay";"F";"BAO_0000218";"organism-based format";"Leishmania orientalis";"None";"None";"None";"None";"";"";"";"CHEMBL4630671";"Leishmania orientalis";"Leishmania orientalis";"ORGANISM";"CHEMBL4609989";"1";"Scientific Literature";"Bioorg Med Chem";"2020";"None";"";"";""
"CHEMBL4632522";"";"None";"584.11";"1";"4.56";"11k";"CCn1c(=O)/c(=C/C=C2\Sc3ccccc3N2C)s/c1=C\c1sc2cc(OC(F)(F)F)ccc2[n+]1C.[Cl-]";"Inhibition";"'='";"59.2";"%";"";"";"";"UO_0000187";"";"";"";"";"0";"CHEMBL4610446";"Antileishmanial activity against Leishmania orientalis MHOM/TH/2010/PCM2 axenic amastigotes at 0.25 uM incubated for 72 hrs by resazurin dye based colorimetric assay relative to control";"F";"BAO_0000218";"organism-based format";"Leishmania orientalis";"None";"None";"None";"None";"";"";"";"CHEMBL4630671";"Leishmania orientalis";"Leishmania orientalis";"ORGANISM";"CHEMBL4609989";"1";"Scientific Literature";"Bioorg Med Chem";"2020";"None";"";"";""
"CHEMBL4634435";"";"None";"518.10";"0";"3.80";"11h";"CCn1c(=O)/c(=C/C=C2\Sc3cc(F)ccc3N2C)s/c1=C\c1sc2ccccc2[n+]1C.[Cl-]";"Inhibition";"'='";"60.0";"%";"";"";"";"UO_0000187";"";"";"";"";"0";"CHEMBL4610443";"Antileishmanial activity against Leishmania orientalis MHOM/TH/2010/PCM2 promastigote at 0.1 uM incubated for 72 hrs by resazurin dye based colorimetric assay relative to control";"F";"BAO_0000218";"organism-based format";"Leishmania orientalis";"None";"None";"None";"None";"";"";"";"CHEMBL4630671";"Leishmania orientalis";"Leishmania orientalis";"ORGANISM";"CHEMBL4609989";"1";"Scientific Literature";"Bioorg Med Chem";"2020";"None";"";"";""
"CHEMBL4649340";"";"None";"653.85";"0";"3.80";"10c";"CCn1c(=O)/c(=C/C=C2\Sc3ccccc3N2C)s/c1=C\c1sc2ccc(F)cc2[n+]1C.Cc1ccc(S(=O)(=O)[O-])cc1";"Inhibition";"'='";"91.0";"%";"";"";"";"UO_0000187";"";"";"";"";"0";"CHEMBL4610446";"Antileishmanial activity against Leishmania orientalis MHOM/TH/2010/PCM2 axenic amastigotes at 0.25 uM incubated for 72 hrs by resazurin dye based colorimetric assay relative to control";"F";"BAO_0000218";"organism-based format";"Leishmania orientalis";"None";"None";"None";"None";"";"";"";"CHEMBL4630671";"Leishmania orientalis";"Leishmania orientalis";"ORGANISM";"CHEMBL4609989";"1";"Scientific Literature";"Bioorg Med Chem";"2020";"None";"";"";""
"CHEMBL4649340";"";"None";"653.85";"0";"3.80";"10c";"CCn1c(=O)/c(=C/C=C2\Sc3ccccc3N2C)s/c1=C\c1sc2ccc(F)cc2[n+]1C.Cc1ccc(S(=O)(=O)[O-])cc1";"IC50";"'='";"110.0";"nM";"6.96";"";"";"UO_0000065";"";"";"";"";"0";"CHEMBL4610447";"Antileishmanial activity against Leishmania orientalis MHOM/TH/2010/PCM2 axenic amastigotes incubated for 72 hrs by resazurin dye based colorimetric assay";"F";"BAO_0000218";"organism-based format";"Leishmania orientalis";"None";"None";"None";"None";"";"";"";"CHEMBL4630671";"Leishmania orientalis";"Leishmania orientalis";"ORGANISM";"CHEMBL4609989";"1";"Scientific Literature";"Bioorg Med Chem";"2020";"None";"";"";""
"CHEMBL4634435";"";"None";"518.10";"0";"3.80";"11h";"CCn1c(=O)/c(=C/C=C2\Sc3cc(F)ccc3N2C)s/c1=C\c1sc2ccccc2[n+]1C.[Cl-]";"IC50";"'='";"223.0";"nM";"6.65";"";"";"UO_0000065";"";"";"";"";"0";"CHEMBL4610447";"Antileishmanial activity against Leishmania orientalis MHOM/TH/2010/PCM2 axenic amastigotes incubated for 72 hrs by resazurin dye based colorimetric assay";"F";"BAO_0000218";"organism-based format";"Leishmania orientalis";"None";"None";"None";"None";"";"";"";"CHEMBL4630671";"Leishmania orientalis";"Leishmania orientalis";"ORGANISM";"CHEMBL4609989";"1";"Scientific Literature";"Bioorg Med Chem";"2020";"None";"";"";""
"CHEMBL4649254";"";"None";"536.09";"1";"3.94";"11o";"CCn1c(=O)/c(=C/C=C2\Sc3ccc(F)cc3N2C)s/c1=C\c1sc2cc(F)ccc2[n+]1C.[Cl-]";"IC50";"'='";"81.0";"nM";"7.09";"";"";"UO_0000065";"";"";"";"";"0";"CHEMBL4610447";"Antileishmanial activity against Leishmania orientalis MHOM/TH/2010/PCM2 axenic amastigotes incubated for 72 hrs by resazurin dye based colorimetric assay";"F";"BAO_0000218";"organism-based format";"Leishmania orientalis";"None";"None";"None";"None";"";"";"";"CHEMBL4630671";"Leishmania orientalis";"Leishmania orientalis";"ORGANISM";"CHEMBL4609989";"1";"Scientific Literature";"Bioorg Med Chem";"2020";"None";"";"";""
"CHEMBL4646044";"";"None";"536.09";"1";"3.94";"11m";"CCn1c(=O)/c(=C/C=C2\Sc3ccc(F)cc3N2C)s/c1=C\c1sc2ccc(F)cc2[n+]1C.[Cl-]";"Inhibition";"'='";"57.5";"%";"";"";"";"UO_0000187";"";"";"";"";"0";"CHEMBL4610443";"Antileishmanial activity against Leishmania orientalis MHOM/TH/2010/PCM2 promastigote at 0.1 uM incubated for 72 hrs by resazurin dye based colorimetric assay relative to control";"F";"BAO_0000218";"organism-based format";"Leishmania orientalis";"None";"None";"None";"None";"";"";"";"CHEMBL4630671";"Leishmania orientalis";"Leishmania orientalis";"ORGANISM";"CHEMBL4609989";"1";"Scientific Literature";"Bioorg Med Chem";"2020";"None";"";"";""
"CHEMBL4649254";"";"None";"536.09";"1";"3.94";"11o";"CCn1c(=O)/c(=C/C=C2\Sc3ccc(F)cc3N2C)s/c1=C\c1sc2cc(F)ccc2[n+]1C.[Cl-]";"Inhibition";"'='";"20.4";"%";"";"";"";"UO_0000187";"";"";"";"";"0";"CHEMBL4610443";"Antileishmanial activity against Leishmania orientalis MHOM/TH/2010/PCM2 promastigote at 0.1 uM incubated for 72 hrs by resazurin dye based colorimetric assay relative to control";"F";"BAO_0000218";"organism-based format";"Leishmania orientalis";"None";"None";"None";"None";"";"";"";"CHEMBL4630671";"Leishmania orientalis";"Leishmania orientalis";"ORGANISM";"CHEMBL4609989";"1";"Scientific Literature";"Bioorg Med Chem";"2020";"None";"";"";""
"CHEMBL4633984";"";"None";"568.11";"1";"4.68";"11j";"CCn1c(=O)/c(=C/C=C2\Sc3ccccc3N2C)s/c1=C\c1sc2cc(C(F)(F)F)ccc2[n+]1C.[Cl-]";"IC50";"";"";"";"";"";"Not Determined";"";"";"";"";"";"0";"CHEMBL4610445";"Antileishmanial activity against Leishmania orientalis MHOM/TH/2010/PCM2 promastigote incubated for 72 hrs by resazurin dye based colorimetric assay";"F";"BAO_0000218";"organism-based format";"Leishmania orientalis";"None";"None";"None";"None";"";"";"";"CHEMBL4630671";"Leishmania orientalis";"Leishmania orientalis";"ORGANISM";"CHEMBL4609989";"1";"Scientific Literature";"Bioorg Med Chem";"2020";"None";"";"";""
"CHEMBL4646044";"";"None";"536.09";"1";"3.94";"11m";"CCn1c(=O)/c(=C/C=C2\Sc3ccc(F)cc3N2C)s/c1=C\c1sc2ccc(F)cc2[n+]1C.[Cl-]";"IC50";"'='";"161.0";"nM";"6.79";"";"";"UO_0000065";"";"";"";"";"0";"CHEMBL4610445";"Antileishmanial activity against Leishmania orientalis MHOM/TH/2010/PCM2 promastigote incubated for 72 hrs by resazurin dye based colorimetric assay";"F";"BAO_0000218";"organism-based format";"Leishmania orientalis";"None";"None";"None";"None";"";"";"";"CHEMBL4630671";"Leishmania orientalis";"Leishmania orientalis";"ORGANISM";"CHEMBL4609989";"1";"Scientific Literature";"Bioorg Med Chem";"2020";"None";"";"";""
"CHEMBL4649340";"";"None";"653.85";"0";"3.80";"10c";"CCn1c(=O)/c(=C/C=C2\Sc3ccccc3N2C)s/c1=C\c1sc2ccc(F)cc2[n+]1C.Cc1ccc(S(=O)(=O)[O-])cc1";"Inhibition";"'='";"78.8";"%";"";"";"";"UO_0000187";"";"";"";"";"0";"CHEMBL4610443";"Antileishmanial activity against Leishmania orientalis MHOM/TH/2010/PCM2 promastigote at 0.1 uM incubated for 72 hrs by resazurin dye based colorimetric assay relative to control";"F";"BAO_0000218";"organism-based format";"Leishmania orientalis";"None";"None";"None";"None";"";"";"";"CHEMBL4630671";"Leishmania orientalis";"Leishmania orientalis";"ORGANISM";"CHEMBL4609989";"1";"Scientific Literature";"Bioorg Med Chem";"2020";"None";"";"";""
"CHEMBL4643116";"";"None";"536.09";"1";"3.94";"11l";"CCn1c(=O)/c(=C/C=C2\Sc3ccccc3N2C)s/c1=C\c1sc2cc(F)c(F)cc2[n+]1C.[Cl-]";"IC50";"'='";"114.0";"nM";"6.94";"";"";"UO_0000065";"";"";"";"";"0";"CHEMBL4610445";"Antileishmanial activity against Leishmania orientalis MHOM/TH/2010/PCM2 promastigote incubated for 72 hrs by resazurin dye based colorimetric assay";"F";"BAO_0000218";"organism-based format";"Leishmania orientalis";"None";"None";"None";"None";"";"";"";"CHEMBL4630671";"Leishmania orientalis";"Leishmania orientalis";"ORGANISM";"CHEMBL4609989";"1";"Scientific Literature";"Bioorg Med Chem";"2020";"None";"";"";""
"CHEMBL4641930";"";"None";"518.10";"0";"3.80";"11f";"CCn1c(=O)/c(=C/C=C2\Sc3cccc(F)c3N2C)s/c1=C\c1sc2ccccc2[n+]1C.[Cl-]";"IC50";"";"";"";"";"";"Not Determined";"";"";"";"";"";"0";"CHEMBL4610447";"Antileishmanial activity against Leishmania orientalis MHOM/TH/2010/PCM2 axenic amastigotes incubated for 72 hrs by resazurin dye based colorimetric assay";"F";"BAO_0000218";"organism-based format";"Leishmania orientalis";"None";"None";"None";"None";"";"";"";"CHEMBL4630671";"Leishmania orientalis";"Leishmania orientalis";"ORGANISM";"CHEMBL4609989";"1";"Scientific Literature";"Bioorg Med Chem";"2020";"None";"";"";""
"CHEMBL267345";"AMPHOTERICIN B";"4.0";"924.09";"3";"0.71";"Amphotericin B";"C[C@@H]1[C@H](O)[C@@H](C)/C=C/C=C/C=C/C=C/C=C/C=C/C=C/[C@H](O[C@@H]2O[C@H](C)[C@@H](O)[C@H](N)[C@@H]2O)C[C@@H]2O[C@](O)(C[C@@H](O)C[C@@H](O)[C@H](O)CC[C@@H](O)C[C@@H](O)CC(=O)O[C@H]1C)C[C@H](O)[C@H]2C(=O)O";"IC50";"'='";"108.0";"nM";"6.97";"";"";"UO_0000065";"";"";"";"";"0";"CHEMBL4610447";"Antileishmanial activity against Leishmania orientalis MHOM/TH/2010/PCM2 axenic amastigotes incubated for 72 hrs by resazurin dye based colorimetric assay";"F";"BAO_0000218";"organism-based format";"Leishmania orientalis";"None";"None";"None";"None";"";"";"";"CHEMBL4630671";"Leishmania orientalis";"Leishmania orientalis";"ORGANISM";"CHEMBL4609989";"1";"Scientific Literature";"Bioorg Med Chem";"2020";"None";"";"";""
"CHEMBL4637803";"";"None";"518.10";"0";"3.80";"11i";"CCn1c(=O)/c(=C/C=C2\Sc3c(F)cccc3N2C)s/c1=C\c1sc2ccccc2[n+]1C.[Cl-]";"Inhibition";"";"";"%";"";"";"Not Active";"UO_0000187";"";"";"";"";"0";"CHEMBL4610443";"Antileishmanial activity against Leishmania orientalis MHOM/TH/2010/PCM2 promastigote at 0.1 uM incubated for 72 hrs by resazurin dye based colorimetric assay relative to control";"F";"BAO_0000218";"organism-based format";"Leishmania orientalis";"None";"None";"None";"None";"";"";"";"CHEMBL4630671";"Leishmania orientalis";"Leishmania orientalis";"ORGANISM";"CHEMBL4609989";"1";"Scientific Literature";"Bioorg Med Chem";"2020";"None";"";"";""
"CHEMBL4643116";"";"None";"536.09";"1";"3.94";"11l";"CCn1c(=O)/c(=C/C=C2\Sc3ccccc3N2C)s/c1=C\c1sc2cc(F)c(F)cc2[n+]1C.[Cl-]";"Inhibition";"'='";"61.6";"%";"";"";"";"UO_0000187";"";"";"";"";"0";"CHEMBL4610443";"Antileishmanial activity against Leishmania orientalis MHOM/TH/2010/PCM2 promastigote at 0.1 uM incubated for 72 hrs by resazurin dye based colorimetric assay relative to control";"F";"BAO_0000218";"organism-based format";"Leishmania orientalis";"None";"None";"None";"None";"";"";"";"CHEMBL4630671";"Leishmania orientalis";"Leishmania orientalis";"ORGANISM";"CHEMBL4609989";"1";"Scientific Literature";"Bioorg Med Chem";"2020";"None";"";"";""
"CHEMBL4642489";"";"None";"536.09";"1";"3.94";"11p";"CCn1c(=O)/c(=C/C=C2\Sc3cc(F)ccc3N2C)s/c1=C\c1sc2ccc(F)cc2[n+]1C.[Cl-]";"Inhibition";"'='";"32.3";"%";"";"";"";"UO_0000187";"";"";"";"";"0";"CHEMBL4610443";"Antileishmanial activity against Leishmania orientalis MHOM/TH/2010/PCM2 promastigote at 0.1 uM incubated for 72 hrs by resazurin dye based colorimetric assay relative to control";"F";"BAO_0000218";"organism-based format";"Leishmania orientalis";"None";"None";"None";"None";"";"";"";"CHEMBL4630671";"Leishmania orientalis";"Leishmania orientalis";"ORGANISM";"CHEMBL4609989";"1";"Scientific Literature";"Bioorg Med Chem";"2020";"None";"";"";""
"CHEMBL4638482";"";"None";"518.10";"0";"3.80";"11b";"CCn1c(=O)/c(=C/C=C2\Sc3ccccc3N2C)s/c1=C\c1sc2cccc(F)c2[n+]1C.[Cl-]";"Inhibition";"'='";"92.9";"%";"";"";"";"UO_0000187";"";"";"";"";"0";"CHEMBL4610444";"Antileishmanial activity against Leishmania orientalis MHOM/TH/2010/PCM2 promastigote at 0.25 uM incubated for 72 hrs by resazurin dye based colorimetric assay relative to control";"F";"BAO_0000218";"organism-based format";"Leishmania orientalis";"None";"None";"None";"None";"";"";"";"CHEMBL4630671";"Leishmania orientalis";"Leishmania orientalis";"ORGANISM";"CHEMBL4609989";"1";"Scientific Literature";"Bioorg Med Chem";"2020";"None";"";"";""
"CHEMBL4634611";"";"None";"536.09";"1";"3.94";"11n";"CCn1c(=O)/c(=C/C=C2\Sc3cc(F)ccc3N2C)s/c1=C\c1sc2cc(F)ccc2[n+]1C.[Cl-]";"Inhibition";"'='";"76.0";"%";"";"";"";"UO_0000187";"";"";"";"";"0";"CHEMBL4610444";"Antileishmanial activity against Leishmania orientalis MHOM/TH/2010/PCM2 promastigote at 0.25 uM incubated for 72 hrs by resazurin dye based colorimetric assay relative to control";"F";"BAO_0000218";"organism-based format";"Leishmania orientalis";"None";"None";"None";"None";"";"";"";"CHEMBL4630671";"Leishmania orientalis";"Leishmania orientalis";"ORGANISM";"CHEMBL4609989";"1";"Scientific Literature";"Bioorg Med Chem";"2020";"None";"";"";""
"CHEMBL4649340";"";"None";"653.85";"0";"3.80";"10c";"CCn1c(=O)/c(=C/C=C2\Sc3ccccc3N2C)s/c1=C\c1sc2ccc(F)cc2[n+]1C.Cc1ccc(S(=O)(=O)[O-])cc1";"IC50";"'='";"98.0";"nM";"7.01";"";"";"UO_0000065";"";"";"";"";"0";"CHEMBL4610445";"Antileishmanial activity against Leishmania orientalis MHOM/TH/2010/PCM2 promastigote incubated for 72 hrs by resazurin dye based colorimetric assay";"F";"BAO_0000218";"organism-based format";"Leishmania orientalis";"None";"None";"None";"None";"";"";"";"CHEMBL4630671";"Leishmania orientalis";"Leishmania orientalis";"ORGANISM";"CHEMBL4609989";"1";"Scientific Literature";"Bioorg Med Chem";"2020";"None";"";"";""
"CHEMBL4634611";"";"None";"536.09";"1";"3.94";"11n";"CCn1c(=O)/c(=C/C=C2\Sc3cc(F)ccc3N2C)s/c1=C\c1sc2cc(F)ccc2[n+]1C.[Cl-]";"IC50";"";"";"";"";"";"Not Determined";"";"";"";"";"";"0";"CHEMBL4610445";"Antileishmanial activity against Leishmania orientalis MHOM/TH/2010/PCM2 promastigote incubated for 72 hrs by resazurin dye based colorimetric assay";"F";"BAO_0000218";"organism-based format";"Leishmania orientalis";"None";"None";"None";"None";"";"";"";"CHEMBL4630671";"Leishmania orientalis";"Leishmania orientalis";"ORGANISM";"CHEMBL4609989";"1";"Scientific Literature";"Bioorg Med Chem";"2020";"None";"";"";""
"CHEMBL4642489";"";"None";"536.09";"1";"3.94";"11p";"CCn1c(=O)/c(=C/C=C2\Sc3cc(F)ccc3N2C)s/c1=C\c1sc2ccc(F)cc2[n+]1C.[Cl-]";"IC50";"";"";"";"";"";"Not Determined";"";"";"";"";"";"0";"CHEMBL4610445";"Antileishmanial activity against Leishmania orientalis MHOM/TH/2010/PCM2 promastigote incubated for 72 hrs by resazurin dye based colorimetric assay";"F";"BAO_0000218";"organism-based format";"Leishmania orientalis";"None";"None";"None";"None";"";"";"";"CHEMBL4630671";"Leishmania orientalis";"Leishmania orientalis";"ORGANISM";"CHEMBL4609989";"1";"Scientific Literature";"Bioorg Med Chem";"2020";"None";"";"";""
"CHEMBL4633984";"";"None";"568.11";"1";"4.68";"11j";"CCn1c(=O)/c(=C/C=C2\Sc3ccccc3N2C)s/c1=C\c1sc2cc(C(F)(F)F)ccc2[n+]1C.[Cl-]";"Inhibition";"'='";"87.6";"%";"";"";"";"UO_0000187";"";"";"";"";"0";"CHEMBL4610444";"Antileishmanial activity against Leishmania orientalis MHOM/TH/2010/PCM2 promastigote at 0.25 uM incubated for 72 hrs by resazurin dye based colorimetric assay relative to control";"F";"BAO_0000218";"organism-based format";"Leishmania orientalis";"None";"None";"None";"None";"";"";"";"CHEMBL4630671";"Leishmania orientalis";"Leishmania orientalis";"ORGANISM";"CHEMBL4609989";"1";"Scientific Literature";"Bioorg Med Chem";"2020";"None";"";"";""
"CHEMBL4643116";"";"None";"536.09";"1";"3.94";"11l";"CCn1c(=O)/c(=C/C=C2\Sc3ccccc3N2C)s/c1=C\c1sc2cc(F)c(F)cc2[n+]1C.[Cl-]";"Inhibition";"'='";"89.5";"%";"";"";"";"UO_0000187";"";"";"";"";"0";"CHEMBL4610444";"Antileishmanial activity against Leishmania orientalis MHOM/TH/2010/PCM2 promastigote at 0.25 uM incubated for 72 hrs by resazurin dye based colorimetric assay relative to control";"F";"BAO_0000218";"organism-based format";"Leishmania orientalis";"None";"None";"None";"None";"";"";"";"CHEMBL4630671";"Leishmania orientalis";"Leishmania orientalis";"ORGANISM";"CHEMBL4609989";"1";"Scientific Literature";"Bioorg Med Chem";"2020";"None";"";"";""
"CHEMBL4632522";"";"None";"584.11";"1";"4.56";"11k";"CCn1c(=O)/c(=C/C=C2\Sc3ccccc3N2C)s/c1=C\c1sc2cc(OC(F)(F)F)ccc2[n+]1C.[Cl-]";"IC50";"";"";"";"";"";"Not Determined";"";"";"";"";"";"0";"CHEMBL4610445";"Antileishmanial activity against Leishmania orientalis MHOM/TH/2010/PCM2 promastigote incubated for 72 hrs by resazurin dye based colorimetric assay";"F";"BAO_0000218";"organism-based format";"Leishmania orientalis";"None";"None";"None";"None";"";"";"";"CHEMBL4630671";"Leishmania orientalis";"Leishmania orientalis";"ORGANISM";"CHEMBL4609989";"1";"Scientific Literature";"Bioorg Med Chem";"2020";"None";"";"";""
"CHEMBL4632522";"";"None";"584.11";"1";"4.56";"11k";"CCn1c(=O)/c(=C/C=C2\Sc3ccccc3N2C)s/c1=C\c1sc2cc(OC(F)(F)F)ccc2[n+]1C.[Cl-]";"Inhibition";"'='";"12.5";"%";"";"";"";"UO_0000187";"";"";"";"";"0";"CHEMBL4610443";"Antileishmanial activity against Leishmania orientalis MHOM/TH/2010/PCM2 promastigote at 0.1 uM incubated for 72 hrs by resazurin dye based colorimetric assay relative to control";"F";"BAO_0000218";"organism-based format";"Leishmania orientalis";"None";"None";"None";"None";"";"";"";"CHEMBL4630671";"Leishmania orientalis";"Leishmania orientalis";"ORGANISM";"CHEMBL4609989";"1";"Scientific Literature";"Bioorg Med Chem";"2020";"None";"";"";""
"CHEMBL4649340";"";"None";"653.85";"0";"3.80";"10c";"CCn1c(=O)/c(=C/C=C2\Sc3ccccc3N2C)s/c1=C\c1sc2ccc(F)cc2[n+]1C.Cc1ccc(S(=O)(=O)[O-])cc1";"Inhibition";"'='";"91.7";"%";"";"";"";"UO_0000187";"";"";"";"";"0";"CHEMBL4610444";"Antileishmanial activity against Leishmania orientalis MHOM/TH/2010/PCM2 promastigote at 0.25 uM incubated for 72 hrs by resazurin dye based colorimetric assay relative to control";"F";"BAO_0000218";"organism-based format";"Leishmania orientalis";"None";"None";"None";"None";"";"";"";"CHEMBL4630671";"Leishmania orientalis";"Leishmania orientalis";"ORGANISM";"CHEMBL4609989";"1";"Scientific Literature";"Bioorg Med Chem";"2020";"None";"";"";""
"CHEMBL4638600";"";"None";"518.10";"0";"3.80";"11d";"CCn1c(=O)/c(=C/C=C2\Sc3ccccc3N2C)s/c1=C\c1sc2cc(F)ccc2[n+]1C.[Cl-]";"Inhibition";"'='";"95.4";"%";"";"";"";"UO_0000187";"";"";"";"";"0";"CHEMBL4610444";"Antileishmanial activity against Leishmania orientalis MHOM/TH/2010/PCM2 promastigote at 0.25 uM incubated for 72 hrs by resazurin dye based colorimetric assay relative to control";"F";"BAO_0000218";"organism-based format";"Leishmania orientalis";"None";"None";"None";"None";"";"";"";"CHEMBL4630671";"Leishmania orientalis";"Leishmania orientalis";"ORGANISM";"CHEMBL4609989";"1";"Scientific Literature";"Bioorg Med Chem";"2020";"None";"";"";""
"CHEMBL4641930";"";"None";"518.10";"0";"3.80";"11f";"CCn1c(=O)/c(=C/C=C2\Sc3cccc(F)c3N2C)s/c1=C\c1sc2ccccc2[n+]1C.[Cl-]";"Inhibition";"'='";"84.2";"%";"";"";"";"UO_0000187";"";"";"";"";"0";"CHEMBL4610444";"Antileishmanial activity against Leishmania orientalis MHOM/TH/2010/PCM2 promastigote at 0.25 uM incubated for 72 hrs by resazurin dye based colorimetric assay relative to control";"F";"BAO_0000218";"organism-based format";"Leishmania orientalis";"None";"None";"None";"None";"";"";"";"CHEMBL4630671";"Leishmania orientalis";"Leishmania orientalis";"ORGANISM";"CHEMBL4609989";"1";"Scientific Literature";"Bioorg Med Chem";"2020";"None";"";"";""
"CHEMBL4634435";"";"None";"518.10";"0";"3.80";"11h";"CCn1c(=O)/c(=C/C=C2\Sc3cc(F)ccc3N2C)s/c1=C\c1sc2ccccc2[n+]1C.[Cl-]";"Inhibition";"'='";"96.0";"%";"";"";"";"UO_0000187";"";"";"";"";"0";"CHEMBL4610444";"Antileishmanial activity against Leishmania orientalis MHOM/TH/2010/PCM2 promastigote at 0.25 uM incubated for 72 hrs by resazurin dye based colorimetric assay relative to control";"F";"BAO_0000218";"organism-based format";"Leishmania orientalis";"None";"None";"None";"None";"";"";"";"CHEMBL4630671";"Leishmania orientalis";"Leishmania orientalis";"ORGANISM";"CHEMBL4609989";"1";"Scientific Literature";"Bioorg Med Chem";"2020";"None";"";"";""
"CHEMBL4649254";"";"None";"536.09";"1";"3.94";"11o";"CCn1c(=O)/c(=C/C=C2\Sc3ccc(F)cc3N2C)s/c1=C\c1sc2cc(F)ccc2[n+]1C.[Cl-]";"Inhibition";"'='";"79.3";"%";"";"";"";"UO_0000187";"";"";"";"";"0";"CHEMBL4610444";"Antileishmanial activity against Leishmania orientalis MHOM/TH/2010/PCM2 promastigote at 0.25 uM incubated for 72 hrs by resazurin dye based colorimetric assay relative to control";"F";"BAO_0000218";"organism-based format";"Leishmania orientalis";"None";"None";"None";"None";"";"";"";"CHEMBL4630671";"Leishmania orientalis";"Leishmania orientalis";"ORGANISM";"CHEMBL4609989";"1";"Scientific Literature";"Bioorg Med Chem";"2020";"None";"";"";""
"CHEMBL4642489";"";"None";"536.09";"1";"3.94";"11p";"CCn1c(=O)/c(=C/C=C2\Sc3cc(F)ccc3N2C)s/c1=C\c1sc2ccc(F)cc2[n+]1C.[Cl-]";"Inhibition";"'='";"93.0";"%";"";"";"";"UO_0000187";"";"";"";"";"0";"CHEMBL4610444";"Antileishmanial activity against Leishmania orientalis MHOM/TH/2010/PCM2 promastigote at 0.25 uM incubated for 72 hrs by resazurin dye based colorimetric assay relative to control";"F";"BAO_0000218";"organism-based format";"Leishmania orientalis";"None";"None";"None";"None";"";"";"";"CHEMBL4630671";"Leishmania orientalis";"Leishmania orientalis";"ORGANISM";"CHEMBL4609989";"1";"Scientific Literature";"Bioorg Med Chem";"2020";"None";"";"";""
"CHEMBL4638600";"";"None";"518.10";"0";"3.80";"11d";"CCn1c(=O)/c(=C/C=C2\Sc3ccccc3N2C)s/c1=C\c1sc2cc(F)ccc2[n+]1C.[Cl-]";"Inhibition";"'='";"78.5";"%";"";"";"";"UO_0000187";"";"";"";"";"0";"CHEMBL4610446";"Antileishmanial activity against Leishmania orientalis MHOM/TH/2010/PCM2 axenic amastigotes at 0.25 uM incubated for 72 hrs by resazurin dye based colorimetric assay relative to control";"F";"BAO_0000218";"organism-based format";"Leishmania orientalis";"None";"None";"None";"None";"";"";"";"CHEMBL4630671";"Leishmania orientalis";"Leishmania orientalis";"ORGANISM";"CHEMBL4609989";"1";"Scientific Literature";"Bioorg Med Chem";"2020";"None";"";"";""
"CHEMBL4641930";"";"None";"518.10";"0";"3.80";"11f";"CCn1c(=O)/c(=C/C=C2\Sc3cccc(F)c3N2C)s/c1=C\c1sc2ccccc2[n+]1C.[Cl-]";"Inhibition";"'='";"40.2";"%";"";"";"";"UO_0000187";"";"";"";"";"0";"CHEMBL4610446";"Antileishmanial activity against Leishmania orientalis MHOM/TH/2010/PCM2 axenic amastigotes at 0.25 uM incubated for 72 hrs by resazurin dye based colorimetric assay relative to control";"F";"BAO_0000218";"organism-based format";"Leishmania orientalis";"None";"None";"None";"None";"";"";"";"CHEMBL4630671";"Leishmania orientalis";"Leishmania orientalis";"ORGANISM";"CHEMBL4609989";"1";"Scientific Literature";"Bioorg Med Chem";"2020";"None";"";"";""
"CHEMBL4649254";"";"None";"536.09";"1";"3.94";"11o";"CCn1c(=O)/c(=C/C=C2\Sc3ccc(F)cc3N2C)s/c1=C\c1sc2cc(F)ccc2[n+]1C.[Cl-]";"Inhibition";"'='";"88.9";"%";"";"";"";"UO_0000187";"";"";"";"";"0";"CHEMBL4610446";"Antileishmanial activity against Leishmania orientalis MHOM/TH/2010/PCM2 axenic amastigotes at 0.25 uM incubated for 72 hrs by resazurin dye based colorimetric assay relative to control";"F";"BAO_0000218";"organism-based format";"Leishmania orientalis";"None";"None";"None";"None";"";"";"";"CHEMBL4630671";"Leishmania orientalis";"Leishmania orientalis";"ORGANISM";"CHEMBL4609989";"1";"Scientific Literature";"Bioorg Med Chem";"2020";"None";"";"";""
"CHEMBL4642489";"";"None";"536.09";"1";"3.94";"11p";"CCn1c(=O)/c(=C/C=C2\Sc3cc(F)ccc3N2C)s/c1=C\c1sc2ccc(F)cc2[n+]1C.[Cl-]";"Inhibition";"'='";"93.0";"%";"";"";"";"UO_0000187";"";"";"";"";"0";"CHEMBL4610446";"Antileishmanial activity against Leishmania orientalis MHOM/TH/2010/PCM2 axenic amastigotes at 0.25 uM incubated for 72 hrs by resazurin dye based colorimetric assay relative to control";"F";"BAO_0000218";"organism-based format";"Leishmania orientalis";"None";"None";"None";"None";"";"";"";"CHEMBL4630671";"Leishmania orientalis";"Leishmania orientalis";"ORGANISM";"CHEMBL4609989";"1";"Scientific Literature";"Bioorg Med Chem";"2020";"None";"";"";""
"CHEMBL4636238";"";"None";"518.10";"0";"3.80";"11g";"CCn1c(=O)/c(=C/C=C2\Sc3ccc(F)cc3N2C)s/c1=C\c1sc2ccccc2[n+]1C.[Cl-]";"IC50";"'='";"134.0";"nM";"6.87";"";"";"UO_0000065";"";"";"";"";"0";"CHEMBL4610447";"Antileishmanial activity against Leishmania orientalis MHOM/TH/2010/PCM2 axenic amastigotes incubated for 72 hrs by resazurin dye based colorimetric assay";"F";"BAO_0000218";"organism-based format";"Leishmania orientalis";"None";"None";"None";"None";"";"";"";"CHEMBL4630671";"Leishmania orientalis";"Leishmania orientalis";"ORGANISM";"CHEMBL4609989";"1";"Scientific Literature";"Bioorg Med Chem";"2020";"None";"";"";""
"CHEMBL4632522";"";"None";"584.11";"1";"4.56";"11k";"CCn1c(=O)/c(=C/C=C2\Sc3ccccc3N2C)s/c1=C\c1sc2cc(OC(F)(F)F)ccc2[n+]1C.[Cl-]";"IC50";"";"";"";"";"";"Not Determined";"";"";"";"";"";"0";"CHEMBL4610447";"Antileishmanial activity against Leishmania orientalis MHOM/TH/2010/PCM2 axenic amastigotes incubated for 72 hrs by resazurin dye based colorimetric assay";"F";"BAO_0000218";"organism-based format";"Leishmania orientalis";"None";"None";"None";"None";"";"";"";"CHEMBL4630671";"Leishmania orientalis";"Leishmania orientalis";"ORGANISM";"CHEMBL4609989";"1";"Scientific Literature";"Bioorg Med Chem";"2020";"None";"";"";""
"CHEMBL4647513";"";"None";"586.10";"1";"4.82";"11q";"CCn1c(=O)/c(=C/C=C2\Sc3cc(C(F)(F)F)ccc3N2C)s/c1=C\c1sc2ccc(F)cc2[n+]1C.[Cl-]";"IC50";"";"";"";"";"";"Not Determined";"";"";"";"";"";"0";"CHEMBL4610447";"Antileishmanial activity against Leishmania orientalis MHOM/TH/2010/PCM2 axenic amastigotes incubated for 72 hrs by resazurin dye based colorimetric assay";"F";"BAO_0000218";"organism-based format";"Leishmania orientalis";"None";"None";"None";"None";"";"";"";"CHEMBL4630671";"Leishmania orientalis";"Leishmania orientalis";"ORGANISM";"CHEMBL4609989";"1";"Scientific Literature";"Bioorg Med Chem";"2020";"None";"";"";""
"CHEMBL4637803";"";"None";"518.10";"0";"3.80";"11i";"CCn1c(=O)/c(=C/C=C2\Sc3c(F)cccc3N2C)s/c1=C\c1sc2ccccc2[n+]1C.[Cl-]";"IC50";"";"";"";"";"";"Not Determined";"";"";"";"";"";"0";"CHEMBL4610447";"Antileishmanial activity against Leishmania orientalis MHOM/TH/2010/PCM2 axenic amastigotes incubated for 72 hrs by resazurin dye based colorimetric assay";"F";"BAO_0000218";"organism-based format";"Leishmania orientalis";"None";"None";"None";"None";"";"";"";"CHEMBL4630671";"Leishmania orientalis";"Leishmania orientalis";"ORGANISM";"CHEMBL4609989";"1";"Scientific Literature";"Bioorg Med Chem";"2020";"None";"";"";""
"CHEMBL4646044";"";"None";"536.09";"1";"3.94";"11m";"CCn1c(=O)/c(=C/C=C2\Sc3ccc(F)cc3N2C)s/c1=C\c1sc2ccc(F)cc2[n+]1C.[Cl-]";"IC50";"'='";"80.0";"nM";"7.10";"";"";"UO_0000065";"";"";"";"";"0";"CHEMBL4610447";"Antileishmanial activity against Leishmania orientalis MHOM/TH/2010/PCM2 axenic amastigotes incubated for 72 hrs by resazurin dye based colorimetric assay";"F";"BAO_0000218";"organism-based format";"Leishmania orientalis";"None";"None";"None";"None";"";"";"";"CHEMBL4630671";"Leishmania orientalis";"Leishmania orientalis";"ORGANISM";"CHEMBL4609989";"1";"Scientific Literature";"Bioorg Med Chem";"2020";"None";"";"";""
"CHEMBL567070";"";"None";"500.11";"0";"3.66";"11a";"CCn1c(=O)/c(=C/C=C2\Sc3ccccc3N2C)s/c1=C\c1sc2ccccc2[n+]1C.[Cl-]";"IC50";"'='";"909.0";"nM";"6.04";"";"";"UO_0000065";"";"";"";"";"0";"CHEMBL4610447";"Antileishmanial activity against Leishmania orientalis MHOM/TH/2010/PCM2 axenic amastigotes incubated for 72 hrs by resazurin dye based colorimetric assay";"F";"BAO_0000218";"organism-based format";"Leishmania orientalis";"None";"None";"None";"None";"";"";"";"CHEMBL4630671";"Leishmania orientalis";"Leishmania orientalis";"ORGANISM";"CHEMBL4609989";"1";"Scientific Literature";"Bioorg Med Chem";"2020";"None";"";"";""
"CHEMBL4636238";"";"None";"518.10";"0";"3.80";"11g";"CCn1c(=O)/c(=C/C=C2\Sc3ccc(F)cc3N2C)s/c1=C\c1sc2ccccc2[n+]1C.[Cl-]";"Inhibition";"'='";"92.2";"%";"";"";"";"UO_0000187";"";"";"";"";"0";"CHEMBL4610446";"Antileishmanial activity against Leishmania orientalis MHOM/TH/2010/PCM2 axenic amastigotes at 0.25 uM incubated for 72 hrs by resazurin dye based colorimetric assay relative to control";"F";"BAO_0000218";"organism-based format";"Leishmania orientalis";"None";"None";"None";"None";"";"";"";"CHEMBL4630671";"Leishmania orientalis";"Leishmania orientalis";"ORGANISM";"CHEMBL4609989";"1";"Scientific Literature";"Bioorg Med Chem";"2020";"None";"";"";""
"CHEMBL4634435";"";"None";"518.10";"0";"3.80";"11h";"CCn1c(=O)/c(=C/C=C2\Sc3cc(F)ccc3N2C)s/c1=C\c1sc2ccccc2[n+]1C.[Cl-]";"Inhibition";"'='";"91.2";"%";"";"";"";"UO_0000187";"";"";"";"";"0";"CHEMBL4610446";"Antileishmanial activity against Leishmania orientalis MHOM/TH/2010/PCM2 axenic amastigotes at 0.25 uM incubated for 72 hrs by resazurin dye based colorimetric assay relative to control";"F";"BAO_0000218";"organism-based format";"Leishmania orientalis";"None";"None";"None";"None";"";"";"";"CHEMBL4630671";"Leishmania orientalis";"Leishmania orientalis";"ORGANISM";"CHEMBL4609989";"1";"Scientific Literature";"Bioorg Med Chem";"2020";"None";"";"";""
"CHEMBL4641930";"";"None";"518.10";"0";"3.80";"11f";"CCn1c(=O)/c(=C/C=C2\Sc3cccc(F)c3N2C)s/c1=C\c1sc2ccccc2[n+]1C.[Cl-]";"Inhibition";"'='";"33.0";"%";"";"";"";"UO_0000187";"";"";"";"";"0";"CHEMBL4610443";"Antileishmanial activity against Leishmania orientalis MHOM/TH/2010/PCM2 promastigote at 0.1 uM incubated for 72 hrs by resazurin dye based colorimetric assay relative to control";"F";"BAO_0000218";"organism-based format";"Leishmania orientalis";"None";"None";"None";"None";"";"";"";"CHEMBL4630671";"Leishmania orientalis";"Leishmania orientalis";"ORGANISM";"CHEMBL4609989";"1";"Scientific Literature";"Bioorg Med Chem";"2020";"None";"";"";""
"CHEMBL4647513";"";"None";"586.10";"1";"4.82";"11q";"CCn1c(=O)/c(=C/C=C2\Sc3cc(C(F)(F)F)ccc3N2C)s/c1=C\c1sc2ccc(F)cc2[n+]1C.[Cl-]";"Inhibition";"";"";"%";"";"";"Not Active";"UO_0000187";"";"";"";"";"0";"CHEMBL4610443";"Antileishmanial activity against Leishmania orientalis MHOM/TH/2010/PCM2 promastigote at 0.1 uM incubated for 72 hrs by resazurin dye based colorimetric assay relative to control";"F";"BAO_0000218";"organism-based format";"Leishmania orientalis";"None";"None";"None";"None";"";"";"";"CHEMBL4630671";"Leishmania orientalis";"Leishmania orientalis";"ORGANISM";"CHEMBL4609989";"1";"Scientific Literature";"Bioorg Med Chem";"2020";"None";"";"";""
"CHEMBL4636238";"";"None";"518.10";"0";"3.80";"11g";"CCn1c(=O)/c(=C/C=C2\Sc3ccc(F)cc3N2C)s/c1=C\c1sc2ccccc2[n+]1C.[Cl-]";"Inhibition";"'='";"90.4";"%";"";"";"";"UO_0000187";"";"";"";"";"0";"CHEMBL4610444";"Antileishmanial activity against Leishmania orientalis MHOM/TH/2010/PCM2 promastigote at 0.25 uM incubated for 72 hrs by resazurin dye based colorimetric assay relative to control";"F";"BAO_0000218";"organism-based format";"Leishmania orientalis";"None";"None";"None";"None";"";"";"";"CHEMBL4630671";"Leishmania orientalis";"Leishmania orientalis";"ORGANISM";"CHEMBL4609989";"1";"Scientific Literature";"Bioorg Med Chem";"2020";"None";"";"";""
"CHEMBL267345";"AMPHOTERICIN B";"4.0";"924.09";"3";"0.71";"AmB";"C[C@@H]1[C@H](O)[C@@H](C)/C=C/C=C/C=C/C=C/C=C/C=C/C=C/[C@H](O[C@@H]2O[C@H](C)[C@@H](O)[C@H](N)[C@@H]2O)C[C@@H]2O[C@](O)(C[C@@H](O)C[C@@H](O)[C@H](O)CC[C@@H](O)C[C@@H](O)CC(=O)O[C@H]1C)C[C@H](O)[C@H]2C(=O)O";"Inhibition";"'='";"96.7";"%";"";"";"";"UO_0000187";"";"";"";"";"0";"CHEMBL4610444";"Antileishmanial activity against Leishmania orientalis MHOM/TH/2010/PCM2 promastigote at 0.25 uM incubated for 72 hrs by resazurin dye based colorimetric assay relative to control";"F";"BAO_0000218";"organism-based format";"Leishmania orientalis";"None";"None";"None";"None";"";"";"";"CHEMBL4630671";"Leishmania orientalis";"Leishmania orientalis";"ORGANISM";"CHEMBL4609989";"1";"Scientific Literature";"Bioorg Med Chem";"2020";"None";"";"";""
"CHEMBL4638482";"";"None";"518.10";"0";"3.80";"11b";"CCn1c(=O)/c(=C/C=C2\Sc3ccccc3N2C)s/c1=C\c1sc2cccc(F)c2[n+]1C.[Cl-]";"IC50";"'='";"65.0";"nM";"7.19";"";"";"UO_0000065";"";"";"";"";"0";"CHEMBL4610445";"Antileishmanial activity against Leishmania orientalis MHOM/TH/2010/PCM2 promastigote incubated for 72 hrs by resazurin dye based colorimetric assay";"F";"BAO_0000218";"organism-based format";"Leishmania orientalis";"None";"None";"None";"None";"";"";"";"CHEMBL4630671";"Leishmania orientalis";"Leishmania orientalis";"ORGANISM";"CHEMBL4609989";"1";"Scientific Literature";"Bioorg Med Chem";"2020";"None";"";"";""
"CHEMBL4641930";"";"None";"518.10";"0";"3.80";"11f";"CCn1c(=O)/c(=C/C=C2\Sc3cccc(F)c3N2C)s/c1=C\c1sc2ccccc2[n+]1C.[Cl-]";"IC50";"";"";"";"";"";"Not Determined";"";"";"";"";"";"0";"CHEMBL4610445";"Antileishmanial activity against Leishmania orientalis MHOM/TH/2010/PCM2 promastigote incubated for 72 hrs by resazurin dye based colorimetric assay";"F";"BAO_0000218";"organism-based format";"Leishmania orientalis";"None";"None";"None";"None";"";"";"";"CHEMBL4630671";"Leishmania orientalis";"Leishmania orientalis";"ORGANISM";"CHEMBL4609989";"1";"Scientific Literature";"Bioorg Med Chem";"2020";"None";"";"";""
"CHEMBL4636238";"";"None";"518.10";"0";"3.80";"11g";"CCn1c(=O)/c(=C/C=C2\Sc3ccc(F)cc3N2C)s/c1=C\c1sc2ccccc2[n+]1C.[Cl-]";"IC50";"'='";"133.0";"nM";"6.88";"";"";"UO_0000065";"";"";"";"";"0";"CHEMBL4610445";"Antileishmanial activity against Leishmania orientalis MHOM/TH/2010/PCM2 promastigote incubated for 72 hrs by resazurin dye based colorimetric assay";"F";"BAO_0000218";"organism-based format";"Leishmania orientalis";"None";"None";"None";"None";"";"";"";"CHEMBL4630671";"Leishmania orientalis";"Leishmania orientalis";"ORGANISM";"CHEMBL4609989";"1";"Scientific Literature";"Bioorg Med Chem";"2020";"None";"";"";""
"CHEMBL4638482";"";"None";"518.10";"0";"3.80";"11b";"CCn1c(=O)/c(=C/C=C2\Sc3ccccc3N2C)s/c1=C\c1sc2cccc(F)c2[n+]1C.[Cl-]";"IC50";"";"";"";"";"";"Not Determined";"";"";"";"";"";"0";"CHEMBL4610447";"Antileishmanial activity against Leishmania orientalis MHOM/TH/2010/PCM2 axenic amastigotes incubated for 72 hrs by resazurin dye based colorimetric assay";"F";"BAO_0000218";"organism-based format";"Leishmania orientalis";"None";"None";"None";"None";"";"";"";"CHEMBL4630671";"Leishmania orientalis";"Leishmania orientalis";"ORGANISM";"CHEMBL4609989";"1";"Scientific Literature";"Bioorg Med Chem";"2020";"None";"";"";""
"CHEMBL4644768";"";"None";"518.10";"0";"3.80";"11e";"CCn1c(=O)/c(=C/C=C2\Sc3ccccc3N2C)s/c1=C\c1sc2c(F)cccc2[n+]1C.[Cl-]";"IC50";"";"";"";"";"";"Not Determined";"";"";"";"";"";"0";"CHEMBL4610447";"Antileishmanial activity against Leishmania orientalis MHOM/TH/2010/PCM2 axenic amastigotes incubated for 72 hrs by resazurin dye based colorimetric assay";"F";"BAO_0000218";"organism-based format";"Leishmania orientalis";"None";"None";"None";"None";"";"";"";"CHEMBL4630671";"Leishmania orientalis";"Leishmania orientalis";"ORGANISM";"CHEMBL4609989";"1";"Scientific Literature";"Bioorg Med Chem";"2020";"None";"";"";""
"CHEMBL4634611";"";"None";"536.09";"1";"3.94";"11n";"CCn1c(=O)/c(=C/C=C2\Sc3cc(F)ccc3N2C)s/c1=C\c1sc2cc(F)ccc2[n+]1C.[Cl-]";"IC50";"";"";"";"";"";"Not Determined";"";"";"";"";"";"0";"CHEMBL4610447";"Antileishmanial activity against Leishmania orientalis MHOM/TH/2010/PCM2 axenic amastigotes incubated for 72 hrs by resazurin dye based colorimetric assay";"F";"BAO_0000218";"organism-based format";"Leishmania orientalis";"None";"None";"None";"None";"";"";"";"CHEMBL4630671";"Leishmania orientalis";"Leishmania orientalis";"ORGANISM";"CHEMBL4609989";"1";"Scientific Literature";"Bioorg Med Chem";"2020";"None";"";"";""
"CHEMBL267345";"AMPHOTERICIN B";"4.0";"924.09";"3";"0.71";"AM";"C[C@@H]1[C@H](O)[C@@H](C)/C=C/C=C/C=C/C=C/C=C/C=C/C=C/[C@H](O[C@@H]2O[C@H](C)[C@@H](O)[C@H](N)[C@@H]2O)C[C@@H]2O[C@](O)(C[C@@H](O)C[C@@H](O)[C@H](O)CC[C@@H](O)C[C@@H](O)CC(=O)O[C@H]1C)C[C@H](O)[C@H]2C(=O)O";"IC50";"'='";"23.0";"nM";"7.64";"";"";"UO_0000065";"";"";"";"";"0";"CHEMBL4610445";"Antileishmanial activity against Leishmania orientalis MHOM/TH/2010/PCM2 promastigote incubated for 72 hrs by resazurin dye based colorimetric assay";"F";"BAO_0000218";"organism-based format";"Leishmania orientalis";"None";"None";"None";"None";"";"";"";"CHEMBL4630671";"Leishmania orientalis";"Leishmania orientalis";"ORGANISM";"CHEMBL4609989";"1";"Scientific Literature";"Bioorg Med Chem";"2020";"None";"";"";""
"CHEMBL267345";"AMPHOTERICIN B";"4.0";"924.09";"3";"0.71";"AM";"C[C@@H]1[C@H](O)[C@@H](C)/C=C/C=C/C=C/C=C/C=C/C=C/C=C/[C@H](O[C@@H]2O[C@H](C)[C@@H](O)[C@H](N)[C@@H]2O)C[C@@H]2O[C@](O)(C[C@@H](O)C[C@@H](O)[C@H](O)CC[C@@H](O)C[C@@H](O)CC(=O)O[C@H]1C)C[C@H](O)[C@H]2C(=O)O";"Inhibition";"'='";"91.1";"%";"";"";"";"UO_0000187";"";"";"";"";"0";"CHEMBL4610446";"Antileishmanial activity against Leishmania orientalis MHOM/TH/2010/PCM2 axenic amastigotes at 0.25 uM incubated for 72 hrs by resazurin dye based colorimetric assay relative to control";"F";"BAO_0000218";"organism-based format";"Leishmania orientalis";"None";"None";"None";"None";"";"";"";"CHEMBL4630671";"Leishmania orientalis";"Leishmania orientalis";"ORGANISM";"CHEMBL4609989";"1";"Scientific Literature";"Bioorg Med Chem";"2020";"None";"";"";""
"CHEMBL4638600";"";"None";"518.10";"0";"3.80";"11d";"CCn1c(=O)/c(=C/C=C2\Sc3ccccc3N2C)s/c1=C\c1sc2cc(F)ccc2[n+]1C.[Cl-]";"IC50";"'='";"200.0";"nM";"6.70";"";"";"UO_0000065";"";"";"";"";"0";"CHEMBL4610447";"Antileishmanial activity against Leishmania orientalis MHOM/TH/2010/PCM2 axenic amastigotes incubated for 72 hrs by resazurin dye based colorimetric assay";"F";"BAO_0000218";"organism-based format";"Leishmania orientalis";"None";"None";"None";"None";"";"";"";"CHEMBL4630671";"Leishmania orientalis";"Leishmania orientalis";"ORGANISM";"CHEMBL4609989";"1";"Scientific Literature";"Bioorg Med Chem";"2020";"None";"";"";""
"CHEMBL4633984";"";"None";"568.11";"1";"4.68";"11j";"CCn1c(=O)/c(=C/C=C2\Sc3ccccc3N2C)s/c1=C\c1sc2cc(C(F)(F)F)ccc2[n+]1C.[Cl-]";"IC50";"";"";"";"";"";"Not Determined";"";"";"";"";"";"0";"CHEMBL4610447";"Antileishmanial activity against Leishmania orientalis MHOM/TH/2010/PCM2 axenic amastigotes incubated for 72 hrs by resazurin dye based colorimetric assay";"F";"BAO_0000218";"organism-based format";"Leishmania orientalis";"None";"None";"None";"None";"";"";"";"CHEMBL4630671";"Leishmania orientalis";"Leishmania orientalis";"ORGANISM";"CHEMBL4609989";"1";"Scientific Literature";"Bioorg Med Chem";"2020";"None";"";"";""
"CHEMBL4634611";"";"None";"536.09";"1";"3.94";"11n";"CCn1c(=O)/c(=C/C=C2\Sc3cc(F)ccc3N2C)s/c1=C\c1sc2cc(F)ccc2[n+]1C.[Cl-]";"Inhibition";"'='";"62.1";"%";"";"";"";"UO_0000187";"";"";"";"";"0";"CHEMBL4610446";"Antileishmanial activity against Leishmania orientalis MHOM/TH/2010/PCM2 axenic amastigotes at 0.25 uM incubated for 72 hrs by resazurin dye based colorimetric assay relative to control";"F";"BAO_0000218";"organism-based format";"Leishmania orientalis";"None";"None";"None";"None";"";"";"";"CHEMBL4630671";"Leishmania orientalis";"Leishmania orientalis";"ORGANISM";"CHEMBL4609989";"1";"Scientific Literature";"Bioorg Med Chem";"2020";"None";"";"";""
"CHEMBL4643116";"";"None";"536.09";"1";"3.94";"11l";"CCn1c(=O)/c(=C/C=C2\Sc3ccccc3N2C)s/c1=C\c1sc2cc(F)c(F)cc2[n+]1C.[Cl-]";"IC50";"'='";"77.0";"nM";"7.11";"";"";"UO_0000065";"";"";"";"";"0";"CHEMBL4610447";"Antileishmanial activity against Leishmania orientalis MHOM/TH/2010/PCM2 axenic amastigotes incubated for 72 hrs by resazurin dye based colorimetric assay";"F";"BAO_0000218";"organism-based format";"Leishmania orientalis";"None";"None";"None";"None";"";"";"";"CHEMBL4630671";"Leishmania orientalis";"Leishmania orientalis";"ORGANISM";"CHEMBL4609989";"1";"Scientific Literature";"Bioorg Med Chem";"2020";"None";"";"";""
"CHEMBL567070";"";"None";"500.11";"0";"3.66";"11a";"CCn1c(=O)/c(=C/C=C2\Sc3ccccc3N2C)s/c1=C\c1sc2ccccc2[n+]1C.[Cl-]";"Inhibition";"'='";"11.5";"%";"";"";"";"UO_0000187";"";"";"";"";"0";"CHEMBL4610443";"Antileishmanial activity against Leishmania orientalis MHOM/TH/2010/PCM2 promastigote at 0.1 uM incubated for 72 hrs by resazurin dye based colorimetric assay relative to control";"F";"BAO_0000218";"organism-based format";"Leishmania orientalis";"None";"None";"None";"None";"";"";"";"CHEMBL4630671";"Leishmania orientalis";"Leishmania orientalis";"ORGANISM";"CHEMBL4609989";"1";"Scientific Literature";"Bioorg Med Chem";"2020";"None";"";"";""
"CHEMBL267345";"AMPHOTERICIN B";"4.0";"924.09";"3";"0.71";"AM";"C[C@@H]1[C@H](O)[C@@H](C)/C=C/C=C/C=C/C=C/C=C/C=C/C=C/[C@H](O[C@@H]2O[C@H](C)[C@@H](O)[C@H](N)[C@@H]2O)C[C@@H]2O[C@](O)(C[C@@H](O)C[C@@H](O)[C@H](O)CC[C@@H](O)C[C@@H](O)CC(=O)O[C@H]1C)C[C@H](O)[C@H]2C(=O)O";"Inhibition";"'='";"96.2";"%";"";"";"";"UO_0000187";"";"";"";"";"0";"CHEMBL4610443";"Antileishmanial activity against Leishmania orientalis MHOM/TH/2010/PCM2 promastigote at 0.1 uM incubated for 72 hrs by resazurin dye based colorimetric assay relative to control";"F";"BAO_0000218";"organism-based format";"Leishmania orientalis";"None";"None";"None";"None";"";"";"";"CHEMBL4630671";"Leishmania orientalis";"Leishmania orientalis";"ORGANISM";"CHEMBL4609989";"1";"Scientific Literature";"Bioorg Med Chem";"2020";"None";"";"";""
"CHEMBL4632522";"";"None";"584.11";"1";"4.56";"11k";"CCn1c(=O)/c(=C/C=C2\Sc3ccccc3N2C)s/c1=C\c1sc2cc(OC(F)(F)F)ccc2[n+]1C.[Cl-]";"Inhibition";"'='";"60.9";"%";"";"";"";"UO_0000187";"";"";"";"";"0";"CHEMBL4610444";"Antileishmanial activity against Leishmania orientalis MHOM/TH/2010/PCM2 promastigote at 0.25 uM incubated for 72 hrs by resazurin dye based colorimetric assay relative to control";"F";"BAO_0000218";"organism-based format";"Leishmania orientalis";"None";"None";"None";"None";"";"";"";"CHEMBL4630671";"Leishmania orientalis";"Leishmania orientalis";"ORGANISM";"CHEMBL4609989";"1";"Scientific Literature";"Bioorg Med Chem";"2020";"None";"";"";""
"CHEMBL4634435";"";"None";"518.10";"0";"3.80";"11h";"CCn1c(=O)/c(=C/C=C2\Sc3cc(F)ccc3N2C)s/c1=C\c1sc2ccccc2[n+]1C.[Cl-]";"IC50";"'='";"88.0";"nM";"7.06";"";"";"UO_0000065";"";"";"";"";"0";"CHEMBL4610445";"Antileishmanial activity against Leishmania orientalis MHOM/TH/2010/PCM2 promastigote incubated for 72 hrs by resazurin dye based colorimetric assay";"F";"BAO_0000218";"organism-based format";"Leishmania orientalis";"None";"None";"None";"None";"";"";"";"CHEMBL4630671";"Leishmania orientalis";"Leishmania orientalis";"ORGANISM";"CHEMBL4609989";"1";"Scientific Literature";"Bioorg Med Chem";"2020";"None";"";"";""
"CHEMBL4638482";"";"None";"518.10";"0";"3.80";"11b";"CCn1c(=O)/c(=C/C=C2\Sc3ccccc3N2C)s/c1=C\c1sc2cccc(F)c2[n+]1C.[Cl-]";"Inhibition";"'='";"67.5";"%";"";"";"";"UO_0000187";"";"";"";"";"0";"CHEMBL4610443";"Antileishmanial activity against Leishmania orientalis MHOM/TH/2010/PCM2 promastigote at 0.1 uM incubated for 72 hrs by resazurin dye based colorimetric assay relative to control";"F";"BAO_0000218";"organism-based format";"Leishmania orientalis";"None";"None";"None";"None";"";"";"";"CHEMBL4630671";"Leishmania orientalis";"Leishmania orientalis";"ORGANISM";"CHEMBL4609989";"1";"Scientific Literature";"Bioorg Med Chem";"2020";"None";"";"";""
"CHEMBL4638600";"";"None";"518.10";"0";"3.80";"11d";"CCn1c(=O)/c(=C/C=C2\Sc3ccccc3N2C)s/c1=C\c1sc2cc(F)ccc2[n+]1C.[Cl-]";"Inhibition";"'='";"85.7";"%";"";"";"";"UO_0000187";"";"";"";"";"0";"CHEMBL4610443";"Antileishmanial activity against Leishmania orientalis MHOM/TH/2010/PCM2 promastigote at 0.1 uM incubated for 72 hrs by resazurin dye based colorimetric assay relative to control";"F";"BAO_0000218";"organism-based format";"Leishmania orientalis";"None";"None";"None";"None";"";"";"";"CHEMBL4630671";"Leishmania orientalis";"Leishmania orientalis";"ORGANISM";"CHEMBL4609989";"1";"Scientific Literature";"Bioorg Med Chem";"2020";"None";"";"";""
"CHEMBL4634611";"";"None";"536.09";"1";"3.94";"11n";"CCn1c(=O)/c(=C/C=C2\Sc3cc(F)ccc3N2C)s/c1=C\c1sc2cc(F)ccc2[n+]1C.[Cl-]";"Inhibition";"'='";"1.9";"%";"";"";"";"UO_0000187";"";"";"";"";"0";"CHEMBL4610443";"Antileishmanial activity against Leishmania orientalis MHOM/TH/2010/PCM2 promastigote at 0.1 uM incubated for 72 hrs by resazurin dye based colorimetric assay relative to control";"F";"BAO_0000218";"organism-based format";"Leishmania orientalis";"None";"None";"None";"None";"";"";"";"CHEMBL4630671";"Leishmania orientalis";"Leishmania orientalis";"ORGANISM";"CHEMBL4609989";"1";"Scientific Literature";"Bioorg Med Chem";"2020";"None";"";"";""
"CHEMBL125";"MILTEFOSINE";"4.0";"407.58";"1";"5.68";"MF";"CCCCCCCCCCCCCCCCOP(=O)([O-])OCC[N+](C)(C)C";"IC50";"";"";"";"";"";"Not Determined";"";"";"";"";"";"0";"CHEMBL4610445";"Antileishmanial activity against Leishmania orientalis MHOM/TH/2010/PCM2 promastigote incubated for 72 hrs by resazurin dye based colorimetric assay";"F";"BAO_0000218";"organism-based format";"Leishmania orientalis";"None";"None";"None";"None";"";"";"";"CHEMBL4630671";"Leishmania orientalis";"Leishmania orientalis";"ORGANISM";"CHEMBL4609989";"1";"Scientific Literature";"Bioorg Med Chem";"2020";"None";"";"";""
"CHEMBL4638482";"";"None";"518.10";"0";"3.80";"11b";"CCn1c(=O)/c(=C/C=C2\Sc3ccccc3N2C)s/c1=C\c1sc2cccc(F)c2[n+]1C.[Cl-]";"Inhibition";"'='";"58.2";"%";"";"";"";"UO_0000187";"";"";"";"";"0";"CHEMBL4610446";"Antileishmanial activity against Leishmania orientalis MHOM/TH/2010/PCM2 axenic amastigotes at 0.25 uM incubated for 72 hrs by resazurin dye based colorimetric assay relative to control";"F";"BAO_0000218";"organism-based format";"Leishmania orientalis";"None";"None";"None";"None";"";"";"";"CHEMBL4630671";"Leishmania orientalis";"Leishmania orientalis";"ORGANISM";"CHEMBL4609989";"1";"Scientific Literature";"Bioorg Med Chem";"2020";"None";"";"";""
"CHEMBL584818";"";"None";"518.10";"0";"3.80";"11c";"CCn1c(=O)/c(=C/C=C2\Sc3ccccc3N2C)s/c1=C\c1sc2ccc(F)cc2[n+]1C.[Cl-]";"Inhibition";"'='";"86.5";"%";"";"";"";"UO_0000187";"";"";"";"";"0";"CHEMBL4610446";"Antileishmanial activity against Leishmania orientalis MHOM/TH/2010/PCM2 axenic amastigotes at 0.25 uM incubated for 72 hrs by resazurin dye based colorimetric assay relative to control";"F";"BAO_0000218";"organism-based format";"Leishmania orientalis";"None";"None";"None";"None";"";"";"";"CHEMBL4630671";"Leishmania orientalis";"Leishmania orientalis";"ORGANISM";"CHEMBL4609989";"1";"Scientific Literature";"Bioorg Med Chem";"2020";"None";"";"";""
"CHEMBL4637803";"";"None";"518.10";"0";"3.80";"11i";"CCn1c(=O)/c(=C/C=C2\Sc3c(F)cccc3N2C)s/c1=C\c1sc2ccccc2[n+]1C.[Cl-]";"Inhibition";"'='";"47.9";"%";"";"";"";"UO_0000187";"";"";"";"";"0";"CHEMBL4610446";"Antileishmanial activity against Leishmania orientalis MHOM/TH/2010/PCM2 axenic amastigotes at 0.25 uM incubated for 72 hrs by resazurin dye based colorimetric assay relative to control";"F";"BAO_0000218";"organism-based format";"Leishmania orientalis";"None";"None";"None";"None";"";"";"";"CHEMBL4630671";"Leishmania orientalis";"Leishmania orientalis";"ORGANISM";"CHEMBL4609989";"1";"Scientific Literature";"Bioorg Med Chem";"2020";"None";"";"";""
"CHEMBL4633984";"";"None";"568.11";"1";"4.68";"11j";"CCn1c(=O)/c(=C/C=C2\Sc3ccccc3N2C)s/c1=C\c1sc2cc(C(F)(F)F)ccc2[n+]1C.[Cl-]";"Inhibition";"'='";"71.1";"%";"";"";"";"UO_0000187";"";"";"";"";"0";"CHEMBL4610446";"Antileishmanial activity against Leishmania orientalis MHOM/TH/2010/PCM2 axenic amastigotes at 0.25 uM incubated for 72 hrs by resazurin dye based colorimetric assay relative to control";"F";"BAO_0000218";"organism-based format";"Leishmania orientalis";"None";"None";"None";"None";"";"";"";"CHEMBL4630671";"Leishmania orientalis";"Leishmania orientalis";"ORGANISM";"CHEMBL4609989";"1";"Scientific Literature";"Bioorg Med Chem";"2020";"None";"";"";""
"CHEMBL4646044";"";"None";"536.09";"1";"3.94";"11m";"CCn1c(=O)/c(=C/C=C2\Sc3ccc(F)cc3N2C)s/c1=C\c1sc2ccc(F)cc2[n+]1C.[Cl-]";"Inhibition";"'='";"87.9";"%";"";"";"";"UO_0000187";"";"";"";"";"0";"CHEMBL4610446";"Antileishmanial activity against Leishmania orientalis MHOM/TH/2010/PCM2 axenic amastigotes at 0.25 uM incubated for 72 hrs by resazurin dye based colorimetric assay relative to control";"F";"BAO_0000218";"organism-based format";"Leishmania orientalis";"None";"None";"None";"None";"";"";"";"CHEMBL4630671";"Leishmania orientalis";"Leishmania orientalis";"ORGANISM";"CHEMBL4609989";"1";"Scientific Literature";"Bioorg Med Chem";"2020";"None";"";"";""
"CHEMBL4647513";"";"None";"586.10";"1";"4.82";"11q";"CCn1c(=O)/c(=C/C=C2\Sc3cc(C(F)(F)F)ccc3N2C)s/c1=C\c1sc2ccc(F)cc2[n+]1C.[Cl-]";"Inhibition";"'='";"68.4";"%";"";"";"";"UO_0000187";"";"";"";"";"0";"CHEMBL4610446";"Antileishmanial activity against Leishmania orientalis MHOM/TH/2010/PCM2 axenic amastigotes at 0.25 uM incubated for 72 hrs by resazurin dye based colorimetric assay relative to control";"F";"BAO_0000218";"organism-based format";"Leishmania orientalis";"None";"None";"None";"None";"";"";"";"CHEMBL4630671";"Leishmania orientalis";"Leishmania orientalis";"ORGANISM";"CHEMBL4609989";"1";"Scientific Literature";"Bioorg Med Chem";"2020";"None";"";"";""
"CHEMBL4642489";"";"None";"536.09";"1";"3.94";"11p";"CCn1c(=O)/c(=C/C=C2\Sc3cc(F)ccc3N2C)s/c1=C\c1sc2ccc(F)cc2[n+]1C.[Cl-]";"IC50";"'='";"85.0";"nM";"7.07";"";"";"UO_0000065";"";"";"";"";"0";"CHEMBL4610447";"Antileishmanial activity against Leishmania orientalis MHOM/TH/2010/PCM2 axenic amastigotes incubated for 72 hrs by resazurin dye based colorimetric assay";"F";"BAO_0000218";"organism-based format";"Leishmania orientalis";"None";"None";"None";"None";"";"";"";"CHEMBL4630671";"Leishmania orientalis";"Leishmania orientalis";"ORGANISM";"CHEMBL4609989";"1";"Scientific Literature";"Bioorg Med Chem";"2020";"None";"";"";""
"CHEMBL125";"MILTEFOSINE";"4.0";"407.58";"1";"5.68";"MF";"CCCCCCCCCCCCCCCCOP(=O)([O-])OCC[N+](C)(C)C";"IC50";"";"";"";"";"";"Not Determined";"";"";"";"";"";"0";"CHEMBL4610447";"Antileishmanial activity against Leishmania orientalis MHOM/TH/2010/PCM2 axenic amastigotes incubated for 72 hrs by resazurin dye based colorimetric assay";"F";"BAO_0000218";"organism-based format";"Leishmania orientalis";"None";"None";"None";"None";"";"";"";"CHEMBL4630671";"Leishmania orientalis";"Leishmania orientalis";"ORGANISM";"CHEMBL4609989";"1";"Scientific Literature";"Bioorg Med Chem";"2020";"None";"";"";""
"CHEMBL4649254";"";"None";"536.09";"1";"3.94";"11o";"CCn1c(=O)/c(=C/C=C2\Sc3ccc(F)cc3N2C)s/c1=C\c1sc2cc(F)ccc2[n+]1C.[Cl-]";"IC50";"";"";"";"";"";"Not Determined";"";"";"";"";"";"0";"CHEMBL4610445";"Antileishmanial activity against Leishmania orientalis MHOM/TH/2010/PCM2 promastigote incubated for 72 hrs by resazurin dye based colorimetric assay";"F";"BAO_0000218";"organism-based format";"Leishmania orientalis";"None";"None";"None";"None";"";"";"";"CHEMBL4630671";"Leishmania orientalis";"Leishmania orientalis";"ORGANISM";"CHEMBL4609989";"1";"Scientific Literature";"Bioorg Med Chem";"2020";"None";"";"";""
