"Molecule ChEMBL ID";"Molecule Name";"Molecule Max Phase";"Molecular Weight";"#RO5 Violations";"AlogP";"Compound Key";"Smiles";"Standard Type";"Standard Relation";"Standard Value";"Standard Units";"pChEMBL Value";"Data Validity Comment";"Comment";"Uo Units";"Ligand Efficiency BEI";"Ligand Efficiency LE";"Ligand Efficiency LLE";"Ligand Efficiency SEI";"Potential Duplicate";"Assay ChEMBL ID";"Assay Description";"Assay Type";"BAO Format ID";"BAO Label";"Assay Organism";"Assay Tissue ChEMBL ID";"Assay Tissue Name";"Assay Cell Type";"Assay Subcellular Fraction";"Assay Parameters";"Assay Variant Accession";"Assay Variant Mutation";"Target ChEMBL ID";"Target Name";"Target Organism";"Target Type";"Document ChEMBL ID";"Source ID";"Source Description";"Document Journal";"Document Year";"Cell ChEMBL ID";"Properties";"Action Type";"Standard Text Value"
"CHEMBL487018";"TILIANINE";"None";"446.41";"0";"0.35";"10";"COc1ccc(-c2cc(=O)c3c(O)cc(O[C@@H]4O[C@H](CO)[C@@H](O)[C@H](O)[C@H]4O)cc3o2)cc1";"IC50";"'>'";"50000.0";"nM";"";"";"";"UO_0000065";"";"";"";"";"0";"CHEMBL4393648";"Antimicrobial activity against Leishmania";"F";"BAO_0000218";"organism-based format";"Leishmania";"None";"None";"None";"None";"";"";"";"CHEMBL2366686";"Leishmania";"Leishmania";"ORGANISM";"CHEMBL4392888";"1";"Scientific Literature";"J Nat Prod";"2019";"None";"";"";""
"CHEMBL1094051";"";"None";"424.52";"0";"3.89";"MMV675997";"N#CCN(CCCCN1CCN(c2ccc(F)cc2)CC1)C(=O)OCc1ccccc1";"Toxicity";"'>'";"30.0";"uM";"";"";"";"UO_0000064";"";"";"";"";"0";"CHEMBL3832792";"AntiLeishmania activity Toxicity on infected PMM (uM)";"F";"BAO_0000218";"organism-based format";"Leishmania";"None";"None";"None";"None";"";"";"";"CHEMBL2366686";"Leishmania";"Leishmania";"ORGANISM";"CHEMBL3832761";"34";"MMV Pathogen Box";"";"";"None";"";"";""
"CHEMBL267345";"AMPHOTERICIN B";"4.0";"924.09";"3";"0.71";"AMB";"C[C@@H]1[C@H](O)[C@@H](C)/C=C/C=C/C=C/C=C/C=C/C=C/C=C/[C@H](O[C@@H]2O[C@H](C)[C@@H](O)[C@H](N)[C@@H]2O)C[C@@H]2O[C@](O)(C[C@@H](O)C[C@@H](O)[C@H](O)CC[C@@H](O)C[C@@H](O)CC(=O)O[C@H]1C)C[C@H](O)[C@H]2C(=O)O";"Activity";"'='";"93.3";"%";"";"";"";"UO_0000187";"";"";"";"";"0";"CHEMBL4008448";"Antileishmanial activity against Leishmania in visceral leishmaniasis patient assessed as cure incidents at 10 to 15 mg/kg, iv administered as single dose as lipid formulations relative to control";"F";"BAO_0000218";"organism-based format";"Leishmania";"None";"None";"None";"None";"";"";"";"CHEMBL2366686";"Leishmania";"Leishmania";"ORGANISM";"CHEMBL4007407";"1";"Scientific Literature";"Bioorg Med Chem";"2017";"None";"";"";""
"CHEMBL4540001";"";"None";"463.53";"0";"0.91";"2";"C=C[C@]1(C)C[C@H](OC(=O)C(=C)CO)[C@@H]2[C@H](OC(=O)[C@H]2CN2CCC[C@H]2C(=O)O)[C@H]1C(=C)CO";"IC50";"'>'";"50000.0";"nM";"";"";"";"UO_0000065";"";"";"";"";"0";"CHEMBL4393648";"Antimicrobial activity against Leishmania";"F";"BAO_0000218";"organism-based format";"Leishmania";"None";"None";"None";"None";"";"";"";"CHEMBL2366686";"Leishmania";"Leishmania";"ORGANISM";"CHEMBL4392888";"1";"Scientific Literature";"J Nat Prod";"2019";"None";"";"";""
"CHEMBL55";"PENTAMIDINE";"4.0";"340.43";"0";"2.88";"Pentamidine";"N=C(N)c1ccc(OCCCCCOc2ccc(C(=N)N)cc2)cc1";"Activity";"'='";"90.0";"%";"";"";"";"UO_0000187";"";"";"";"";"0";"CHEMBL4008449";"Antileishmanial activity against Leishmania in mucocutaneous leishmaniasis patient assessed as cure incidents at 4 mg/kg relative to control";"F";"BAO_0000218";"organism-based format";"Leishmania";"None";"None";"None";"None";"";"";"";"CHEMBL2366686";"Leishmania";"Leishmania";"ORGANISM";"CHEMBL4007407";"1";"Scientific Literature";"Bioorg Med Chem";"2017";"None";"";"";""
"CHEMBL4470963";"";"None";"465.54";"0";"0.99";"1";"C=C[C@]1(C)C[C@H](OC(=O)[C@@H](C)CO)[C@@H]2[C@H](OC(=O)[C@H]2CN2CCC[C@H]2C(=O)O)[C@H]1C(=C)CO";"IC50";"'>'";"50000.0";"nM";"";"";"";"UO_0000065";"";"";"";"";"0";"CHEMBL4393648";"Antimicrobial activity against Leishmania";"F";"BAO_0000218";"organism-based format";"Leishmania";"None";"None";"None";"None";"";"";"";"CHEMBL2366686";"Leishmania";"Leishmania";"ORGANISM";"CHEMBL4392888";"1";"Scientific Literature";"J Nat Prod";"2019";"None";"";"";""
"CHEMBL4460139";"";"None";"477.55";"0";"1.30";"3";"C=C[C@]1(C)C[C@H](OC(=O)/C(=C/C)CO)[C@@H]2[C@H](OC(=O)[C@H]2CN2CCC[C@H]2C(=O)O)[C@H]1C(=C)CO";"IC50";"'>'";"50000.0";"nM";"";"";"";"UO_0000065";"";"";"";"";"0";"CHEMBL4393648";"Antimicrobial activity against Leishmania";"F";"BAO_0000218";"organism-based format";"Leishmania";"None";"None";"None";"None";"";"";"";"CHEMBL2366686";"Leishmania";"Leishmania";"ORGANISM";"CHEMBL4392888";"1";"Scientific Literature";"J Nat Prod";"2019";"None";"";"";""
"CHEMBL509502";"ACACIIN";"None";"592.55";"3";"-0.80";"12";"COc1ccc(-c2cc(=O)c3c(O)cc(O[C@@H]4O[C@H](CO[C@@H]5O[C@@H](C)[C@H](O)[C@@H](O)[C@H]5O)[C@@H](O)[C@H](O)[C@H]4O)cc3o2)cc1";"IC50";"'>'";"50000.0";"nM";"";"";"";"UO_0000065";"";"";"";"";"0";"CHEMBL4393648";"Antimicrobial activity against Leishmania";"F";"BAO_0000218";"organism-based format";"Leishmania";"None";"None";"None";"None";"";"";"";"CHEMBL2366686";"Leishmania";"Leishmania";"ORGANISM";"CHEMBL4392888";"1";"Scientific Literature";"J Nat Prod";"2019";"None";"";"";""
"CHEMBL1683016";"";"None";"339.83";"0";"4.05";"MMV676159";"Clc1cccc(CO[C@H]2CCc3ccccc3[C@@H]2n2ccnn2)c1";"Activity";"'>'";"30.0";"uM";"";"";"";"UO_0000064";"";"";"";"";"0";"CHEMBL3832792";"AntiLeishmania activity Toxicity on infected PMM (uM)";"F";"BAO_0000218";"organism-based format";"Leishmania";"None";"None";"None";"None";"";"";"";"CHEMBL2366686";"Leishmania";"Leishmania";"ORGANISM";"CHEMBL3832761";"34";"MMV Pathogen Box";"";"";"None";"";"";""
"CHEMBL1094051";"";"None";"424.52";"0";"3.89";"MMV675997";"N#CCN(CCCCN1CCN(c2ccc(F)cc2)CC1)C(=O)OCc1ccccc1";"Activity";"'>'";"30.0";"uM";"";"";"";"UO_0000064";"";"";"";"";"0";"CHEMBL3832792";"AntiLeishmania activity Toxicity on infected PMM (uM)";"F";"BAO_0000218";"organism-based format";"Leishmania";"None";"None";"None";"None";"";"";"";"CHEMBL2366686";"Leishmania";"Leishmania";"ORGANISM";"CHEMBL3832761";"34";"MMV Pathogen Box";"";"";"None";"";"";""
"CHEMBL511692";"";"None";"344.34";"0";"4.21";"MMV659010";"FC(F)(F)c1cc(NCCc2ccccc2)nc(-c2ccccn2)n1";"Activity";"'='";"30.0";"uM";"";"";"";"UO_0000064";"";"";"";"";"0";"CHEMBL3832792";"AntiLeishmania activity Toxicity on infected PMM (uM)";"F";"BAO_0000218";"organism-based format";"Leishmania";"None";"None";"None";"None";"";"";"";"CHEMBL2366686";"Leishmania";"Leishmania";"ORGANISM";"CHEMBL3832761";"34";"MMV Pathogen Box";"";"";"None";"";"";""
"CHEMBL472854";"";"None";"402.91";"0";"3.56";"MMV658993";"Cc1nc(-c2ccccn2)nc(NCCc2ccc(S(C)(=O)=O)cc2)c1Cl";"Activity";"'='";"30.0";"uM";"";"";"";"UO_0000064";"";"";"";"";"0";"CHEMBL3832792";"AntiLeishmania activity Toxicity on infected PMM (uM)";"F";"BAO_0000218";"organism-based format";"Leishmania";"None";"None";"None";"None";"";"";"";"CHEMBL2366686";"Leishmania";"Leishmania";"ORGANISM";"CHEMBL3832761";"34";"MMV Pathogen Box";"";"";"None";"";"";""
"CHEMBL2172401";"";"None";"724.81";"2";"7.62";"157";"O=c1cc(-c2ccc(OCCOCCN(CCOCCOc3ccc(-c4cc(=O)c5ccccc5o4)cc3)Cc3ccncc3)cc2)oc2ccccc12";"IC50";"'='";"130.0";"nM";"6.89";"";"";"UO_0000065";"";"";"";"";"0";"CHEMBL3367273";"Leishmanicidal activity against Leishmania";"F";"BAO_0000218";"organism-based format";"Leishmania";"None";"None";"None";"None";"";"";"";"CHEMBL2366686";"Leishmania";"Leishmania";"ORGANISM";"CHEMBL3351502";"1";"Scientific Literature";"Eur J Med Chem";"2014";"None";"";"";""
"CHEMBL388452";"ARCTIIN";"None";"534.56";"2";"0.47";"14";"COc1ccc(C[C@H]2COC(=O)[C@@H]2Cc2ccc(O[C@@H]3O[C@H](CO)[C@@H](O)[C@H](O)[C@H]3O)c(OC)c2)cc1OC";"IC50";"'>'";"50000.0";"nM";"";"";"";"UO_0000065";"";"";"";"";"0";"CHEMBL4393648";"Antimicrobial activity against Leishmania";"F";"BAO_0000218";"organism-based format";"Leishmania";"None";"None";"None";"None";"";"";"";"CHEMBL2366686";"Leishmania";"Leishmania";"ORGANISM";"CHEMBL4392888";"1";"Scientific Literature";"J Nat Prod";"2019";"None";"";"";""
"CHEMBL394241";"";"None";"420.51";"0";"4.93";"MMV676057";"CC(C)(C)OC(=O)N1CCN(c2cc(-c3ccc(Oc4ccccc4)cc3)n[nH]2)CC1";"Activity";"'='";"20.0";"uM";"";"";"";"UO_0000064";"";"";"";"";"0";"CHEMBL3832792";"AntiLeishmania activity Toxicity on infected PMM (uM)";"F";"BAO_0000218";"organism-based format";"Leishmania";"None";"None";"None";"None";"";"";"";"CHEMBL2366686";"Leishmania";"Leishmania";"ORGANISM";"CHEMBL3832761";"34";"MMV Pathogen Box";"";"";"None";"";"";""
"CHEMBL1236677";"";"None";"504.38";"2";"6.08";"VNI";"O=C(N[C@@H](Cn1ccnc1)c1ccc(Cl)cc1Cl)c1ccc(-c2nnc(-c3ccccc3)o2)cc1";"Activity";"'='";"60.0";"%";"";"";"";"UO_0000187";"";"";"";"";"0";"CHEMBL3631890";"Antiparasitic activity against Leishmania";"F";"BAO_0000218";"organism-based format";"Leishmania";"None";"None";"None";"None";"";"";"";"CHEMBL2366686";"Leishmania";"Leishmania";"ORGANISM";"CHEMBL3627689";"1";"Scientific Literature";"Bioorg Med Chem";"2015";"None";"";"";""
"CHEMBL4590166";"";"None";"610.52";"3";"1.43";"5";"O=C(/C=C/c1ccc(O)c(O)c1)O[C@H]1[C@H](O)[C@@H](O)[C@H](Oc2cc(O)c3c(=O)cc(-c4ccc(O)c(O)c4)oc3c2)O[C@@H]1CO";"IC50";"'>'";"50000.0";"nM";"";"";"";"UO_0000065";"";"";"";"";"0";"CHEMBL4393648";"Antimicrobial activity against Leishmania";"F";"BAO_0000218";"organism-based format";"Leishmania";"None";"None";"None";"None";"";"";"";"CHEMBL2366686";"Leishmania";"Leishmania";"ORGANISM";"CHEMBL4392888";"1";"Scientific Literature";"J Nat Prod";"2019";"None";"";"";""
"CHEMBL464868";"";"None";"460.39";"1";"0.23";"8";"COC(=O)[C@H]1O[C@@H](Oc2cc(O)c3c(=O)cc(-c4ccc(O)cc4)oc3c2)[C@H](O)[C@@H](O)[C@@H]1O";"IC50";"'>'";"50000.0";"nM";"";"";"";"UO_0000065";"";"";"";"";"0";"CHEMBL4393648";"Antimicrobial activity against Leishmania";"F";"BAO_0000218";"organism-based format";"Leishmania";"None";"None";"None";"None";"";"";"";"CHEMBL2366686";"Leishmania";"Leishmania";"ORGANISM";"CHEMBL4392888";"1";"Scientific Literature";"J Nat Prod";"2019";"None";"";"";""
"CHEMBL3629567";"";"None";"547.57";"2";"6.72";"VFV";"O=C(N[C@@H](Cn1ccnc1)c1ccc(-c2ccc(F)cc2)cc1F)c1ccc(-c2nnc(-c3ccccc3)o2)cc1";"Activity";"'='";"89.0";"%";"";"";"";"UO_0000187";"";"";"";"";"0";"CHEMBL3631890";"Antiparasitic activity against Leishmania";"F";"BAO_0000218";"organism-based format";"Leishmania";"None";"None";"None";"None";"";"";"";"CHEMBL2366686";"Leishmania";"Leishmania";"ORGANISM";"CHEMBL3627689";"1";"Scientific Literature";"Bioorg Med Chem";"2015";"None";"";"";""
"CHEMBL474899";"";"None";"364.88";"0";"4.57";"MMV659004";"Cc1nc(-c2ccccn2)nc(N2CCC(Cc3ccccc3)C2)c1Cl";"Activity";"'='";"16.7";"uM";"";"";"";"UO_0000064";"";"";"";"";"0";"CHEMBL3832792";"AntiLeishmania activity Toxicity on infected PMM (uM)";"F";"BAO_0000218";"organism-based format";"Leishmania";"None";"None";"None";"None";"";"";"";"CHEMBL2366686";"Leishmania";"Leishmania";"ORGANISM";"CHEMBL3832761";"34";"MMV Pathogen Box";"";"";"None";"";"";""
"CHEMBL1197563";"";"None";"335.37";"0";"1.51";"MMV675998";"COc1ccc(C(=N)N)cc1-c1cn(-c2ccc(C(=N)N)cc2)nn1";"Activity";"'='";"30.0";"uM";"";"";"";"UO_0000064";"";"";"";"";"0";"CHEMBL3832792";"AntiLeishmania activity Toxicity on infected PMM (uM)";"F";"BAO_0000218";"organism-based format";"Leishmania";"None";"None";"None";"None";"";"";"";"CHEMBL2366686";"Leishmania";"Leishmania";"ORGANISM";"CHEMBL3832761";"34";"MMV Pathogen Box";"";"";"None";"";"";""
"CHEMBL221190";"DIPHYLLIN";"None";"380.35";"0";"3.63";"Diphyllin";"COc1cc2c(O)c3c(c(-c4ccc5c(c4)OCO5)c2cc1OC)C(=O)OC3";"IC50";"'='";"14400.0";"nM";"4.84";"";"";"UO_0000065";"";"";"";"";"0";"CHEMBL3047154";"Antileishmanial activity against Leishmania promastigotes";"F";"BAO_0000218";"organism-based format";"Leishmania";"None";"None";"None";"None";"";"";"";"CHEMBL2366686";"Leishmania";"Leishmania";"ORGANISM";"CHEMBL3044864";"1";"Scientific Literature";"Med Chem Res";"2012";"None";"";"";""
"CHEMBL4452110";"";"None";"474.42";"1";"0.53";"11";"COC(=O)[C@H]1O[C@@H](Oc2cc(O)c3c(=O)cc(-c4ccc(OC)cc4)oc3c2)[C@H](O)[C@@H](O)[C@@H]1O";"IC50";"'>'";"50000.0";"nM";"";"";"";"UO_0000065";"";"";"";"";"0";"CHEMBL4393648";"Antimicrobial activity against Leishmania";"F";"BAO_0000218";"organism-based format";"Leishmania";"None";"None";"None";"None";"";"";"";"CHEMBL2366686";"Leishmania";"Leishmania";"ORGANISM";"CHEMBL4392888";"1";"Scientific Literature";"J Nat Prod";"2019";"None";"";"";""
"CHEMBL394474";"";"None";"335.41";"0";"3.70";"MMV676161";"c1ccc(Oc2ccc(-c3cc(CN4CCOCC4)[nH]n3)cc2)cc1";"Activity";"'='";"30.0";"uM";"";"";"";"UO_0000064";"";"";"";"";"0";"CHEMBL3832792";"AntiLeishmania activity Toxicity on infected PMM (uM)";"F";"BAO_0000218";"organism-based format";"Leishmania";"None";"None";"None";"None";"";"";"";"CHEMBL2366686";"Leishmania";"Leishmania";"ORGANISM";"CHEMBL3832761";"34";"MMV Pathogen Box";"";"";"None";"";"";""
"CHEMBL472881";"";"None";"338.84";"0";"4.18";"MMV658988";"Cc1nc(-c2ccccn2)nc(N(C)CCc2ccccc2)c1Cl";"Activity";"'='";"16.7";"uM";"";"";"";"UO_0000064";"";"";"";"";"0";"CHEMBL3832792";"AntiLeishmania activity Toxicity on infected PMM (uM)";"F";"BAO_0000218";"organism-based format";"Leishmania";"None";"None";"None";"None";"";"";"";"CHEMBL2366686";"Leishmania";"Leishmania";"ORGANISM";"CHEMBL3832761";"34";"MMV Pathogen Box";"";"";"None";"";"";""
"CHEMBL1683021";"";"None";"325.24";"0";"4.89";"MMV676048";"Clc1ccc(Cl)c(CO[C@H]2CCCC[C@@H]2n2ccnc2)c1";"Activity";"'='";"30.0";"uM";"";"";"";"UO_0000064";"";"";"";"";"0";"CHEMBL3832792";"AntiLeishmania activity Toxicity on infected PMM (uM)";"F";"BAO_0000218";"organism-based format";"Leishmania";"None";"None";"None";"None";"";"";"";"CHEMBL2366686";"Leishmania";"Leishmania";"ORGANISM";"CHEMBL3832761";"34";"MMV Pathogen Box";"";"";"None";"";"";""
"CHEMBL487017";"APIGETRIN";"None";"432.38";"1";"0.05";"6";"O=c1cc(-c2ccc(O)cc2)oc2cc(O[C@@H]3O[C@H](CO)[C@@H](O)[C@H](O)[C@H]3O)cc(O)c12";"IC50";"'>'";"50000.0";"nM";"";"";"";"UO_0000065";"";"";"";"";"0";"CHEMBL4393648";"Antimicrobial activity against Leishmania";"F";"BAO_0000218";"organism-based format";"Leishmania";"None";"None";"None";"None";"";"";"";"CHEMBL2366686";"Leishmania";"Leishmania";"ORGANISM";"CHEMBL4392888";"1";"Scientific Literature";"J Nat Prod";"2019";"None";"";"";""
"CHEMBL4550704";"";"None";"416.38";"0";"1.08";"7";"C[C@@H]1O[C@@H](Oc2cc(O)c3c(=O)cc(-c4ccc(O)cc4)oc3c2)[C@H](O)[C@H](O)[C@H]1O";"IC50";"'>'";"50000.0";"nM";"";"";"";"UO_0000065";"";"";"";"";"0";"CHEMBL4393648";"Antimicrobial activity against Leishmania";"F";"BAO_0000218";"organism-based format";"Leishmania";"None";"None";"None";"None";"";"";"";"CHEMBL2366686";"Leishmania";"Leishmania";"ORGANISM";"CHEMBL4392888";"1";"Scientific Literature";"J Nat Prod";"2019";"None";"";"";""
"CHEMBL454778";"ISORHOIFOLIN";"None";"578.52";"3";"-1.10";"9";"C[C@@H]1O[C@@H](OC[C@H]2O[C@@H](Oc3cc(O)c4c(=O)cc(-c5ccc(O)cc5)oc4c3)[C@H](O)[C@@H](O)[C@@H]2O)[C@H](O)[C@H](O)[C@H]1O";"IC50";"'>'";"50000.0";"nM";"";"";"";"UO_0000065";"";"";"";"";"0";"CHEMBL4393648";"Antimicrobial activity against Leishmania";"F";"BAO_0000218";"organism-based format";"Leishmania";"None";"None";"None";"None";"";"";"";"CHEMBL2366686";"Leishmania";"Leishmania";"ORGANISM";"CHEMBL4392888";"1";"Scientific Literature";"J Nat Prod";"2019";"None";"";"";""
"CHEMBL4464806";"";"None";"463.53";"0";"1.20";"4";"C=C(CO)C(=O)O[C@H]1C/C(C)=C/CC/C(CO)=C/[C@H]2OC(=O)[C@@H](CN3CCC[C@H]3C(=O)O)[C@H]12";"IC50";"'>'";"50000.0";"nM";"";"";"";"UO_0000065";"";"";"";"";"0";"CHEMBL4393648";"Antimicrobial activity against Leishmania";"F";"BAO_0000218";"organism-based format";"Leishmania";"None";"None";"None";"None";"";"";"";"CHEMBL2366686";"Leishmania";"Leishmania";"ORGANISM";"CHEMBL4392888";"1";"Scientific Literature";"J Nat Prod";"2019";"None";"";"";""
"CHEMBL250450";"ISOQUERCETIN";"2.0";"464.38";"2";"-0.54";"13";"O=c1c(O[C@@H]2O[C@H](CO)[C@@H](O)[C@H](O)[C@H]2O)c(-c2ccc(O)c(O)c2)oc2cc(O)cc(O)c12";"IC50";"'>'";"50000.0";"nM";"";"";"";"UO_0000065";"";"";"";"";"0";"CHEMBL4393648";"Antimicrobial activity against Leishmania";"F";"BAO_0000218";"organism-based format";"Leishmania";"None";"None";"None";"None";"";"";"";"CHEMBL2366686";"Leishmania";"Leishmania";"ORGANISM";"CHEMBL4392888";"1";"Scientific Literature";"J Nat Prod";"2019";"None";"";"";""
"CHEMBL241634";"";"None";"321.38";"0";"3.71";"MMV045105";"c1ccc(Oc2ccc(-c3cc(N4CCOCC4)[nH]n3)cc2)cc1";"Activity";"'>'";"30.0";"uM";"";"";"";"UO_0000064";"";"";"";"";"0";"CHEMBL3832792";"AntiLeishmania activity Toxicity on infected PMM (uM)";"F";"BAO_0000218";"organism-based format";"Leishmania";"None";"None";"None";"None";"";"";"";"CHEMBL2366686";"Leishmania";"Leishmania";"ORGANISM";"CHEMBL3832761";"34";"MMV Pathogen Box";"";"";"None";"";"";""
"CHEMBL458799";"";"None";"358.35";"0";"4.45";"MMV676162";"O=C(Nc1ccccc1-c1nc2c(C(=O)O)cccc2o1)c1ccccc1";"Activity";"'>'";"30.0";"uM";"";"";"";"UO_0000064";"";"";"";"";"0";"CHEMBL3832792";"AntiLeishmania activity Toxicity on infected PMM (uM)";"F";"BAO_0000218";"organism-based format";"Leishmania";"None";"None";"None";"None";"";"";"";"CHEMBL2366686";"Leishmania";"Leishmania";"ORGANISM";"CHEMBL3832761";"34";"MMV Pathogen Box";"";"";"None";"";"";""
"CHEMBL3637892";"";"None";"469.45";"1";"5.20";"MMV676186";"COC(=O)c1cccc2oc(-c3cccc(OC)c3NC(=O)c3cc(-c4ccccc4)on3)nc12";"Activity";"'>'";"30.0";"uM";"";"";"";"UO_0000064";"";"";"";"";"0";"CHEMBL3832792";"AntiLeishmania activity Toxicity on infected PMM (uM)";"F";"BAO_0000218";"organism-based format";"Leishmania";"None";"None";"None";"None";"";"";"";"CHEMBL2366686";"Leishmania";"Leishmania";"ORGANISM";"CHEMBL3832761";"34";"MMV Pathogen Box";"";"";"None";"";"";""
"CHEMBL519040";"";"None";"441.40";"0";"4.81";"MMV676008";"O=C(Nc1c(O)cccc1-c1nc2c(C(=O)O)cccc2o1)c1cc(-c2ccccc2)on1";"Activity";"'>'";"30.0";"uM";"";"";"";"UO_0000064";"";"";"";"";"0";"CHEMBL3832792";"AntiLeishmania activity Toxicity on infected PMM (uM)";"F";"BAO_0000218";"organism-based format";"Leishmania";"None";"None";"None";"None";"";"";"";"CHEMBL2366686";"Leishmania";"Leishmania";"ORGANISM";"CHEMBL3832761";"34";"MMV Pathogen Box";"";"";"None";"";"";""
"CHEMBL4870124";"";"None";"345.79";"0";"3.43";"Fig 1, Cpd 1";"CCn1nc2cc(N/C(C)=C3/C(=O)C=C(C)OC3=O)ccc2c1Cl";"IC50";"'='";"2480.0";"nM";"5.61";"";"";"UO_0000065";"";"";"";"";"0";"CHEMBL4838436";"Antileishmanial activity against Leishmania";"F";"BAO_0000218";"organism-based format";"Leishmania";"None";"None";"None";"None";"";"";"";"CHEMBL2366686";"Leishmania";"Leishmania";"ORGANISM";"CHEMBL4837217";"1";"Scientific Literature";"Eur J Med Chem";"2021";"None";"";"";""
"CHEMBL5273200";"";"None";"469.36";"1";"6.83";"66";"CC(C)=CCOc1ccc(C(=O)c2ccc(OCC(=O)c3ccc(Cl)c(Cl)c3)cc2)cc1";"IC50";"'='";"1.19";"ug.mL-1";"";"";"";"UO_0000274";"";"";"";"";"0";"CHEMBL5260891";"Antileishmanial activity against Leishmania assessed as reduction in parasite growth";"F";"BAO_0000218";"organism-based format";"Leishmania";"None";"None";"None";"None";"";"";"";"CHEMBL2366686";"Leishmania";"Leishmania";"ORGANISM";"CHEMBL5260792";"1";"Scientific Literature";"Medchemcomm";"2018";"None";"";"";""
